Age,Attrition,BusinessTravel,DailyRate,Department,DistanceFromHome,Education,EducationField,EnvironmentSatisfaction,Gender,HourlyRate,JobInvolvement,JobLevel,JobRole,JobSatisfaction,MaritalStatus,MonthlyIncome,MonthlyRate,NumCompaniesWorked,OverTime,PercentSalaryHike,PerformanceRating,RelationshipSatisfaction,StockOptionLevel,TotalWorkingYears,TrainingTimesLastYear,WorkLifeBalance,YearsAtCompany,YearsInCurrentRole,YearsSinceLastPromotion,YearsWithCurrManager,PromotionGapRatio,RoleStagnationIndex,TrainingIntensityScore,ManagerStabilityIndicator,CareerGrowthScore,PromotionDelayCategory,TrainingNeedIndicator,CareerStage,HighPromotionGap,CareerCluster,PC1,PC2,HC_Cluster,CareerClusterName
41,1,Travel_Rarely,1102,Sales,1,2,Life Sciences,2,Female,94,3,2,Sales Executive,4,Single,5993,19479,8,Yes,11,3,1,0,8,0,1,6,4,0,5,0.0,0.6666666666666666,0.0,0.8333333333333334,8.1,Recent,1,Mid,0,0,0.3060184778205913,-0.3419868369714439,2,Fast-track Performers
49,0,Travel_Frequently,279,Research & Development,8,1,Life Sciences,3,Male,61,2,2,Research Scientist,2,Married,5130,24907,1,No,23,4,4,1,10,3,3,10,7,1,7,0.1,0.7,0.3,0.7,12.3,Recent,0,Senior,0,1,0.6752297635784712,1.0708656521493807,1,Stable Contributors
37,1,Travel_Rarely,1373,Research & Development,2,2,Other,4,Male,92,2,1,Laboratory Technician,3,Single,2090,2396,6,Yes,15,3,2,0,7,3,3,0,0,0,0,0.0,0.0,0.0,0.0,9.5,Recent,0,Early,0,0,-2.589609608753977,-0.02419538415315786,2,Fast-track Performers
33,0,Travel_Frequently,1392,Research & Development,3,4,Life Sciences,4,Female,56,3,1,Research Scientist,3,Married,2909,23159,1,Yes,11,3,3,0,8,3,3,8,7,3,0,0.375,0.875,0.375,0.0,6.1,Moderate,0,Senior,0,0,0.040034066359229514,-0.9757995114234892,2,Fast-track Performers
27,0,Travel_Rarely,591,Research & Development,2,1,Medical,1,Male,40,3,1,Laboratory Technician,2,Married,3468,16632,9,No,12,3,4,1,6,3,3,2,2,2,2,1.0,1.0,1.5,1.0,7.199999999999999,Moderate,0,Early,0,0,-0.07696236899058649,-2.695772315592183,1,Fast-track Performers
32,0,Travel_Frequently,1005,Research & Development,2,2,Life Sciences,4,Male,79,3,1,Laboratory Technician,4,Single,3068,11864,0,No,13,3,3,0,8,2,2,7,7,3,6,0.4285714285714285,1.0,0.2857142857142857,0.8571428571428571,5.300000000000001,Moderate,0,Senior,0,1,1.5068703502921297,-1.5534414720643346,1,Stable Contributors
59,0,Travel_Rarely,1324,Research & Development,3,3,Medical,3,Female,81,4,1,Laboratory Technician,1,Married,2670,9964,4,Yes,20,4,1,3,12,3,2,1,0,0,0,0.0,0.0,3.0,0.0,11.0,Recent,0,Early,0,0,-3.6015107387371468,0.11061906949728206,2,Fast-track Performers
30,0,Travel_Rarely,1358,Research & Development,24,1,Life Sciences,4,Male,67,3,1,Laboratory Technician,3,Divorced,2693,13335,1,No,22,4,2,1,1,2,3,1,0,0,0,0.0,0.0,2.0,0.0,10.2,Recent,0,Early,0,0,-3.163564399913984,-0.11992869200005363,2,Fast-track Performers
38,0,Travel_Frequently,216,Research & Development,23,3,Life Sciences,4,Male,44,2,3,Manufacturing Director,3,Single,9526,8787,0,No,21,4,2,0,10,2,3,9,7,1,8,0.1111111111111111,0.7777777777777778,0.2222222222222222,0.8888888888888888,13.1,Recent,0,Senior,0,1,1.1295866033468853,1.2955487819768359,1,Stable Contributors
36,0,Travel_Rarely,1299,Research & Development,27,3,Medical,3,Male,94,3,2,Healthcare Representative,3,Married,5237,16577,6,No,13,3,2,2,17,3,2,7,7,7,7,1.0,1.0,0.4285714285714285,1.0,4.300000000000001,Critical,0,Senior,1,1,2.722663753780792,-2.1115674904533037,1,Stable Contributors
35,0,Travel_Rarely,809,Research & Development,16,3,Medical,1,Male,84,4,1,Laboratory Technician,2,Married,2426,16479,0,No,13,3,3,1,6,5,3,5,4,0,3,0.0,0.8,1.0,0.6,11.3,Recent,0,Mid,0,0,-1.0856290180806596,0.33513264935908305,2,Fast-track Performers
29,0,Travel_Rarely,153,Research & Development,15,2,Life Sciences,4,Female,49,2,2,Laboratory Technician,3,Single,4193,12682,0,Yes,12,3,4,0,10,3,3,9,5,0,8,0.0,0.5555555555555556,0.3333333333333333,0.8888888888888888,11.2,Recent,0,Senior,0,1,0.41205605326336137,0.98768442720109,1,Stable Contributors
31,0,Travel_Rarely,670,Research & Development,26,1,Life Sciences,1,Male,31,3,1,Research Scientist,3,Divorced,2911,15170,1,No,17,3,4,1,5,1,2,5,2,4,3,0.8,0.4,0.2,0.6,3.7,Delayed,1,Mid,0,0,0.44334561361836156,-2.5088108555530217,1,Fast-track Performers
34,0,Travel_Rarely,1346,Research & Development,19,2,Medical,2,Male,93,3,1,Laboratory Technician,4,Divorced,2661,8758,0,No,11,3,3,1,3,2,3,2,2,1,2,0.5,1.0,1.0,1.0,7.1,Recent,0,Early,0,0,-0.2930007409219053,-2.121693239917655,2,Fast-track Performers
28,1,Travel_Rarely,103,Research & Development,24,3,Life Sciences,3,Male,50,2,1,Laboratory Technician,3,Single,2028,12947,5,Yes,14,3,2,0,6,4,3,4,2,0,3,0.0,0.5,1.0,0.75,10.4,Recent,0,Mid,0,0,-1.3573222839953618,0.0018059330671487126,2,Fast-track Performers
29,0,Travel_Rarely,1389,Research & Development,21,4,Life Sciences,2,Female,51,4,3,Manufacturing Director,1,Divorced,9980,10195,1,No,11,3,3,1,10,1,3,10,9,8,8,0.8,0.9,0.1,0.8,3.1,Critical,1,Senior,1,1,3.5401524015341126,-1.4779503693401483,1,Stable Contributors
32,0,Travel_Rarely,334,Research & Development,5,2,Life Sciences,1,Male,80,4,1,Research Scientist,2,Divorced,3298,15053,0,Yes,12,3,4,2,7,5,2,6,2,0,5,0.0,0.3333333333333333,0.8333333333333334,0.8333333333333334,11.2,Recent,0,Mid,0,0,-1.1198094509951064,0.5610902046351218,2,Fast-track Performers
22,0,Non-Travel,1123,Research & Development,16,2,Medical,4,Male,96,4,1,Laboratory Technician,4,Divorced,2935,7324,1,Yes,13,3,2,2,1,2,2,1,0,0,0,0.0,0.0,2.0,0.0,8.3,Recent,0,Early,0,0,-3.026897727242225,-0.4009852578291137,2,Fast-track Performers
53,0,Travel_Rarely,1219,Sales,2,4,Life Sciences,1,Female,78,2,4,Manager,4,Married,15427,22021,2,No,16,3,3,0,31,3,3,25,8,3,7,0.12,0.32,0.12,0.28,12.6,Moderate,0,Veteran,0,1,1.8737925363799637,3.1090281069480974,1,Stable Contributors
38,0,Travel_Rarely,371,Research & Development,2,3,Life Sciences,4,Male,45,3,1,Research Scientist,4,Single,3944,4306,5,Yes,11,3,3,0,6,3,3,3,2,1,2,0.3333333333333333,0.6666666666666666,1.0,0.6666666666666666,8.1,Recent,0,Mid,0,0,-0.9206313657245906,-1.1624552891485935,2,Fast-track Performers
24,0,Non-Travel,673,Research & Development,11,2,Other,1,Female,96,4,2,Manufacturing Director,3,Divorced,4011,8232,0,No,18,3,4,1,5,5,2,4,2,1,3,0.25,0.5,1.25,0.75,12.8,Recent,0,Mid,0,0,-1.1971497579229826,0.5348632015860441,2,Fast-track Performers
36,1,Travel_Rarely,1218,Sales,9,4,Life Sciences,3,Male,82,2,1,Sales Representative,1,Single,3407,6986,7,No,23,4,2,0,10,4,3,5,3,0,3,0.0,0.6,0.8,0.6,12.3,Recent,0,Mid,0,0,-1.2855283446724277,0.40794635833038206,2,Fast-track Performers
34,0,Travel_Rarely,419,Research & Development,7,4,Life Sciences,1,Female,53,3,3,Research Director,2,Single,11994,21293,0,No,11,3,3,0,13,4,3,12,6,2,11,0.1666666666666666,0.5,0.3333333333333333,0.9166666666666666,12.1,Moderate,0,Senior,0,1,1.4548245491774576,1.7677813493942716,1,Stable Contributors
21,0,Travel_Rarely,391,Research & Development,15,2,Life Sciences,3,Male,96,3,1,Research Scientist,4,Single,1232,19281,1,No,14,3,4,0,0,6,3,0,0,0,0,0.0,0.0,0.0,0.0,12.4,Recent,0,Early,0,0,-2.971322797098644,0.8802124594379661,2,Fast-track Performers
34,1,Travel_Rarely,699,Research & Development,6,1,Medical,2,Male,83,3,1,Research Scientist,1,Single,2960,17102,2,No,11,3,3,0,8,2,3,4,2,1,3,0.25,0.5,0.5,0.75,7.1,Recent,0,Mid,0,0,-0.5624473228533268,-1.165667022455072,2,Fast-track Performers
53,0,Travel_Rarely,1282,Research & Development,5,3,Other,3,Female,58,3,5,Manager,3,Divorced,19094,10735,4,No,11,3,4,1,26,3,2,14,13,4,8,0.2857142857142857,0.9285714285714286,0.2142857142857142,0.5714285714285714,13.1,Delayed,0,Senior,0,1,2.8157179521002225,2.5310416498176793,1,Stable Contributors
32,1,Travel_Frequently,1125,Research & Development,16,1,Life Sciences,2,Female,72,1,1,Research Scientist,1,Single,3919,4681,1,Yes,22,4,2,0,10,5,3,10,2,6,7,0.6,0.2,0.5,0.7,7.199999999999999,Delayed,0,Senior,1,1,0.6806988327179029,-0.640068402067837,2,Stable Contributors
42,0,Travel_Rarely,691,Sales,8,4,Marketing,3,Male,48,3,2,Sales Executive,2,Married,6825,21173,0,No,11,3,4,1,10,2,3,9,7,4,2,0.4444444444444444,0.7777777777777778,0.2222222222222222,0.2222222222222222,6.1,Delayed,0,Senior,0,1,0.878424384271447,-0.7421986476086795,2,Stable Contributors
44,0,Travel_Rarely,477,Research & Development,7,4,Medical,1,Female,42,2,3,Healthcare Representative,4,Married,10248,2094,3,No,14,3,4,1,24,4,3,22,6,5,17,0.2272727272727272,0.2727272727272727,0.1818181818181818,0.7727272727272727,9.4,Delayed,0,Veteran,1,1,3.165610405892391,2.2186392861072863,1,Stable Contributors
46,0,Travel_Rarely,705,Sales,2,4,Marketing,2,Female,83,3,5,Manager,1,Single,18947,22822,3,No,12,3,4,0,22,2,2,2,2,2,1,1.0,1.0,1.0,0.5,14.2,Moderate,0,Early,0,0,-0.05413184226002622,0.07122937799255812,2,Fast-track Performers
33,0,Travel_Rarely,924,Research & Development,2,3,Medical,3,Male,78,3,1,Laboratory Technician,4,Single,2496,6670,4,No,11,3,4,0,7,3,3,1,1,0,0,0.0,1.0,3.0,0.0,9.1,Recent,0,Early,0,0,-2.669082136929972,-0.7353363319083714,2,Fast-track Performers
44,0,Travel_Rarely,1459,Research & Development,10,4,Other,4,Male,41,3,2,Healthcare Representative,4,Married,6465,19121,2,Yes,13,3,4,0,9,5,4,4,2,1,3,0.25,0.5,1.25,0.75,12.3,Recent,0,Mid,0,0,-1.1611848440619934,0.46090094742050186,2,Fast-track Performers
30,0,Travel_Rarely,125,Research & Development,9,2,Medical,4,Male,83,2,1,Laboratory Technician,3,Single,2206,16117,1,No,13,3,1,0,10,5,3,10,0,1,8,0.1,0.0,0.5,0.8,10.3,Recent,0,Senior,0,0,-0.6434736036734527,0.7600539896137712,2,Fast-track Performers
39,1,Travel_Rarely,895,Sales,5,3,Technical Degree,4,Male,56,3,2,Sales Representative,4,Married,2086,3335,3,No,14,3,3,1,19,6,4,1,0,0,0,0.0,0.0,6.0,0.0,14.4,Recent,0,Early,0,0,-4.796842626535611,1.366821195676723,2,Fast-track Performers
24,1,Travel_Rarely,813,Research & Development,1,3,Medical,2,Male,61,3,1,Research Scientist,4,Married,2293,3020,2,Yes,16,3,1,1,6,2,2,2,0,2,0,1.0,0.0,1.0,0.0,6.6,Moderate,0,Early,0,0,-1.6332650038310605,-2.002886288584776,1,Fast-track Performers
43,0,Travel_Rarely,1273,Research & Development,2,2,Medical,4,Female,72,4,1,Research Scientist,3,Divorced,2645,21923,1,No,12,3,4,2,6,3,2,5,3,1,4,0.2,0.6,0.6,0.8,8.2,Recent,0,Mid,0,0,-0.36983758537837164,-0.7121372855347046,2,Fast-track Performers
50,1,Travel_Rarely,869,Sales,3,2,Marketing,1,Male,86,2,1,Sales Representative,3,Married,2683,3810,1,Yes,14,3,3,0,3,2,3,3,2,0,2,0.0,0.6666666666666666,0.6666666666666666,0.6666666666666666,8.4,Recent,0,Mid,0,0,-1.1115322030837722,-0.7627235045920187,2,Fast-track Performers
35,0,Travel_Rarely,890,Sales,2,3,Marketing,4,Female,97,3,1,Sales Representative,4,Married,2014,9687,1,No,13,3,1,0,2,3,3,2,2,2,2,1.0,1.0,1.5,1.0,7.300000000000001,Moderate,0,Early,0,0,-0.08415535176278446,-2.6809798647590743,1,Fast-track Performers
36,0,Travel_Rarely,852,Research & Development,5,4,Life Sciences,2,Female,82,2,1,Research Scientist,1,Married,3419,13072,9,Yes,14,3,4,1,6,3,4,1,1,0,0,0.0,1.0,3.0,0.0,9.4,Recent,0,Early,0,0,-2.6906610852465658,-0.690958979409046,2,Fast-track Performers
33,0,Travel_Frequently,1141,Sales,1,3,Life Sciences,3,Female,42,4,2,Sales Executive,1,Married,5376,3193,2,No,19,3,1,2,10,3,3,5,3,1,3,0.2,0.6,0.6,0.6,10.9,Recent,0,Mid,0,0,-0.6237054220560811,0.150501417896763,2,Fast-track Performers
35,0,Travel_Rarely,464,Research & Development,4,2,Other,3,Male,75,3,1,Laboratory Technician,4,Divorced,1951,10910,1,No,12,3,3,1,1,3,3,1,0,0,0,0.0,0.0,3.0,0.0,9.2,Recent,0,Early,0,0,-3.472037048837586,-0.15564504549866987,2,Fast-track Performers
27,0,Travel_Rarely,1240,Research & Development,2,4,Life Sciences,4,Female,33,3,1,Laboratory Technician,1,Divorced,2341,19715,1,No,13,3,4,1,1,6,3,1,0,0,0,0.0,0.0,6.0,0.0,12.3,Recent,0,Early,0,0,-4.83622694471246,0.6395453948250962,2,Fast-track Performers
26,1,Travel_Rarely,1357,Research & Development,25,3,Life Sciences,1,Male,48,1,1,Laboratory Technician,3,Single,2293,10558,1,No,12,3,3,0,1,2,2,1,0,0,1,0.0,0.0,2.0,1.0,8.2,Recent,0,Early,0,0,-2.224628443010844,-0.8723231771286362,2,Fast-track Performers
27,0,Travel_Frequently,994,Sales,8,3,Life Sciences,4,Male,37,3,3,Sales Executive,3,Single,8726,2975,1,No,15,3,4,0,9,0,3,9,8,1,7,0.1111111111111111,0.8888888888888888,0.0,0.7777777777777778,9.5,Recent,1,Senior,0,1,1.5757128930346425,0.43783128106740143,1,Stable Contributors
30,0,Travel_Frequently,721,Research & Development,1,2,Medical,3,Female,58,3,2,Laboratory Technician,4,Single,4011,10781,1,No,23,4,4,0,12,2,3,12,8,3,7,0.25,0.6666666666666666,0.1666666666666666,0.5833333333333334,9.3,Moderate,0,Senior,0,1,1.4668797486437393,0.41024616390994734,1,Stable Contributors
41,1,Travel_Rarely,1360,Research & Development,12,3,Technical Degree,2,Female,49,3,5,Research Director,3,Married,19545,16280,1,No,12,3,4,0,23,0,3,22,15,15,8,0.6818181818181818,0.6818181818181818,0.0,0.3636363636363636,-0.8000000000000007,Critical,1,Veteran,1,1,6.0555529904167145,-0.2731633596141146,1,Stable Contributors
34,0,Non-Travel,1065,Sales,23,4,Marketing,2,Male,72,3,2,Sales Executive,3,Single,4568,10034,0,No,20,4,3,0,10,2,3,9,5,8,7,0.8888888888888888,0.5555555555555556,0.2222222222222222,0.7777777777777778,4.0,Critical,0,Senior,1,1,2.3619979048055164,-1.8083117431577358,1,Stable Contributors
37,0,Travel_Rarely,408,Research & Development,19,2,Life Sciences,2,Male,73,3,1,Research Scientist,2,Married,3022,10227,4,No,21,4,1,0,8,1,3,1,0,0,0,0.0,0.0,1.0,0.0,9.1,Recent,1,Early,0,0,-2.7040391127742276,-0.39485380599671455,2,Fast-track Performers
46,0,Travel_Frequently,1211,Sales,5,4,Marketing,1,Male,98,3,2,Sales Executive,4,Single,5772,20445,4,Yes,21,4,3,0,14,4,3,9,6,0,8,0.0,0.6666666666666666,0.4444444444444444,0.8888888888888888,14.1,Recent,0,Senior,0,1,0.2994968346705196,1.5504209096214545,1,Stable Contributors
35,0,Travel_Rarely,1229,Research & Development,8,1,Life Sciences,4,Male,36,4,1,Laboratory Technician,4,Married,2269,4892,1,No,19,3,4,0,1,2,3,1,0,0,1,0.0,0.0,2.0,1.0,8.9,Recent,0,Early,0,0,-2.274979322416229,-0.7687760212968769,2,Fast-track Performers
48,1,Travel_Rarely,626,Research & Development,1,2,Life Sciences,1,Male,98,2,3,Laboratory Technician,3,Single,5381,19294,9,Yes,13,3,4,0,23,2,3,1,0,0,0,0.0,0.0,2.0,0.0,12.3,Recent,0,Early,0,0,-2.9337431253441313,1.0239814422079232,2,Fast-track Performers
28,1,Travel_Rarely,1434,Research & Development,5,4,Technical Degree,3,Male,50,3,1,Laboratory Technician,3,Single,3441,11179,1,Yes,13,3,3,0,2,3,2,2,2,2,2,1.0,1.0,1.5,1.0,7.300000000000001,Moderate,0,Early,0,0,-0.08415535176278446,-2.6809798647590743,1,Fast-track Performers
44,0,Travel_Rarely,1488,Sales,1,5,Marketing,2,Female,75,3,2,Sales Executive,1,Divorced,5454,4009,5,Yes,21,4,3,1,9,2,2,4,3,1,3,0.25,0.75,0.5,0.75,11.1,Recent,0,Mid,0,0,-0.37541851522806646,-0.262120179986956,2,Fast-track Performers
35,0,Non-Travel,1097,Research & Development,11,2,Medical,3,Male,79,2,3,Healthcare Representative,1,Married,9884,8302,2,Yes,13,3,3,1,10,3,3,4,0,2,3,0.5,0.0,0.75,0.75,11.3,Moderate,0,Mid,0,0,-0.9099338545278455,0.2598597428412666,2,Fast-track Performers
26,0,Travel_Rarely,1443,Sales,23,3,Marketing,3,Female,47,2,2,Sales Executive,4,Married,4157,21436,7,Yes,19,3,3,1,5,2,2,2,2,0,0,0.0,1.0,1.0,0.0,10.9,Recent,0,Early,0,0,-1.727107553094983,-0.018063027747854787,2,Fast-track Performers
33,0,Travel_Frequently,515,Research & Development,1,2,Life Sciences,1,Female,98,3,3,Research Director,4,Single,13458,15146,1,Yes,12,3,3,0,15,1,3,15,14,8,12,0.5333333333333333,0.9333333333333332,0.0666666666666666,0.8,3.1999999999999997,Critical,1,Veteran,1,1,4.7390940954573635,-0.3956934238450684,1,Stable Contributors
35,0,Travel_Frequently,853,Sales,18,5,Life Sciences,2,Male,71,3,3,Sales Executive,1,Married,9069,11031,1,No,22,4,4,1,9,3,2,9,8,1,8,0.1111111111111111,0.8888888888888888,0.3333333333333333,0.8888888888888888,14.2,Recent,0,Senior,0,1,1.1465010746536046,1.5920211494012484,1,Stable Contributors
35,0,Travel_Rarely,1142,Research & Development,23,4,Medical,3,Female,30,3,1,Laboratory Technician,1,Married,4014,16002,3,Yes,15,3,3,1,4,3,3,2,2,2,2,1.0,1.0,1.5,1.0,7.5,Moderate,0,Early,0,0,-0.0985413173071801,-2.6513949630928573,1,Fast-track Performers
31,0,Travel_Rarely,655,Research & Development,7,4,Life Sciences,4,Male,48,3,2,Laboratory Technician,4,Divorced,5915,9528,3,No,22,4,4,1,10,3,2,7,7,1,7,0.1428571428571428,1.0,0.4285714285714285,1.0,12.2,Recent,0,Senior,0,1,0.8853209571559106,0.49909837892690884,1,Stable Contributors
37,0,Travel_Rarely,1115,Research & Development,1,4,Life Sciences,1,Male,51,2,2,Manufacturing Director,3,Divorced,5993,2689,1,No,18,3,3,1,7,2,4,7,5,0,7,0.0,0.7142857142857143,0.2857142857142857,1.0,10.8,Recent,0,Senior,0,0,0.4558181111577402,0.45859192226990647,1,Fast-track Performers
32,0,Travel_Rarely,427,Research & Development,1,3,Medical,1,Male,33,3,2,Manufacturing Director,4,Married,6162,10877,1,Yes,22,4,2,1,9,3,3,9,8,7,8,0.7777777777777778,0.8888888888888888,0.3333333333333333,0.8888888888888888,6.199999999999999,Critical,0,Senior,1,1,2.6775230009032343,-1.1920076695542405,1,Stable Contributors
38,0,Travel_Frequently,653,Research & Development,29,5,Life Sciences,4,Female,50,3,2,Laboratory Technician,4,Single,2406,5456,1,No,11,3,4,0,10,2,3,10,3,9,9,0.9,0.3,0.2,0.9,1.0999999999999996,Critical,0,Senior,1,1,2.6772691882162714,-2.1376530862673144,1,Stable Contributors
50,0,Travel_Rarely,989,Research & Development,7,2,Medical,2,Female,43,2,5,Research Director,3,Divorced,18740,16701,5,Yes,12,3,4,1,29,2,2,27,3,13,8,0.4814814814814814,0.1111111111111111,0.074074074074074,0.2962962962962963,3.1999999999999997,Critical,0,Veteran,1,1,3.780085959056792,1.0573229249594605,1,Stable Contributors
59,0,Travel_Rarely,1435,Sales,25,3,Life Sciences,1,Female,99,3,3,Sales Executive,1,Single,7637,2354,7,No,11,3,4,0,28,3,2,21,16,7,9,0.3333333333333333,0.7619047619047619,0.1428571428571428,0.4285714285714285,6.1,Critical,0,Veteran,1,1,4.042745392087187,1.1998961021076935,1,Stable Contributors
36,0,Travel_Rarely,1223,Research & Development,8,3,Technical Degree,3,Female,59,3,3,Healthcare Representative,3,Divorced,10096,8202,1,No,13,3,2,3,17,2,3,17,14,12,8,0.7058823529411765,0.8235294117647058,0.1176470588235294,0.4705882352941176,0.3000000000000007,Critical,0,Veteran,1,1,4.835351368521435,-0.9734002397551756,1,Stable Contributors
55,0,Travel_Rarely,836,Research & Development,8,3,Medical,4,Female,33,3,4,Manager,3,Divorced,14756,19730,2,Yes,14,3,3,3,21,2,3,5,0,0,2,0.0,0.0,0.4,0.4,14.4,Recent,0,Mid,0,0,-1.621517813989676,1.9389887282112965,2,Fast-track Performers
36,0,Travel_Frequently,1195,Research & Development,11,3,Life Sciences,2,Male,95,2,2,Manufacturing Director,2,Single,6499,22656,1,No,13,3,3,0,6,3,3,6,5,0,3,0.0,0.8333333333333334,0.5,0.5,11.3,Recent,0,Mid,0,0,-0.4859121628927533,0.5890577746021193,2,Fast-track Performers
45,0,Travel_Rarely,1339,Research & Development,7,3,Life Sciences,2,Male,59,3,3,Research Scientist,1,Divorced,9724,18787,2,No,17,3,3,1,25,2,3,1,0,0,0,0.0,0.0,2.0,0.0,12.7,Recent,0,Early,0,0,-2.9625150564329226,1.0831512455403567,2,Fast-track Performers
35,0,Travel_Frequently,664,Research & Development,1,3,Medical,2,Male,79,3,1,Research Scientist,1,Married,2194,5868,4,No,13,3,4,1,5,2,2,3,2,1,2,0.3333333333333333,0.6666666666666666,0.6666666666666666,0.6666666666666666,7.300000000000001,Recent,0,Mid,0,0,-0.6978163028982746,-1.4238480072978346,2,Fast-track Performers
36,1,Travel_Rarely,318,Research & Development,9,3,Medical,4,Male,79,2,1,Research Scientist,3,Married,3388,21777,0,Yes,17,3,1,1,2,0,2,1,0,0,0,0.0,0.0,0.0,0.0,6.7,Recent,1,Early,0,0,-2.1510050495958994,-0.862080780823785,2,Fast-track Performers
59,0,Travel_Frequently,1225,Sales,1,1,Life Sciences,1,Female,57,2,2,Sales Executive,3,Single,5473,24668,7,No,11,3,4,0,20,2,2,4,3,1,3,0.25,0.75,0.5,0.75,9.1,Recent,0,Mid,0,0,-0.23155885978410964,-0.5579691966491247,2,Fast-track Performers
29,0,Travel_Rarely,1328,Research & Development,2,3,Life Sciences,3,Male,76,3,1,Research Scientist,2,Married,2703,4956,0,No,23,4,4,1,6,3,3,5,4,0,4,0.0,0.8,0.6,0.8,11.3,Recent,0,Mid,0,0,-0.59104486896056,-0.00991975385161653,2,Fast-track Performers
31,0,Travel_Rarely,1082,Research & Development,1,4,Medical,3,Male,87,3,1,Research Scientist,2,Single,2501,18775,1,No,17,3,2,0,1,4,3,1,1,1,0,1.0,1.0,4.0,0.0,9.7,Recent,0,Early,0,0,-2.3272802818768565,-1.9360044367685139,2,Fast-track Performers
32,0,Travel_Rarely,548,Research & Development,1,3,Life Sciences,2,Male,66,3,2,Research Scientist,2,Married,6220,7346,1,No,17,3,2,2,10,3,3,10,4,0,9,0.0,0.4,0.3,0.9,11.7,Recent,0,Senior,0,1,0.35244374852645965,1.2119468016682051,2,Stable Contributors
36,0,Travel_Rarely,132,Research & Development,6,3,Life Sciences,2,Female,55,4,1,Laboratory Technician,4,Married,3038,22002,3,No,12,3,2,0,5,3,3,1,0,0,0,0.0,0.0,3.0,0.0,9.2,Recent,0,Early,0,0,-3.472037048837586,-0.15564504549866987,2,Fast-track Performers
31,0,Travel_Rarely,746,Research & Development,8,4,Life Sciences,3,Female,61,3,2,Manufacturing Director,4,Single,4424,20682,1,No,23,4,4,0,11,2,3,11,7,1,8,0.0909090909090909,0.6363636363636364,0.1818181818181818,0.7272727272727273,11.3,Recent,0,Senior,0,1,0.990244148984442,0.914921105932576,1,Stable Contributors
35,0,Travel_Rarely,776,Sales,1,4,Marketing,3,Male,32,2,2,Sales Executive,1,Single,4312,23016,0,No,14,3,2,0,16,2,3,15,13,2,8,0.1333333333333333,0.8666666666666667,0.1333333333333333,0.5333333333333333,8.4,Moderate,0,Veteran,0,1,2.325345205006109,0.8404344885919418,1,Stable Contributors
45,0,Travel_Rarely,193,Research & Development,6,4,Other,4,Male,52,3,3,Research Director,1,Married,13245,15067,4,Yes,14,3,2,0,17,3,4,0,0,0,0,0.0,0.0,0.0,0.0,13.4,Recent,0,Early,0,0,-2.4892620240836854,1.3859788650507705,2,Fast-track Performers
37,0,Travel_Rarely,397,Research & Development,7,4,Medical,1,Male,30,3,3,Research Director,3,Single,13664,25258,4,No,13,3,1,0,16,3,4,5,2,0,2,0.0,0.4,0.6,0.4,13.3,Recent,0,Mid,0,0,-1.3546480166995598,1.3606369315955704,2,Fast-track Performers
46,0,Travel_Rarely,945,Human Resources,5,2,Medical,2,Male,80,3,2,Human Resources,2,Divorced,5021,10425,8,Yes,22,4,4,1,16,2,3,4,2,0,2,0.0,0.5,0.5,0.5,12.2,Recent,0,Mid,0,0,-1.3037550711273986,0.46311619629924256,2,Fast-track Performers
30,0,Travel_Rarely,852,Research & Development,1,1,Life Sciences,4,Male,55,2,2,Laboratory Technician,4,Married,5126,15998,1,Yes,12,3,3,2,10,1,2,10,8,3,0,0.3,0.8,0.1,0.0,6.199999999999999,Moderate,1,Senior,0,0,0.5698204921170712,-0.5489308244698233,2,Fast-track Performers
35,0,Travel_Rarely,1214,Research & Development,1,3,Medical,2,Male,30,2,1,Research Scientist,3,Single,2859,26278,1,No,18,3,1,0,6,3,3,6,4,0,4,0.0,0.6666666666666666,0.5,0.6666666666666666,9.8,Recent,0,Mid,0,0,-0.5685510037348034,-0.025328976261927483,2,Fast-track Performers
55,0,Travel_Rarely,111,Sales,1,2,Life Sciences,1,Male,70,3,3,Sales Executive,4,Married,10239,18092,3,No,14,3,4,1,24,4,3,1,0,1,0,1.0,0.0,4.0,0.0,13.4,Recent,0,Early,0,0,-3.0083086607975855,0.009483746345790986,2,Fast-track Performers
38,0,Non-Travel,573,Research & Development,6,3,Medical,2,Female,79,1,2,Research Scientist,4,Divorced,5329,15717,7,Yes,12,3,4,3,17,3,3,13,11,1,9,0.0769230769230769,0.8461538461538461,0.2307692307692307,0.6923076923076923,10.2,Recent,0,Senior,0,1,1.803399683008054,1.170255885426647,1,Stable Contributors
34,0,Travel_Rarely,1153,Research & Development,1,2,Medical,1,Male,94,3,2,Manufacturing Director,2,Married,4325,17736,1,No,15,3,3,0,5,2,3,5,2,1,3,0.2,0.4,0.4,0.6,9.5,Recent,0,Mid,0,0,-0.650973162115101,-0.13170369312654054,2,Fast-track Performers
56,0,Travel_Rarely,1400,Research & Development,7,3,Life Sciences,4,Male,49,1,3,Manufacturing Director,4,Single,7260,21698,4,No,11,3,1,0,37,3,2,6,4,0,2,0.0,0.6666666666666666,0.5,0.3333333333333333,13.1,Recent,0,Mid,0,0,-0.8798188686042494,1.3551455238652947,2,Fast-track Performers
23,0,Travel_Rarely,541,Sales,2,1,Technical Degree,3,Male,62,3,1,Sales Representative,1,Divorced,2322,9518,3,No,13,3,3,1,3,3,3,0,0,0,0,0.0,0.0,0.0,0.0,9.3,Recent,0,Early,0,0,-2.575223643209581,-0.05378028581937461,2,Fast-track Performers
51,0,Travel_Rarely,432,Research & Development,9,4,Life Sciences,4,Male,96,3,1,Laboratory Technician,4,Married,2075,18725,3,No,23,4,2,2,10,4,3,4,2,0,3,0.0,0.5,1.0,0.75,12.3,Recent,0,Mid,0,0,-1.493988956667121,0.28286249889620907,2,Fast-track Performers
30,0,Travel_Rarely,288,Research & Development,2,3,Life Sciences,3,Male,99,2,2,Healthcare Representative,4,Married,4152,15830,1,No,19,3,1,3,11,3,3,11,10,10,8,0.9090909090909092,0.9090909090909092,0.2727272727272727,0.7272727272727273,1.9000000000000004,Critical,0,Senior,1,1,3.7083555992156607,-1.872520973812772,1,Stable Contributors
46,1,Travel_Rarely,669,Sales,9,2,Medical,3,Male,64,2,3,Sales Executive,4,Single,9619,13596,1,No,16,3,4,0,9,3,3,9,8,4,7,0.4444444444444444,0.8888888888888888,0.3333333333333333,0.7777777777777778,9.6,Delayed,0,Senior,0,1,1.8608477147464946,0.32062881353030426,1,Stable Contributors
40,0,Travel_Frequently,530,Research & Development,1,4,Life Sciences,3,Male,78,2,4,Healthcare Representative,2,Married,13503,14115,1,No,22,4,4,1,22,3,2,22,3,11,11,0.5,0.1363636363636363,0.1363636363636363,0.5,6.199999999999999,Critical,0,Veteran,1,1,3.246715690665312,1.0976620284317518,1,Stable Contributors
51,0,Travel_Rarely,632,Sales,21,4,Marketing,3,Male,71,3,2,Sales Executive,4,Single,5441,8423,0,Yes,22,4,4,0,11,2,1,10,7,1,0,0.1,0.7,0.2,0.0,11.2,Recent,0,Senior,0,0,-0.42947269159402895,0.7218621177164056,2,Fast-track Performers
30,0,Travel_Rarely,1334,Sales,4,2,Medical,3,Female,63,2,2,Sales Executive,2,Divorced,5209,19760,1,Yes,12,3,2,3,11,4,2,11,8,2,7,0.1818181818181818,0.7272727272727273,0.3636363636363636,0.6363636363636364,10.2,Moderate,0,Senior,0,1,1.073276514974333,0.8743023321097637,1,Stable Contributors
46,0,Travel_Frequently,638,Research & Development,1,3,Medical,3,Male,40,2,3,Healthcare Representative,1,Married,10673,3142,2,Yes,13,3,3,1,21,5,2,10,9,9,5,0.9,0.9,0.5,0.5,6.300000000000001,Critical,0,Senior,1,1,2.587985319341624,-0.5853777874081549,2,Stable Contributors
32,0,Travel_Rarely,1093,Sales,6,4,Medical,2,Male,87,3,2,Sales Executive,3,Single,5010,24301,1,No,16,3,1,0,12,0,3,11,8,5,7,0.4545454545454545,0.7272727272727273,0.0,0.6363636363636364,3.6,Delayed,1,Senior,1,1,2.430029260550444,-1.228965249677288,1,Stable Contributors
54,0,Travel_Rarely,1217,Research & Development,2,4,Technical Degree,1,Female,60,3,3,Research Director,3,Married,13549,24001,9,No,12,3,1,1,16,5,1,4,3,0,3,0.0,0.75,1.25,0.75,15.2,Recent,0,Mid,0,0,-1.1757801733038082,1.5872354466223437,2,Fast-track Performers
24,0,Travel_Rarely,1353,Sales,3,2,Other,1,Female,33,3,2,Sales Executive,3,Married,4999,17519,0,No,21,4,1,1,4,2,2,3,2,0,2,0.0,0.6666666666666666,0.6666666666666666,0.6666666666666666,12.1,Recent,0,Mid,0,0,-1.1872356092620884,0.20123150958934294,2,Fast-track Performers
28,0,Non-Travel,120,Sales,4,3,Medical,2,Male,43,3,2,Sales Executive,3,Married,4221,8863,1,No,15,3,2,0,5,3,4,5,4,0,4,0.0,0.8,0.6,0.8,11.5,Recent,0,Mid,0,0,-0.4149938781119519,0.43629948117094985,2,Fast-track Performers
58,0,Travel_Rarely,682,Sales,10,4,Medical,4,Male,37,3,4,Sales Executive,3,Single,13872,24409,0,No,13,3,3,0,38,1,2,37,10,1,8,0.027027027027027,0.2702702702702703,0.027027027027027,0.2162162162162162,12.3,Recent,1,Veteran,0,1,2.7754452839279837,3.808555746140488,1,Stable Contributors
44,0,Non-Travel,489,Research & Development,23,3,Medical,2,Male,67,3,2,Laboratory Technician,2,Married,2042,25043,4,No,12,3,3,1,17,3,4,3,2,1,2,0.3333333333333333,0.6666666666666666,1.0,0.6666666666666666,10.2,Recent,0,Mid,0,0,-0.8812470475477415,-0.435179488296967,2,Fast-track Performers
37,1,Travel_Rarely,807,Human Resources,6,4,Human Resources,3,Male,63,3,1,Human Resources,1,Divorced,2073,23648,4,Yes,22,4,4,0,7,3,3,3,2,0,2,0.0,0.6666666666666666,1.0,0.6666666666666666,11.2,Recent,0,Mid,0,0,-1.478206921354045,-0.20548176978060897,2,Fast-track Performers
32,0,Travel_Rarely,827,Research & Development,1,1,Life Sciences,4,Male,71,3,1,Research Scientist,1,Single,2956,15178,1,No,13,3,4,0,1,2,3,1,0,0,0,0.0,0.0,2.0,0.0,8.3,Recent,0,Early,0,0,-3.026897727242225,-0.4009852578291137,2,Fast-track Performers
20,1,Travel_Frequently,871,Research & Development,6,3,Life Sciences,4,Female,66,2,1,Laboratory Technician,4,Single,2926,19783,1,Yes,18,3,2,0,1,5,3,1,0,1,0,1.0,0.0,5.0,0.0,10.8,Recent,0,Early,0,0,-3.5825674981520295,-1.0961804871952594,2,Fast-track Performers
34,0,Travel_Rarely,665,Research & Development,6,4,Other,1,Female,41,3,2,Research Scientist,3,Single,4809,12482,1,No,14,3,3,0,16,3,3,16,13,2,10,0.125,0.8125,0.1875,0.625,9.4,Moderate,0,Veteran,0,1,2.4901353808054125,1.3053593900025129,1,Stable Contributors
37,0,Non-Travel,1040,Research & Development,2,2,Life Sciences,3,Male,100,2,2,Healthcare Representative,4,Divorced,5163,15850,5,No,14,3,4,1,17,2,4,1,0,0,0,0.0,0.0,2.0,0.0,10.4,Recent,0,Early,0,0,-2.9875134090653765,0.32629054302251304,2,Fast-track Performers
59,0,Non-Travel,1420,Human Resources,2,4,Human Resources,3,Female,32,2,5,Manager,4,Married,18844,21922,9,No,21,4,4,1,30,3,3,3,2,2,2,0.6666666666666666,0.6666666666666666,1.0,0.6666666666666666,17.1,Moderate,0,Mid,0,0,-0.47165889995905996,1.336995075714941,2,Fast-track Performers
50,0,Travel_Frequently,1115,Research & Development,1,3,Life Sciences,1,Female,73,3,5,Research Director,2,Married,18172,9755,3,Yes,19,3,1,0,28,1,2,8,3,0,7,0.0,0.375,0.125,0.875,15.9,Recent,1,Senior,0,0,0.2897596036611234,2.5386281962917994,2,Fast-track Performers
25,1,Travel_Rarely,240,Sales,5,3,Marketing,3,Male,46,2,2,Sales Executive,3,Single,5744,26959,1,Yes,11,3,4,0,6,1,3,6,4,0,3,0.0,0.6666666666666666,0.1666666666666666,0.5,9.1,Recent,1,Mid,0,0,-0.3321730777238338,0.01575697792893512,2,Fast-track Performers
25,0,Travel_Rarely,1280,Research & Development,7,1,Medical,4,Male,64,2,1,Research Scientist,4,Married,2889,26897,1,No,11,3,3,2,2,2,3,2,2,2,1,1.0,1.0,1.0,0.5,6.1,Moderate,0,Early,0,0,-0.23324806328401604,-2.793496472914624,1,Fast-track Performers
22,0,Travel_Rarely,534,Research & Development,15,3,Medical,2,Female,59,3,1,Laboratory Technician,4,Single,2871,23785,1,No,15,3,3,0,1,5,3,0,0,0,0,0.0,0.0,0.0,0.0,11.5,Recent,0,Early,0,0,-2.8488803894985537,0.5886048121296639,2,Fast-track Performers
51,0,Travel_Frequently,1456,Research & Development,1,4,Medical,1,Female,30,2,3,Healthcare Representative,1,Single,7484,25796,3,No,20,4,3,0,23,1,2,13,12,12,8,0.9230769230769232,0.9230769230769232,0.0769230769230769,0.6153846153846154,1.0,Critical,1,Senior,1,1,4.678720223184872,-1.7600660949569156,1,Stable Contributors
34,1,Travel_Frequently,658,Research & Development,7,3,Life Sciences,1,Male,66,1,2,Laboratory Technician,3,Single,6074,22887,1,Yes,24,4,4,0,9,3,3,9,7,0,6,0.0,0.7777777777777778,0.3333333333333333,0.6666666666666666,13.4,Recent,0,Senior,0,0,0.2539251507864738,1.276078858501117,1,Fast-track Performers
54,0,Non-Travel,142,Human Resources,26,3,Human Resources,4,Female,30,4,4,Manager,4,Single,17328,13871,2,Yes,12,3,3,0,23,3,3,5,3,4,4,0.8,0.6,0.6,0.8,11.2,Delayed,0,Mid,0,1,0.7310015865243319,0.02825066159251,2,Stable Contributors
24,0,Travel_Rarely,1127,Research & Development,18,1,Life Sciences,2,Male,52,3,1,Laboratory Technician,3,Married,2774,13257,0,No,12,3,3,1,6,2,3,5,3,1,2,0.2,0.6,0.4,0.4,7.199999999999999,Recent,0,Mid,0,0,-0.6758513286497719,-0.9160675015181637,2,Fast-track Performers
34,0,Travel_Rarely,1031,Research & Development,6,4,Life Sciences,3,Female,45,2,2,Research Scientist,2,Divorced,4505,15000,6,No,15,3,3,1,12,3,3,1,0,0,0,0.0,0.0,3.0,0.0,11.5,Recent,0,Early,0,0,-3.4470386962051327,0.6012156570191739,2,Fast-track Performers
37,0,Travel_Rarely,1189,Sales,3,3,Life Sciences,3,Male,87,3,3,Sales Executive,4,Single,7428,14506,2,No,12,3,1,0,12,3,3,5,3,1,3,0.2,0.6,0.6,0.6,12.2,Recent,0,Mid,0,0,-0.5267772417016492,0.759437612083522,2,Fast-track Performers
34,0,Travel_Rarely,1354,Research & Development,5,3,Medical,3,Female,45,2,3,Manager,1,Single,11631,5615,2,No,12,3,4,0,14,6,3,11,10,5,8,0.4545454545454545,0.9090909090909092,0.5454545454545454,0.7272727272727273,11.2,Delayed,0,Senior,1,1,2.0789713878254017,1.2324329807139103,1,Stable Contributors
36,0,Travel_Frequently,1467,Sales,11,2,Technical Degree,2,Female,92,3,3,Sales Executive,4,Married,9738,22952,0,No,14,3,3,1,10,6,3,9,7,2,8,0.2222222222222222,0.7777777777777778,0.6666666666666666,0.8888888888888888,14.4,Moderate,0,Senior,0,1,0.852838102853643,1.90385662778887,1,Stable Contributors
36,0,Travel_Rarely,922,Research & Development,3,2,Life Sciences,1,Female,39,3,1,Laboratory Technician,4,Divorced,2835,2561,5,No,22,4,1,1,7,2,3,1,0,0,0,0.0,0.0,2.0,0.0,10.2,Recent,0,Early,0,0,-3.163564399913984,-0.11992869200005363,2,Fast-track Performers
43,0,Travel_Frequently,394,Sales,26,2,Life Sciences,3,Male,92,3,4,Manager,4,Married,16959,19494,1,Yes,12,3,4,2,25,3,4,25,12,4,12,0.16,0.48,0.12,0.48,11.2,Delayed,0,Veteran,0,1,3.389458001172858,3.0740256519054916,1,Stable Contributors
30,0,Travel_Frequently,1312,Research & Development,23,3,Life Sciences,1,Male,96,1,1,Research Scientist,3,Divorced,2613,22310,1,No,25,4,3,3,10,2,2,10,7,0,9,0.0,0.7,0.2,0.9,10.5,Recent,0,Senior,0,1,0.8843608656010304,0.4256656261827143,1,Stable Contributors
33,0,Non-Travel,750,Sales,22,2,Marketing,3,Male,95,3,2,Sales Executive,2,Married,6146,15480,0,No,13,3,1,1,8,2,4,7,7,0,7,0.0,1.0,0.2857142857142857,1.0,10.3,Recent,0,Senior,0,1,0.9142765586832855,0.306519565783229,1,Stable Contributors
56,1,Travel_Rarely,441,Research & Development,14,4,Life Sciences,2,Female,72,3,1,Research Scientist,2,Married,4963,4510,9,Yes,18,3,1,3,7,2,3,5,4,4,3,0.8,0.8,0.4,0.6,4.800000000000001,Delayed,0,Mid,0,0,0.7424067463131291,-2.3450944004840126,1,Fast-track Performers
51,0,Travel_Rarely,684,Research & Development,6,3,Life Sciences,1,Male,51,3,5,Research Director,3,Single,19537,6462,7,No,13,3,3,0,23,5,3,20,18,15,15,0.75,0.9,0.25,0.75,4.300000000000001,Critical,0,Veteran,1,1,6.785807238625398,1.271284974647022,1,Stable Contributors
31,1,Travel_Rarely,249,Sales,6,4,Life Sciences,2,Male,76,1,2,Sales Executive,3,Married,6172,20739,4,Yes,18,3,2,0,12,3,2,7,7,7,7,1.0,1.0,0.4285714285714285,1.0,4.800000000000001,Critical,0,Senior,1,1,2.686698839919803,-2.037605236287762,1,Stable Contributors
26,0,Travel_Rarely,841,Research & Development,6,3,Other,3,Female,46,2,1,Research Scientist,2,Married,2368,23300,1,No,19,3,3,0,5,3,2,5,4,4,3,0.8,0.8,0.6,0.6,5.9,Delayed,0,Mid,0,0,0.5410389903695888,-2.033155338505065,1,Fast-track Performers
58,1,Travel_Rarely,147,Research & Development,23,4,Medical,4,Female,94,3,3,Healthcare Representative,4,Married,10312,3465,1,No,12,3,4,1,40,3,2,40,10,15,6,0.375,0.25,0.075,0.15,-1.8000000000000007,Critical,0,Veteran,1,1,5.267714615950548,0.5841336299078197,1,Stable Contributors
19,1,Travel_Rarely,528,Sales,22,1,Marketing,4,Male,50,3,1,Sales Representative,3,Single,1675,26820,1,Yes,19,3,4,0,0,2,2,0,0,0,0,0.0,0.0,0.0,0.0,8.9,Recent,0,Early,0,0,-2.48874614947048,-0.2714256789621349,2,Fast-track Performers
22,0,Travel_Rarely,594,Research & Development,2,1,Technical Degree,3,Male,100,3,1,Laboratory Technician,4,Married,2523,19299,0,No,14,3,3,1,3,2,3,2,1,2,1,1.0,0.5,1.0,0.5,6.4,Moderate,0,Early,0,0,-0.7096217627258616,-2.4909624924147202,1,Fast-track Performers
49,0,Travel_Rarely,470,Research & Development,20,4,Medical,3,Female,96,3,2,Manufacturing Director,1,Married,6567,5549,1,No,14,3,3,0,16,2,2,15,11,5,11,0.3333333333333333,0.7333333333333333,0.1333333333333333,0.7333333333333333,5.4,Delayed,0,Veteran,1,1,3.1872030168896557,0.03507724392182407,1,Stable Contributors
43,0,Travel_Frequently,957,Research & Development,28,3,Medical,2,Female,72,4,1,Research Scientist,3,Single,4739,16090,4,No,12,3,4,0,18,2,3,3,2,1,2,0.3333333333333333,0.6666666666666666,0.6666666666666666,0.6666666666666666,7.199999999999999,Recent,0,Mid,0,0,-0.6906233201260766,-1.4386404581309433,2,Fast-track Performers
50,0,Travel_Frequently,809,Sales,12,3,Marketing,3,Female,77,3,3,Sales Executive,4,Single,9208,6645,4,No,11,3,4,0,16,3,3,2,2,2,1,1.0,1.0,1.5,0.5,11.1,Moderate,0,Early,0,0,-0.43107730875584577,-1.0852633922251054,1,Fast-track Performers
31,1,Travel_Rarely,542,Sales,20,3,Life Sciences,2,Female,71,1,2,Sales Executive,3,Married,4559,24788,3,Yes,11,3,3,1,4,2,3,2,2,2,2,1.0,1.0,1.0,1.0,8.1,Moderate,0,Early,0,0,0.26779176210058175,-2.2813477970592544,1,Fast-track Performers
41,0,Travel_Rarely,802,Sales,9,1,Life Sciences,3,Male,96,3,3,Sales Executive,3,Divorced,8189,21196,3,Yes,13,3,3,1,12,2,3,9,7,0,7,0.0,0.7777777777777778,0.2222222222222222,0.7777777777777778,12.3,Recent,0,Senior,0,1,0.8065863908517192,1.375601857064322,1,Stable Contributors
26,0,Travel_Rarely,1355,Human Resources,25,1,Life Sciences,3,Female,61,3,1,Human Resources,3,Married,2942,8916,1,No,23,4,4,1,8,3,3,8,7,5,7,0.625,0.875,0.375,0.875,6.300000000000001,Delayed,0,Senior,1,1,1.818618910221911,-1.435751107671897,1,Stable Contributors
36,0,Travel_Rarely,216,Research & Development,6,2,Medical,2,Male,84,3,2,Manufacturing Director,2,Divorced,4941,2819,6,No,20,4,4,2,7,0,3,3,2,0,1,0.0,0.6666666666666666,0.0,0.3333333333333333,10.0,Recent,1,Mid,0,0,-1.046565168509474,-0.28058510481262094,2,Fast-track Performers
51,1,Travel_Frequently,1150,Research & Development,8,4,Life Sciences,1,Male,53,1,3,Manufacturing Director,4,Single,10650,25150,2,No,15,3,4,0,18,2,3,4,2,0,3,0.0,0.5,0.5,0.75,12.5,Recent,0,Mid,0,0,-0.8507414271272538,0.8518986051434012,2,Fast-track Performers
39,0,Travel_Rarely,1329,Sales,4,4,Life Sciences,4,Female,47,2,2,Sales Executive,3,Married,5902,14590,4,No,14,3,3,1,17,1,4,15,11,5,9,0.3333333333333333,0.7333333333333333,0.0666666666666666,0.6,4.4,Delayed,1,Veteran,1,1,3.019823699498157,-0.3116677203537577,1,Stable Contributors
25,0,Travel_Rarely,959,Sales,28,3,Life Sciences,1,Male,41,2,2,Sales Executive,3,Married,8639,24835,2,No,18,3,4,0,6,3,3,2,2,2,2,1.0,1.0,1.5,1.0,9.8,Moderate,0,Early,0,0,-0.07354296467472674,-1.8945342605750133,1,Fast-track Performers
30,0,Travel_Rarely,1240,Human Resources,9,3,Human Resources,3,Male,48,3,2,Human Resources,4,Married,6347,13982,0,Yes,19,3,4,0,12,2,1,11,9,4,7,0.3636363636363636,0.8181818181818182,0.1818181818181818,0.6363636363636364,6.9,Delayed,0,Senior,0,1,2.016449376517611,-0.26949852123847856,1,Stable Contributors
32,1,Travel_Rarely,1033,Research & Development,9,3,Medical,1,Female,41,3,1,Laboratory Technician,1,Single,4200,10224,7,No,22,4,1,0,10,2,4,5,4,0,4,0.0,0.8,0.4,0.8,10.2,Recent,0,Mid,0,0,-0.3896771130170196,-0.3218588158305643,2,Fast-track Performers
45,0,Travel_Rarely,1316,Research & Development,29,3,Medical,3,Male,83,3,1,Research Scientist,4,Single,3452,9752,5,No,13,3,2,0,9,2,2,6,5,0,3,0.0,0.8333333333333334,0.3333333333333333,0.5,8.3,Recent,0,Mid,0,0,-0.34907125447030013,-0.4221144343948336,2,Fast-track Performers
38,0,Travel_Rarely,364,Research & Development,3,5,Technical Degree,4,Female,32,3,2,Research Scientist,3,Single,4317,2302,3,Yes,20,4,2,0,19,2,3,3,2,2,2,0.6666666666666666,0.6666666666666666,0.6666666666666666,0.6666666666666666,10.0,Moderate,0,Mid,0,0,-0.3669967916632911,-1.1062250449891806,1,Fast-track Performers
30,0,Travel_Rarely,438,Research & Development,18,3,Life Sciences,1,Female,75,3,1,Research Scientist,3,Single,2632,23910,1,No,14,3,3,0,5,4,2,5,4,0,4,0.0,0.8,0.8,0.8,10.4,Recent,0,Mid,0,0,-0.6485529694601435,0.006170291465162347,2,Fast-track Performers
32,0,Travel_Frequently,689,Sales,9,2,Medical,4,Male,35,1,2,Sales Executive,4,Divorced,4668,22812,0,No,17,3,4,3,9,2,4,8,7,0,7,0.0,0.875,0.25,0.875,10.7,Recent,0,Senior,0,1,0.7907186322071983,0.5598100240649371,1,Stable Contributors
30,0,Travel_Rarely,201,Research & Development,5,3,Technical Degree,4,Female,84,3,1,Research Scientist,1,Divorced,3204,10415,5,No,14,3,4,1,8,3,3,3,2,2,2,0.6666666666666666,0.6666666666666666,1.0,0.6666666666666666,7.4,Moderate,0,Mid,0,0,-0.5356873966278843,-1.764409988521976,1,Fast-track Performers
30,0,Travel_Rarely,1427,Research & Development,2,1,Medical,2,Male,35,2,1,Laboratory Technician,4,Single,2720,11162,0,No,13,3,4,0,6,3,3,5,3,1,2,0.2,0.6,0.6,0.4,8.3,Recent,0,Mid,0,0,-0.8772190845933123,-0.604128439539216,2,Fast-track Performers
41,0,Travel_Frequently,857,Research & Development,10,3,Life Sciences,4,Male,91,2,4,Manager,1,Divorced,17181,12888,4,No,13,3,2,1,21,2,2,7,6,7,7,1.0,0.8571428571428571,0.2857142857142857,1.0,7.300000000000001,Critical,0,Senior,1,1,2.780306538361077,-0.9473362038288449,1,Stable Contributors
41,0,Travel_Rarely,933,Research & Development,9,4,Life Sciences,3,Male,94,3,1,Laboratory Technician,1,Married,2238,6961,2,No,21,4,4,1,7,2,3,5,0,1,4,0.2,0.0,0.4,0.8,9.1,Recent,0,Mid,0,0,-1.0629728178362499,-0.5058934204865753,2,Fast-track Performers
19,0,Travel_Rarely,1181,Research & Development,3,1,Medical,2,Female,79,3,1,Laboratory Technician,2,Single,1483,16102,1,No,14,3,4,0,1,3,3,1,0,0,0,0.0,0.0,3.0,0.0,9.4,Recent,0,Early,0,0,-3.4864230143819817,-0.12606014383245284,2,Fast-track Performers
40,0,Travel_Frequently,1395,Research & Development,26,3,Medical,2,Female,54,3,2,Research Scientist,2,Divorced,5605,8504,1,No,11,3,1,1,20,2,3,20,7,2,13,0.1,0.35,0.1,0.65,8.1,Moderate,0,Veteran,0,1,2.269986123849295,1.3464620878253832,1,Stable Contributors
35,0,Travel_Rarely,662,Sales,1,5,Marketing,3,Male,94,3,3,Sales Executive,2,Married,7295,11439,1,No,13,3,1,2,10,3,3,10,8,0,6,0.0,0.8,0.3,0.6,13.3,Recent,0,Senior,0,1,0.6099625069828479,1.8003070167568351,1,Stable Contributors
53,0,Travel_Rarely,1436,Sales,6,2,Marketing,2,Male,34,3,2,Sales Representative,3,Married,2306,16047,2,Yes,20,4,4,1,13,3,1,7,7,4,5,0.5714285714285714,1.0,0.4285714285714285,0.7142857142857143,9.0,Delayed,0,Senior,0,1,1.3277110458395263,-0.6606372466218219,1,Stable Contributors
45,0,Travel_Rarely,194,Research & Development,9,3,Life Sciences,2,Male,60,3,2,Laboratory Technician,2,Divorced,2348,10901,8,No,18,3,3,1,20,2,1,17,9,0,15,0.0,0.5294117647058824,0.1176470588235294,0.8823529411764706,10.8,Recent,0,Veteran,0,1,2.310780378356043,1.7987213816706094,1,Stable Contributors
32,0,Travel_Frequently,967,Sales,8,3,Marketing,2,Female,43,3,3,Sales Executive,4,Single,8998,15589,1,No,14,3,4,0,9,2,3,9,8,3,7,0.3333333333333333,0.8888888888888888,0.2222222222222222,0.7777777777777778,9.4,Moderate,0,Senior,0,1,1.777791078796207,0.33504221798748934,1,Stable Contributors
29,0,Non-Travel,1496,Research & Development,1,1,Technical Degree,4,Male,41,3,2,Manufacturing Director,3,Married,4319,26283,1,No,13,3,1,1,10,1,3,10,7,0,9,0.0,0.7,0.1,0.9,9.3,Recent,1,Senior,0,1,1.251088869310245,0.5109417032292223,1,Stable Contributors
51,0,Travel_Rarely,1169,Research & Development,7,4,Medical,2,Male,34,2,2,Manufacturing Director,3,Married,6132,13983,2,No,17,3,3,0,10,2,3,1,0,0,0,0.0,0.0,2.0,0.0,10.7,Recent,0,Early,0,0,-3.0090923573819697,0.37066789552183815,2,Fast-track Performers
58,0,Travel_Rarely,1145,Research & Development,9,3,Medical,2,Female,75,2,1,Research Scientist,2,Married,3346,11873,4,Yes,20,4,2,1,9,3,2,1,0,0,0,0.0,0.0,3.0,0.0,11.0,Recent,0,Early,0,0,-3.6015107387371468,0.11061906949728206,2,Fast-track Performers
40,0,Travel_Rarely,630,Sales,4,4,Marketing,3,Male,67,2,3,Sales Executive,4,Married,10855,8552,7,No,11,3,1,1,15,2,2,12,11,2,11,0.1666666666666666,0.9166666666666666,0.1666666666666666,0.9166666666666666,10.1,Moderate,0,Senior,0,1,2.621155329505158,1.1500017838382635,1,Stable Contributors
34,0,Travel_Frequently,303,Sales,2,4,Marketing,3,Female,75,3,1,Sales Representative,3,Married,2231,11314,6,No,18,3,4,1,6,3,3,4,3,1,2,0.25,0.75,0.75,0.5,8.8,Recent,0,Mid,0,0,-0.8229522949333821,-0.7998428744274213,2,Fast-track Performers
22,0,Travel_Rarely,1256,Research & Development,19,1,Medical,3,Male,80,3,1,Research Scientist,4,Married,2323,11992,1,No,24,4,1,2,2,6,3,2,2,2,2,1.0,1.0,3.0,1.0,12.4,Moderate,0,Early,0,0,-1.1081595320887097,-1.5205392553063524,2,Fast-track Performers
27,0,Non-Travel,691,Research & Development,9,3,Medical,4,Male,57,3,1,Research Scientist,2,Divorced,2024,5970,6,No,18,3,4,1,6,1,1,2,2,2,2,1.0,1.0,0.5,1.0,5.8,Moderate,1,Early,0,0,0.46184742911607346,-3.1735503718984956,1,Fast-track Performers
28,0,Travel_Rarely,440,Research & Development,21,3,Medical,3,Male,42,3,1,Research Scientist,4,Married,2713,6672,1,No,11,3,3,1,5,2,1,5,2,0,2,0.0,0.4,0.4,0.4,8.1,Recent,0,Mid,0,0,-1.2392418798819151,-0.39106128125352263,2,Fast-track Performers
57,0,Travel_Rarely,334,Research & Development,24,2,Life Sciences,3,Male,83,4,3,Healthcare Representative,4,Divorced,9439,23402,3,Yes,16,3,2,1,12,2,1,5,3,1,4,0.2,0.6,0.4,0.8,11.6,Recent,0,Mid,0,0,-0.11128014139772677,0.4748526066889267,2,Fast-track Performers
27,0,Non-Travel,1450,Research & Development,3,3,Medical,3,Male,79,2,1,Research Scientist,3,Divorced,2566,25326,1,Yes,15,3,4,1,1,2,2,1,1,0,1,0.0,1.0,2.0,1.0,8.5,Recent,0,Early,0,0,-1.4504454621920215,-1.3928446602059037,2,Fast-track Performers
50,0,Travel_Rarely,1452,Research & Development,11,3,Life Sciences,3,Female,53,3,5,Manager,2,Single,19926,17053,3,No,15,3,2,0,21,5,3,5,4,4,4,0.8,0.8,1.0,0.8,15.5,Delayed,0,Mid,0,1,0.6178648371332544,1.305293282947063,2,Stable Contributors
41,0,Travel_Rarely,465,Research & Development,14,3,Life Sciences,1,Male,56,3,1,Research Scientist,3,Divorced,2451,4609,4,No,12,3,1,1,13,2,3,9,8,1,8,0.1111111111111111,0.8888888888888888,0.2222222222222222,0.8888888888888888,7.199999999999999,Recent,0,Senior,0,1,1.3626967312378975,-0.43005383933071695,1,Stable Contributors
30,0,Travel_Rarely,1339,Sales,5,3,Life Sciences,2,Female,41,3,3,Sales Executive,4,Married,9419,8053,2,No,12,3,3,1,12,2,3,10,9,7,4,0.7,0.9,0.2,0.4,5.199999999999999,Critical,0,Senior,1,1,2.387414606834416,-0.8497165545109325,1,Stable Contributors
38,0,Travel_Rarely,702,Sales,1,4,Life Sciences,1,Female,59,2,2,Sales Executive,4,Single,8686,12930,4,No,22,4,3,0,12,2,4,8,3,0,7,0.0,0.375,0.25,0.875,12.2,Recent,0,Senior,0,0,-0.11345357984628643,0.8940966758358321,2,Fast-track Performers
32,0,Travel_Rarely,120,Research & Development,6,5,Life Sciences,3,Male,43,3,1,Research Scientist,3,Single,3038,12430,3,No,20,4,1,0,8,2,3,5,4,1,4,0.2,0.8,0.4,0.8,9.0,Recent,0,Mid,0,0,-0.05492205778743642,-0.8171310851395612,2,Fast-track Performers
27,0,Travel_Rarely,1157,Research & Development,17,3,Technical Degree,3,Male,51,3,1,Research Scientist,2,Married,3058,13364,0,Yes,16,3,4,1,6,3,2,5,2,1,1,0.2,0.4,0.6,0.2,8.6,Recent,0,Mid,0,0,-1.3991067354504305,-0.4390315860037315,2,Fast-track Performers
19,1,Travel_Frequently,602,Sales,1,1,Technical Degree,3,Female,100,1,1,Sales Representative,1,Single,2325,20989,0,No,21,4,1,0,1,5,4,0,0,0,0,0.0,0.0,0.0,0.0,13.1,Recent,0,Early,0,0,-2.9639681138537193,0.8252840254593987,2,Fast-track Performers
36,0,Travel_Frequently,1480,Research & Development,3,2,Medical,4,Male,30,3,1,Laboratory Technician,2,Single,2088,15062,4,No,12,3,3,0,13,3,2,8,7,7,2,0.875,0.875,0.375,0.25,2.1999999999999997,Critical,0,Senior,1,1,1.5184757132751823,-2.4336591485155648,1,Stable Contributors
30,0,Non-Travel,111,Research & Development,9,3,Medical,3,Male,66,3,2,Laboratory Technician,1,Divorced,3072,11012,1,No,11,3,3,2,12,4,3,12,9,6,10,0.5,0.75,0.3333333333333333,0.8333333333333334,6.1,Delayed,0,Senior,1,1,2.7295338080219245,-0.19598376254189087,1,Stable Contributors
45,0,Travel_Rarely,1268,Sales,4,2,Life Sciences,3,Female,30,3,2,Sales Executive,1,Divorced,5006,6319,4,Yes,11,3,1,1,9,3,4,5,4,0,3,0.0,0.8,0.6,0.6,11.1,Recent,0,Mid,0,0,-0.636316205244532,0.4237378754197061,2,Fast-track Performers
56,0,Travel_Rarely,713,Research & Development,8,3,Life Sciences,3,Female,67,3,1,Research Scientist,1,Divorced,4257,13939,4,Yes,18,3,3,1,19,3,3,2,2,2,2,1.0,1.0,1.5,1.0,7.800000000000001,Moderate,0,Early,0,0,-0.12012026562377366,-2.607017610593532,1,Fast-track Performers
33,0,Travel_Rarely,134,Research & Development,2,3,Life Sciences,3,Male,90,3,1,Research Scientist,4,Single,2500,10515,0,No,14,3,1,0,4,2,4,3,1,0,2,0.0,0.3333333333333333,0.6666666666666666,0.6666666666666666,8.4,Recent,0,Mid,0,0,-1.4526712282056367,-0.6068142791167787,2,Fast-track Performers
19,1,Travel_Rarely,303,Research & Development,2,3,Life Sciences,2,Male,47,2,1,Laboratory Technician,4,Single,1102,9241,1,No,22,4,3,0,1,3,2,1,0,1,0,1.0,0.0,3.0,0.0,10.2,Recent,0,Early,0,0,-2.7786046482276814,-1.4093515018588465,2,Fast-track Performers
46,0,Travel_Rarely,526,Sales,1,2,Marketing,2,Female,92,3,3,Sales Executive,1,Divorced,10453,2137,1,No,25,4,3,3,24,2,3,24,13,15,7,0.625,0.5416666666666666,0.0833333333333333,0.2916666666666667,-0.5,Critical,0,Veteran,1,1,5.116147255319286,-0.5987075352984152,1,Stable Contributors
38,0,Travel_Rarely,1380,Research & Development,9,2,Life Sciences,3,Female,75,3,1,Laboratory Technician,4,Single,2288,6319,1,No,12,3,3,0,2,3,3,2,2,2,1,1.0,1.0,1.5,0.5,7.199999999999999,Moderate,0,Early,0,0,-0.5314248934261374,-2.495437641429034,1,Fast-track Performers
31,0,Travel_Rarely,140,Research & Development,12,1,Medical,3,Female,95,3,1,Research Scientist,4,Married,3929,6984,8,Yes,23,4,3,1,7,0,3,4,2,0,2,0.0,0.5,0.0,0.5,8.3,Recent,1,Mid,0,0,-0.9369061171064317,-0.8242411816800596,2,Fast-track Performers
34,0,Travel_Rarely,629,Research & Development,27,2,Medical,4,Female,95,3,1,Research Scientist,2,Single,2311,5711,2,No,15,3,4,0,9,3,3,3,2,1,2,0.3333333333333333,0.6666666666666666,1.0,0.6666666666666666,8.5,Recent,0,Mid,0,0,-0.949403296813382,-1.1032854858161598,2,Fast-track Performers
41,1,Travel_Rarely,1356,Sales,20,2,Marketing,2,Female,70,3,1,Sales Representative,2,Single,3140,21728,1,Yes,22,4,4,0,4,5,2,4,3,0,2,0.0,0.75,1.25,0.5,13.2,Recent,0,Mid,0,0,-1.6969500665695936,0.530347040258992,2,Fast-track Performers
50,0,Travel_Rarely,328,Research & Development,1,3,Medical,3,Male,86,2,1,Laboratory Technician,3,Married,3690,3425,2,No,15,3,4,1,5,2,2,3,2,0,2,0.0,0.6666666666666666,0.6666666666666666,0.6666666666666666,8.5,Recent,0,Mid,0,0,-1.1187251858559701,-0.7479310537589103,2,Fast-track Performers
53,0,Travel_Rarely,1084,Research & Development,13,2,Medical,4,Female,57,4,2,Manufacturing Director,1,Divorced,4450,26250,1,No,11,3,3,2,5,3,3,4,2,1,3,0.25,0.5,0.75,0.75,10.1,Recent,0,Mid,0,0,-0.7261796407753859,-0.1583504330396076,2,Fast-track Performers
33,0,Travel_Rarely,931,Research & Development,14,3,Medical,4,Female,72,3,1,Research Scientist,2,Married,2756,4673,1,No,13,3,4,1,8,5,3,8,7,1,6,0.125,0.875,0.625,0.75,10.3,Recent,0,Senior,0,1,0.3359011184021493,0.3341087226937751,1,Stable Contributors
40,0,Travel_Rarely,989,Research & Development,4,1,Medical,4,Female,46,3,5,Manager,3,Married,19033,6499,1,No,14,3,2,1,21,2,3,20,8,9,9,0.45,0.4,0.1,0.45,7.399999999999999,Critical,0,Veteran,1,1,3.5085451032762505,1.5879460011701587,1,Stable Contributors
55,0,Travel_Rarely,692,Research & Development,14,4,Medical,3,Male,61,4,5,Research Director,2,Single,18722,13339,8,No,11,3,4,0,36,3,3,24,15,2,15,0.0833333333333333,0.625,0.125,0.625,15.1,Moderate,0,Veteran,0,1,3.8264027381496364,4.363195322458277,1,Stable Contributors
34,0,Travel_Frequently,1069,Research & Development,2,1,Life Sciences,4,Male,45,2,2,Manufacturing Director,3,Married,9547,14074,1,No,17,3,3,0,10,2,2,10,9,1,9,0.1,0.9,0.2,0.9,9.7,Recent,0,Senior,0,1,1.6802075927729843,0.5161552828554135,1,Stable Contributors
51,0,Travel_Rarely,313,Research & Development,3,3,Medical,4,Female,98,3,4,Healthcare Representative,2,Single,13734,7192,3,No,18,3,3,0,21,6,3,7,7,1,0,0.1428571428571428,1.0,0.8571428571428571,0.0,17.8,Recent,0,Senior,0,0,-0.9261963166093288,2.7376309086455817,2,Fast-track Performers
52,0,Travel_Rarely,699,Research & Development,1,4,Life Sciences,3,Male,65,2,5,Manager,3,Married,19999,5678,0,No,14,3,1,1,34,5,3,33,18,11,9,0.3333333333333333,0.5454545454545454,0.1515151515151515,0.2727272727272727,8.399999999999999,Critical,0,Veteran,1,1,5.359706961814662,3.4333362584434295,1,Stable Contributors
27,0,Travel_Rarely,894,Research & Development,9,3,Medical,4,Female,99,3,1,Research Scientist,2,Single,2279,11781,1,No,16,3,4,0,7,2,2,7,7,0,3,0.0,1.0,0.2857142857142857,0.4285714285714285,8.6,Recent,0,Senior,0,0,0.0014524317429632477,-0.29227857594983975,1,Fast-track Performers
35,1,Travel_Rarely,556,Research & Development,23,2,Life Sciences,2,Male,50,2,2,Manufacturing Director,3,Married,5916,15497,3,Yes,13,3,1,0,8,1,3,1,0,0,1,0.0,0.0,1.0,1.0,9.3,Recent,1,Early,0,0,-1.7329118204664364,-0.40518003944056163,2,Fast-track Performers
43,0,Non-Travel,1344,Research & Development,7,3,Medical,4,Male,37,4,1,Research Scientist,4,Divorced,2089,5228,4,No,14,3,4,3,7,3,4,5,4,2,2,0.4,0.8,0.6,0.4,7.4,Moderate,0,Mid,0,0,-0.31382853336116856,-1.1291346598038572,2,Fast-track Performers
45,0,Non-Travel,1195,Research & Development,2,2,Medical,1,Male,65,2,4,Manager,4,Married,16792,20462,9,No,23,4,4,1,22,1,3,20,8,11,8,0.55,0.4,0.05,0.4,4.300000000000001,Critical,1,Veteran,1,1,3.770053307595337,0.29725325411017023,1,Stable Contributors
37,0,Travel_Rarely,290,Research & Development,21,3,Life Sciences,2,Male,65,4,1,Research Scientist,1,Married,3564,22977,1,Yes,12,3,1,1,8,3,2,8,7,1,7,0.125,0.875,0.375,0.875,8.2,Recent,0,Senior,0,1,0.882041302085568,-0.2900936441133908,1,Stable Contributors
35,0,Travel_Frequently,138,Research & Development,2,3,Medical,2,Female,37,3,2,Laboratory Technician,2,Single,4425,15986,5,No,11,3,4,0,10,5,3,6,2,1,2,0.1666666666666666,0.3333333333333333,0.8333333333333334,0.3333333333333333,12.1,Recent,0,Mid,0,0,-1.4493685537800898,0.9268373411181504,2,Fast-track Performers
42,0,Non-Travel,926,Research & Development,21,2,Medical,3,Female,36,3,2,Manufacturing Director,3,Divorced,5265,16439,2,No,16,3,2,1,11,5,3,5,3,0,2,0.0,0.6,1.0,0.4,13.6,Recent,0,Mid,0,0,-1.5609393679887313,1.212712852913086,2,Fast-track Performers
38,0,Travel_Rarely,1261,Research & Development,2,4,Life Sciences,4,Male,88,3,2,Manufacturing Director,3,Married,6553,7259,9,No,14,3,2,0,14,3,3,1,0,0,0,0.0,0.0,3.0,0.0,11.4,Recent,0,Early,0,0,-3.439845713432935,0.5864232061860656,2,Fast-track Performers
38,0,Travel_Rarely,1084,Research & Development,29,3,Technical Degree,4,Male,54,3,2,Manufacturing Director,4,Married,6261,4185,3,No,18,3,1,1,9,3,1,7,7,1,7,0.1428571428571428,1.0,0.4285714285714285,1.0,10.8,Recent,0,Senior,0,1,0.9860227159666802,0.29200406726339107,1,Stable Contributors
27,0,Travel_Frequently,472,Research & Development,1,1,Technical Degree,3,Male,60,2,2,Manufacturing Director,1,Married,4298,9679,5,No,19,3,3,1,6,1,3,2,2,2,0,1.0,1.0,0.5,0.0,7.9,Moderate,1,Early,0,0,-0.4076933015781794,-2.0456052227205705,1,Fast-track Performers
49,0,Non-Travel,1002,Research & Development,18,4,Life Sciences,4,Male,92,3,2,Manufacturing Director,4,Divorced,6804,23793,1,Yes,15,3,1,2,7,0,3,7,7,1,7,0.1428571428571428,1.0,0.0,1.0,7.5,Recent,1,Senior,0,1,1.5348065128266832,-0.6517446789553702,1,Stable Contributors
34,0,Travel_Frequently,878,Research & Development,10,4,Medical,4,Male,43,3,1,Research Scientist,3,Divorced,3815,5972,1,Yes,17,3,4,1,5,4,4,5,3,2,0,0.4,0.6,0.8,0.0,8.7,Moderate,0,Mid,0,0,-1.279985215611001,-0.6202829975413435,2,Fast-track Performers
40,0,Travel_Rarely,905,Research & Development,19,2,Medical,3,Male,99,3,2,Laboratory Technician,4,Married,2741,16523,8,Yes,15,3,3,1,15,2,4,7,2,3,7,0.4285714285714285,0.2857142857142857,0.2857142857142857,1.0,7.5,Moderate,0,Senior,0,1,0.693994820954061,-0.633424928523292,2,Stable Contributors
38,1,Travel_Rarely,1180,Research & Development,29,1,Medical,2,Male,70,3,2,Healthcare Representative,1,Married,6673,11354,7,Yes,19,3,2,0,17,2,3,1,0,0,0,0.0,0.0,2.0,0.0,10.9,Recent,0,Early,0,0,-3.0234783229263655,0.40025279718805523,2,Fast-track Performers
29,1,Travel_Rarely,121,Sales,27,3,Marketing,2,Female,35,3,3,Sales Executive,4,Married,7639,24525,1,No,22,4,4,3,10,3,2,10,4,1,9,0.1,0.4,0.3,0.9,14.2,Recent,0,Senior,0,1,0.5468800267816424,1.8161130597130155,1,Stable Contributors
22,0,Travel_Rarely,1136,Research & Development,5,3,Life Sciences,4,Male,60,4,1,Research Scientist,2,Divorced,2328,12392,1,Yes,16,3,1,1,4,2,2,4,2,2,2,0.5,0.5,0.5,0.5,6.6,Moderate,0,Mid,0,0,-0.5298910975548209,-1.5529046155070163,1,Fast-track Performers
36,0,Travel_Frequently,635,Research & Development,18,1,Medical,2,Female,73,3,1,Laboratory Technician,4,Single,2153,7703,1,No,13,3,1,0,8,2,3,8,1,1,7,0.125,0.125,0.25,0.875,7.300000000000001,Recent,0,Senior,0,0,-0.14959538177070875,-0.4073180281380577,2,Fast-track Performers
40,0,Non-Travel,1151,Research & Development,9,5,Life Sciences,4,Male,63,2,2,Healthcare Representative,4,Married,4876,14242,9,No,14,3,4,1,5,5,1,3,2,0,2,0.0,0.6666666666666666,1.6666666666666667,0.6666666666666666,13.4,Recent,0,Mid,0,0,-1.7765579872468606,0.8226927048728737,2,Fast-track Performers
46,0,Travel_Rarely,644,Research & Development,1,4,Medical,4,Male,97,3,3,Healthcare Representative,1,Divorced,9396,12368,7,No,16,3,3,1,17,3,3,4,2,0,3,0.0,0.5,0.75,0.75,13.6,Recent,0,Mid,0,0,-1.0682440287705577,1.161524295373456,2,Fast-track Performers
32,1,Travel_Rarely,1045,Sales,4,4,Medical,4,Male,32,1,3,Sales Executive,4,Married,10400,25812,1,No,11,3,3,0,14,2,2,14,8,9,8,0.6428571428571429,0.5714285714285714,0.1428571428571428,0.5714285714285714,3.1,Critical,0,Senior,1,1,3.249023592156774,-0.6783180490048436,1,Stable Contributors
30,0,Non-Travel,829,Research & Development,1,1,Life Sciences,3,Male,88,2,3,Manufacturing Director,3,Single,8474,20925,1,No,22,4,3,0,12,2,3,11,8,5,8,0.4545454545454545,0.7272727272727273,0.1818181818181818,0.7272727272727273,9.2,Delayed,0,Senior,1,1,2.21935441527137,0.33387758840642556,1,Stable Contributors
27,0,Travel_Frequently,1242,Sales,20,3,Life Sciences,4,Female,90,3,2,Sales Executive,3,Single,9981,12916,1,No,14,3,4,0,7,2,3,7,7,0,7,0.0,1.0,0.2857142857142857,1.0,10.4,Recent,0,Senior,0,1,0.9070835759110877,0.3213120166163374,1,Stable Contributors
51,0,Travel_Rarely,1469,Research & Development,8,4,Life Sciences,2,Male,81,2,3,Research Director,2,Married,12490,15736,5,No,16,3,4,2,16,5,1,10,9,4,7,0.4,0.9,0.5,0.7,11.6,Delayed,0,Senior,0,1,1.651580782212803,1.1192867600017689,1,Stable Contributors
30,1,Travel_Rarely,1005,Research & Development,3,3,Technical Degree,4,Female,88,3,1,Research Scientist,1,Single,2657,8556,5,Yes,11,3,3,0,8,5,3,5,2,0,4,0.0,0.4,1.0,0.8,11.1,Recent,0,Mid,0,0,-1.3215776829532002,0.40716215702161485,2,Fast-track Performers
41,0,Travel_Rarely,896,Sales,6,3,Life Sciences,4,Female,75,3,3,Manager,4,Single,13591,14674,3,Yes,18,3,3,0,16,3,3,1,0,0,0,0.0,0.0,3.0,0.0,13.8,Recent,0,Early,0,0,-3.422040343572679,1.3580763595370178,2,Fast-track Performers
30,1,Travel_Frequently,334,Sales,26,4,Marketing,3,Female,52,2,2,Sales Executive,1,Single,6696,22967,5,No,15,3,3,0,9,5,2,6,3,0,1,0.0,0.5,0.8333333333333334,0.1666666666666666,13.5,Recent,0,Mid,0,0,-1.7768744915900268,1.3823989960469532,2,Fast-track Performers
29,1,Travel_Rarely,992,Research & Development,1,3,Technical Degree,3,Male,85,3,1,Research Scientist,3,Single,2058,19757,0,No,14,3,4,0,7,1,2,6,2,1,5,0.1666666666666666,0.3333333333333333,0.1666666666666666,0.8333333333333334,6.4,Recent,1,Mid,0,0,-0.10169194630034226,-1.024606526197697,2,Fast-track Performers
45,0,Non-Travel,1052,Sales,6,3,Medical,4,Female,57,2,3,Sales Executive,4,Single,8865,16840,6,No,12,3,4,0,23,2,3,19,7,12,8,0.631578947368421,0.3684210526315789,0.1052631578947368,0.4210526315789473,0.1999999999999993,Critical,0,Veteran,1,1,3.7858058282851634,-0.8190049215519307,1,Stable Contributors
54,0,Travel_Rarely,1147,Sales,3,3,Marketing,4,Female,52,3,2,Sales Executive,1,Married,5940,17011,2,No,14,3,4,1,16,4,3,6,2,0,5,0.0,0.3333333333333333,0.6666666666666666,0.8333333333333334,12.4,Recent,0,Mid,0,0,-0.9041999062189552,1.0044695973414228,2,Fast-track Performers
36,0,Travel_Rarely,1396,Research & Development,5,2,Life Sciences,4,Male,62,3,2,Laboratory Technician,2,Single,5914,9945,8,No,16,3,4,0,16,3,4,13,11,3,7,0.2307692307692307,0.8461538461538461,0.2307692307692307,0.5384615384615384,8.6,Moderate,0,Senior,0,1,1.9238109769604765,0.5986306823264671,1,Stable Contributors
33,0,Travel_Rarely,147,Research & Development,4,4,Medical,3,Female,47,2,1,Research Scientist,2,Married,2622,13248,6,No,21,4,4,0,7,3,3,3,2,1,1,0.3333333333333333,0.6666666666666666,1.0,0.3333333333333333,10.1,Recent,0,Mid,0,0,-1.4054156199295538,-0.7516751964243644,2,Fast-track Performers
37,0,Travel_Frequently,663,Research & Development,11,3,Other,2,Male,47,3,3,Research Director,4,Divorced,12185,10056,1,Yes,14,3,3,3,10,1,3,10,8,0,7,0.0,0.8,0.1,0.7,11.4,Recent,1,Senior,0,1,1.1085511905709258,1.2161867195821565,1,Stable Contributors
38,0,Travel_Rarely,119,Sales,3,3,Life Sciences,1,Male,76,3,3,Sales Executive,3,Divorced,10609,9647,0,No,12,3,3,2,17,6,2,16,10,5,13,0.3125,0.625,0.375,0.8125,11.2,Delayed,0,Veteran,1,1,2.796186666850133,2.1014112793000157,1,Stable Contributors
31,0,Non-Travel,979,Research & Development,1,4,Medical,3,Male,90,1,2,Manufacturing Director,3,Married,4345,4381,0,No,12,3,4,1,6,2,3,5,4,1,4,0.2,0.8,0.4,0.8,9.2,Recent,0,Mid,0,0,0.12112893306117169,-0.37091185011699485,2,Fast-track Performers
59,0,Travel_Rarely,142,Research & Development,3,3,Life Sciences,3,Male,70,2,1,Research Scientist,4,Married,2177,8456,3,No,17,3,1,1,7,6,3,1,0,0,0,0.0,0.0,6.0,0.0,12.7,Recent,0,Early,0,0,-4.864998875801252,0.6987151981575297,2,Fast-track Performers
37,0,Travel_Frequently,319,Sales,4,4,Marketing,1,Male,41,3,1,Sales Representative,4,Divorced,2793,2539,4,No,17,3,3,1,13,2,3,9,8,5,8,0.5555555555555556,0.8888888888888888,0.2222222222222222,0.8888888888888888,3.6999999999999993,Delayed,0,Senior,1,1,2.378464635509359,-1.737121897789822,1,Stable Contributors
29,0,Travel_Frequently,1413,Sales,1,1,Medical,2,Female,42,3,3,Sales Executive,4,Married,7918,6599,1,No,14,3,4,1,11,5,3,11,10,4,1,0.3636363636363636,0.9090909090909092,0.4545454545454545,0.0909090909090909,11.4,Delayed,0,Senior,0,1,0.7432276261044448,1.2126647106419772,2,Stable Contributors
35,0,Travel_Frequently,944,Sales,1,3,Marketing,3,Female,92,3,3,Sales Executive,3,Single,8789,9096,1,No,14,3,1,0,10,3,4,10,7,0,8,0.0,0.7,0.3,0.8,13.4,Recent,0,Senior,0,1,0.7846915211268185,1.837130252088636,1,Stable Contributors
29,1,Travel_Rarely,896,Research & Development,18,1,Medical,3,Male,86,2,1,Research Scientist,4,Single,2389,14961,1,Yes,13,3,3,0,4,3,2,4,3,0,1,0.0,0.75,0.75,0.25,9.3,Recent,0,Mid,0,0,-1.4238197920793572,-0.26814672735244394,2,Fast-track Performers
52,0,Travel_Rarely,1323,Research & Development,2,3,Life Sciences,3,Female,89,2,1,Laboratory Technician,4,Single,3212,3300,7,No,15,3,2,0,6,3,2,2,2,2,2,1.0,1.0,1.5,1.0,7.5,Moderate,0,Early,0,0,-0.0985413173071801,-2.6513949630928573,1,Fast-track Performers
42,0,Travel_Rarely,532,Research & Development,4,2,Technical Degree,3,Male,58,3,5,Manager,4,Married,19232,4933,1,No,11,3,4,0,22,3,3,22,17,11,15,0.5,0.7727272727272727,0.1363636363636363,0.6818181818181818,6.100000000000001,Critical,0,Veteran,1,1,6.051144424929134,1.9196397707281807,1,Stable Contributors
59,0,Travel_Rarely,818,Human Resources,6,2,Medical,2,Male,52,3,1,Human Resources,3,Married,2267,25657,8,No,17,3,4,0,7,2,2,2,2,2,2,1.0,1.0,1.0,1.0,6.699999999999999,Moderate,0,Early,0,0,0.17805656451834784,-2.9050764420791224,1,Fast-track Performers
50,0,Travel_Rarely,854,Sales,1,4,Medical,4,Female,68,3,5,Manager,4,Divorced,19517,24118,3,No,11,3,3,1,32,3,2,7,0,0,6,0.0,0.0,0.4285714285714285,0.8571428571428571,17.1,Recent,0,Senior,0,0,-0.7972348596842647,3.004887500816218,2,Fast-track Performers
33,1,Travel_Rarely,813,Research & Development,14,3,Medical,3,Male,58,3,1,Laboratory Technician,4,Married,2436,22149,5,Yes,13,3,3,1,8,2,1,5,4,0,4,0.0,0.8,0.4,0.8,8.3,Recent,0,Mid,0,0,-0.25301044034526077,-0.6029153816596243,2,Fast-track Performers
43,0,Travel_Rarely,1034,Sales,16,3,Marketing,4,Female,80,3,4,Manager,4,Married,16064,7744,5,Yes,22,4,3,1,22,3,3,17,13,1,9,0.0588235294117647,0.7647058823529411,0.1764705882352941,0.5294117647058824,16.2,Recent,0,Veteran,0,1,2.076002745609606,3.3556353538127204,1,Stable Contributors
33,1,Travel_Rarely,465,Research & Development,2,2,Life Sciences,1,Female,39,3,1,Laboratory Technician,1,Married,2707,21509,7,No,20,4,1,0,13,3,4,9,7,1,7,0.1111111111111111,0.7777777777777778,0.3333333333333333,0.7777777777777778,10.0,Recent,0,Senior,0,1,0.6885936833209455,0.15810851506672674,1,Stable Contributors
52,0,Non-Travel,771,Sales,2,4,Life Sciences,1,Male,79,2,5,Manager,3,Single,19068,21030,1,Yes,18,3,4,0,33,2,4,33,7,15,12,0.4545454545454545,0.2121212121212121,0.0606060606060606,0.3636363636363636,1.8000000000000007,Critical,0,Veteran,1,1,5.516113602479967,1.4255061017623945,1,Stable Contributors
32,0,Travel_Rarely,1401,Sales,4,2,Life Sciences,3,Female,56,3,1,Sales Representative,2,Married,3931,20990,2,No,11,3,1,1,6,5,3,4,3,1,2,0.25,0.75,1.25,0.5,10.1,Recent,0,Mid,0,0,-1.193220653270209,-0.31372355146528796,2,Fast-track Performers
32,1,Travel_Rarely,515,Research & Development,1,3,Life Sciences,4,Male,62,2,1,Laboratory Technician,3,Single,3730,9571,0,Yes,14,3,4,0,4,2,1,3,2,1,2,0.3333333333333333,0.6666666666666666,0.6666666666666666,0.6666666666666666,7.4,Recent,0,Mid,0,0,-0.7050092856704724,-1.4090555564647262,2,Fast-track Performers
39,0,Travel_Rarely,1431,Research & Development,1,4,Medical,3,Female,96,3,1,Laboratory Technician,3,Divorced,2232,15417,7,No,14,3,3,3,7,1,3,3,2,1,2,0.3333333333333333,0.6666666666666666,0.3333333333333333,0.6666666666666666,6.4,Recent,1,Mid,0,0,-0.4678082572997605,-1.7000331762801844,2,Fast-track Performers
32,0,Non-Travel,976,Sales,26,4,Marketing,3,Male,100,3,2,Sales Executive,4,Married,4465,12069,0,No,18,3,1,0,4,2,3,3,2,2,2,0.6666666666666666,0.6666666666666666,0.6666666666666666,0.6666666666666666,8.8,Moderate,0,Mid,0,0,-0.280680998396917,-1.2837344549864818,1,Fast-track Performers
41,0,Travel_Rarely,1411,Research & Development,19,2,Life Sciences,3,Male,36,3,2,Research Scientist,1,Divorced,3072,19877,2,No,16,3,1,2,17,2,2,1,0,0,0,0.0,0.0,2.0,0.0,10.6,Recent,0,Early,0,0,-3.001899374609772,0.3558754446887297,2,Fast-track Performers
40,0,Travel_Rarely,1300,Research & Development,24,2,Technical Degree,1,Male,62,3,2,Research Scientist,4,Divorced,3319,24447,1,No,17,3,1,2,9,3,3,9,8,4,7,0.4444444444444444,0.8888888888888888,0.3333333333333333,0.7777777777777778,7.699999999999999,Delayed,0,Senior,0,1,1.8070774310252498,-0.3770620856551057,1,Stable Contributors
45,0,Travel_Rarely,252,Research & Development,1,3,Other,3,Male,70,4,5,Manager,4,Married,19202,15970,0,No,11,3,3,1,25,2,3,24,0,1,7,0.0416666666666666,0.0,0.0833333333333333,0.2916666666666667,15.1,Recent,0,Veteran,0,1,0.47993401413020825,3.6883371401470697,1,Stable Contributors
31,0,Travel_Frequently,1327,Research & Development,3,4,Medical,2,Male,73,3,3,Research Director,3,Divorced,13675,13523,9,No,12,3,1,1,9,3,3,2,2,2,2,1.0,1.0,1.5,1.0,11.2,Moderate,0,Early,0,0,0.016192232907507355,-1.270805615555146,1,Fast-track Performers
33,0,Travel_Rarely,832,Research & Development,5,4,Life Sciences,3,Female,63,2,1,Research Scientist,4,Married,2911,14776,1,No,13,3,3,1,2,2,2,2,2,0,2,0.0,1.0,1.0,1.0,8.3,Recent,0,Early,0,0,-0.8216019085397414,-1.2199704310913213,2,Fast-track Performers
34,0,Travel_Rarely,470,Research & Development,2,4,Life Sciences,4,Male,84,2,2,Manufacturing Director,1,Married,5957,23687,6,No,13,3,2,1,13,3,3,11,9,5,9,0.4545454545454545,0.8181818181818182,0.2727272727272727,0.8181818181818182,6.300000000000001,Delayed,0,Senior,1,1,2.5020724440644653,-0.35536175128750014,1,Stable Contributors
37,0,Travel_Rarely,1017,Research & Development,1,2,Medical,3,Female,83,2,1,Research Scientist,1,Married,3920,18697,2,No,14,3,1,1,17,2,2,3,1,0,2,0.0,0.3333333333333333,0.6666666666666666,0.6666666666666666,8.4,Recent,0,Mid,0,0,-1.4526712282056367,-0.6068142791167787,2,Fast-track Performers
45,0,Travel_Frequently,1199,Research & Development,7,4,Life Sciences,1,Male,77,4,2,Manufacturing Director,3,Married,6434,5118,4,No,17,3,4,1,9,1,3,3,2,0,2,0.0,0.6666666666666666,0.3333333333333333,0.6666666666666666,9.7,Recent,1,Mid,0,0,-0.8493328220806069,-0.2968404218896333,2,Fast-track Performers
37,1,Travel_Frequently,504,Research & Development,10,3,Medical,1,Male,61,3,3,Manufacturing Director,3,Divorced,10048,22573,6,No,11,3,2,2,17,5,3,1,0,0,0,0.0,0.0,5.0,0.0,15.1,Recent,0,Early,0,0,-4.276354072902412,1.7747945300323635,2,Fast-track Performers
39,0,Travel_Frequently,505,Research & Development,2,4,Technical Degree,3,Female,64,3,3,Healthcare Representative,3,Single,10938,6420,0,No,25,4,4,0,20,1,3,19,6,11,8,0.5789473684210527,0.3157894736842105,0.0526315789473684,0.4210526315789473,2.5,Critical,1,Veteran,1,1,3.392121370005326,-0.5330129950275878,1,Stable Contributors
29,0,Travel_Rarely,665,Research & Development,15,3,Life Sciences,3,Male,60,3,1,Research Scientist,4,Single,2340,22673,1,No,19,3,1,0,6,1,3,6,5,1,5,0.1666666666666666,0.8333333333333334,0.1666666666666666,0.8333333333333334,6.9,Recent,1,Mid,0,0,0.5447930371940974,-1.11162974088186,2,Fast-track Performers
42,0,Travel_Rarely,916,Research & Development,17,2,Life Sciences,4,Female,82,4,2,Research Scientist,1,Single,6545,23016,3,Yes,13,3,3,0,10,1,3,3,2,0,2,0.0,0.6666666666666666,0.3333333333333333,0.6666666666666666,9.3,Recent,1,Mid,0,0,-0.8205608909918156,-0.35601022522206677,2,Fast-track Performers
29,0,Travel_Rarely,1247,Sales,20,2,Marketing,4,Male,45,3,2,Sales Executive,4,Divorced,6931,10732,2,No,14,3,4,1,10,2,3,3,2,0,2,0.0,0.6666666666666666,0.6666666666666666,0.6666666666666666,10.4,Recent,0,Mid,0,0,-1.064954902134725,-0.05024015457350031,2,Fast-track Performers
25,0,Travel_Rarely,685,Research & Development,1,3,Life Sciences,1,Female,62,3,2,Manufacturing Director,3,Married,4898,7505,0,No,12,3,4,2,5,3,3,4,2,1,2,0.25,0.5,0.75,0.5,10.2,Recent,0,Mid,0,0,-1.0175282594713182,-0.0713287051949828,2,Fast-track Performers
42,0,Travel_Rarely,269,Research & Development,2,3,Medical,4,Female,56,2,1,Laboratory Technician,1,Divorced,2593,8007,0,Yes,11,3,3,1,10,4,3,9,6,7,8,0.7777777777777778,0.6666666666666666,0.4444444444444444,0.8888888888888888,3.1,Critical,0,Senior,1,1,2.2373116208972186,-1.874714504152365,1,Stable Contributors
40,0,Travel_Rarely,1416,Research & Development,2,2,Medical,1,Male,49,3,5,Research Director,3,Divorced,19436,5949,0,No,19,3,4,1,22,5,3,21,7,3,9,0.1428571428571428,0.3333333333333333,0.238095238095238,0.4285714285714285,16.9,Moderate,0,Veteran,0,1,1.5840162833211129,4.214193058548396,1,Stable Contributors
51,0,Travel_Rarely,833,Research & Development,1,3,Life Sciences,3,Male,96,3,1,Research Scientist,4,Married,2723,23231,1,No,11,3,2,0,1,0,2,1,0,0,0,0.0,0.0,0.0,0.0,6.1,Recent,1,Early,0,0,-2.1078471529627123,-0.9508354858224357,2,Fast-track Performers
31,1,Travel_Frequently,307,Research & Development,29,2,Medical,3,Male,71,2,1,Laboratory Technician,2,Single,3479,11652,0,No,11,3,2,0,6,2,4,5,4,1,4,0.2,0.8,0.4,0.8,7.1,Recent,0,Mid,0,0,0.0817446148843226,-1.0981876509686215,2,Fast-track Performers
32,0,Travel_Frequently,1311,Research & Development,7,3,Life Sciences,2,Male,100,4,1,Laboratory Technician,2,Married,2794,26062,1,No,20,4,3,0,5,3,1,5,1,0,3,0.0,0.2,0.6,0.6,11.0,Recent,0,Mid,0,0,-1.5702035118227995,0.21464500159515643,2,Fast-track Performers
38,0,Non-Travel,1327,Sales,2,2,Life Sciences,4,Male,39,2,2,Sales Executive,4,Married,5249,19682,3,No,18,3,4,1,13,0,3,8,7,7,5,0.875,0.875,0.0,0.625,1.8000000000000007,Critical,1,Senior,1,1,2.6288192064596125,-2.558800835113032,1,Stable Contributors
32,0,Travel_Rarely,128,Research & Development,2,1,Technical Degree,4,Male,84,2,2,Laboratory Technician,1,Single,2176,19737,4,No,13,3,4,0,9,5,3,6,2,0,4,0.0,0.3333333333333333,0.8333333333333334,0.6666666666666666,13.3,Recent,0,Mid,0,0,-1.30781180590472,1.3178934834477212,2,Fast-track Performers
46,0,Travel_Rarely,488,Sales,2,3,Technical Degree,3,Female,75,1,4,Manager,2,Married,16872,14977,3,Yes,12,3,2,1,28,2,2,7,7,7,7,1.0,1.0,0.2857142857142857,1.0,7.199999999999999,Critical,0,Senior,1,1,2.9987462879655533,-1.0011837058225213,1,Stable Contributors
28,1,Travel_Rarely,529,Research & Development,2,4,Life Sciences,1,Male,79,3,1,Laboratory Technician,3,Single,3485,14935,2,No,11,3,3,0,5,5,1,0,0,0,0,0.0,0.0,0.0,0.0,11.1,Recent,0,Early,0,0,-2.8201084584097624,0.5294350087972299,2,Fast-track Performers
29,0,Travel_Rarely,1210,Sales,2,3,Medical,1,Male,78,2,2,Sales Executive,2,Married,6644,3687,2,No,19,3,2,2,10,2,3,0,0,0,0,0.0,0.0,0.0,0.0,10.9,Recent,0,Early,0,0,-2.4421688485214332,0.44105767105638344,2,Fast-track Performers
31,0,Travel_Rarely,1463,Research & Development,23,3,Medical,2,Male,64,2,2,Healthcare Representative,4,Married,5582,14408,0,No,21,4,2,1,10,2,3,9,0,7,8,0.7777777777777778,0.0,0.2222222222222222,0.8888888888888888,5.1,Critical,0,Senior,1,1,1.3334221297750861,-1.3514245488884638,1,Stable Contributors
25,0,Non-Travel,675,Research & Development,5,2,Life Sciences,2,Male,85,4,2,Healthcare Representative,1,Divorced,4000,18384,1,No,12,3,4,2,6,2,3,6,3,1,5,0.1666666666666666,0.5,0.3333333333333333,0.8333333333333334,9.2,Recent,0,Mid,0,0,0.003336409940076574,-0.0966810418168631,2,Fast-track Performers
45,0,Travel_Rarely,1385,Research & Development,20,2,Medical,3,Male,79,3,4,Healthcare Representative,4,Married,13496,7501,0,Yes,14,3,2,0,21,2,3,20,7,4,10,0.2,0.35,0.1,0.5,10.4,Delayed,0,Veteran,0,1,2.3447234690700736,2.200116822464153,1,Stable Contributors
36,0,Travel_Rarely,1403,Research & Development,6,3,Life Sciences,4,Male,47,3,1,Laboratory Technician,4,Married,3210,20251,0,No,11,3,3,1,16,4,3,15,13,10,11,0.6666666666666666,0.8666666666666667,0.2666666666666666,0.7333333333333333,0.0999999999999996,Critical,0,Veteran,1,1,4.34956366513152,-1.5249924335772398,1,Stable Contributors
55,0,Travel_Rarely,452,Research & Development,1,3,Medical,4,Male,81,3,5,Manager,1,Single,19045,18938,0,Yes,14,3,3,0,37,2,3,36,10,4,13,0.1111111111111111,0.2777777777777778,0.0555555555555555,0.3611111111111111,12.4,Delayed,0,Veteran,0,1,3.91271983622066,4.291628201802843,1,Stable Contributors
47,1,Non-Travel,666,Research & Development,29,4,Life Sciences,1,Male,88,3,3,Manager,2,Married,11849,10268,1,Yes,12,3,4,1,10,2,2,10,7,9,9,0.9,0.7,0.2,0.9,3.1999999999999997,Critical,0,Senior,1,1,3.444737541261605,-1.4614287331747533,1,Stable Contributors
28,0,Travel_Rarely,1158,Research & Development,9,3,Medical,4,Male,94,3,1,Research Scientist,4,Married,2070,2613,1,No,23,4,4,1,5,3,2,5,2,0,4,0.0,0.4,0.6,0.8,11.3,Recent,0,Mid,0,0,-1.091473757598868,0.13830285305832235,2,Fast-track Performers
37,0,Travel_Rarely,228,Sales,6,4,Medical,3,Male,98,3,2,Sales Executive,4,Married,6502,22825,4,No,14,3,2,1,7,5,4,5,4,0,1,0.0,0.8,1.0,0.2,13.4,Recent,0,Mid,0,0,-1.5464332163465528,1.1556248453730897,2,Fast-track Performers
21,0,Travel_Rarely,996,Research & Development,3,2,Medical,4,Male,100,2,1,Research Scientist,3,Single,3230,10531,1,No,17,3,1,0,3,4,4,3,2,1,0,0.3333333333333333,0.6666666666666666,1.3333333333333333,0.0,9.7,Recent,0,Mid,0,0,-1.8828394882505026,-0.552860812210364,2,Fast-track Performers
37,0,Non-Travel,728,Research & Development,1,4,Medical,1,Female,80,3,3,Research Director,4,Divorced,13603,11677,2,Yes,18,3,1,2,15,2,3,5,2,0,2,0.0,0.4,0.4,0.4,12.8,Recent,0,Mid,0,0,-1.1964381573892064,1.1374525746152733,2,Fast-track Performers
35,0,Travel_Rarely,1315,Research & Development,22,3,Life Sciences,2,Female,71,4,3,Manager,2,Divorced,11996,19100,7,No,18,3,2,1,10,6,2,7,7,6,2,0.8571428571428571,1.0,0.8571428571428571,0.2857142857142857,10.8,Delayed,0,Senior,1,1,0.8667904245732339,0.0491525444413737,2,Stable Contributors
38,0,Travel_Rarely,322,Sales,7,2,Medical,1,Female,44,4,2,Sales Executive,1,Divorced,5605,19191,1,Yes,24,4,3,1,8,3,3,8,0,7,7,0.875,0.0,0.375,0.875,6.4,Critical,0,Senior,1,1,1.0083327782516036,-1.2399249661171918,1,Stable Contributors
26,0,Travel_Frequently,1479,Research & Development,1,3,Life Sciences,3,Female,84,3,2,Manufacturing Director,2,Divorced,6397,26767,1,No,20,4,1,1,6,6,1,6,5,1,4,0.1666666666666666,0.8333333333333334,1.0,0.6666666666666666,15.0,Recent,0,Mid,0,0,-0.632230192294995,1.2865423411539954,2,Fast-track Performers
50,0,Travel_Rarely,797,Research & Development,4,1,Life Sciences,1,Male,96,3,5,Research Director,2,Divorced,19144,15815,3,No,14,3,1,2,28,4,2,10,4,1,6,0.1,0.4,0.4,0.6,17.4,Recent,0,Senior,0,1,0.061688728357547615,3.262687115559336,2,Stable Contributors
53,0,Travel_Rarely,1070,Research & Development,3,4,Medical,3,Male,45,3,4,Research Director,3,Married,17584,21016,3,Yes,16,3,4,3,21,5,2,5,3,1,3,0.2,0.6,1.0,0.6,16.6,Recent,0,Mid,0,0,-0.8973214181840785,2.1253839877261527,2,Fast-track Performers
42,0,Travel_Rarely,635,Sales,1,1,Life Sciences,2,Male,99,3,2,Sales Executive,3,Married,4907,24532,1,No,25,4,3,0,20,3,3,20,16,11,6,0.55,0.8,0.15,0.3,2.5,Critical,0,Veteran,1,1,4.2585463451090195,-0.40717430235251245,1,Stable Contributors
29,0,Travel_Frequently,442,Sales,2,2,Life Sciences,2,Male,44,3,2,Sales Executive,4,Single,4554,20260,1,No,18,3,1,0,10,3,2,10,7,0,9,0.0,0.7,0.3,0.9,11.8,Recent,0,Senior,0,1,0.891313791905625,1.1884506666820145,1,Stable Contributors
55,0,Travel_Rarely,147,Research & Development,20,2,Technical Degree,2,Male,37,3,2,Laboratory Technician,4,Married,5415,15972,3,Yes,19,3,4,1,12,4,3,10,7,0,8,0.0,0.7,0.4,0.8,12.9,Recent,0,Senior,0,1,0.540244224544967,1.5003825108792848,1,Stable Contributors
26,0,Travel_Frequently,496,Research & Development,11,2,Medical,1,Male,60,3,2,Healthcare Representative,1,Married,4741,22722,1,Yes,13,3,3,1,5,3,3,5,3,3,3,0.6,0.6,0.6,0.6,8.3,Moderate,0,Mid,0,0,0.060190653947481174,-0.8696280223874479,1,Fast-track Performers
37,0,Travel_Rarely,1372,Research & Development,1,3,Life Sciences,4,Female,42,3,1,Research Scientist,4,Single,2115,15881,1,No,12,3,2,0,17,3,3,17,12,5,7,0.2941176470588235,0.7058823529411765,0.1764705882352941,0.4117647058823529,4.199999999999999,Delayed,0,Veteran,1,1,2.5349367854471345,-0.23929542351297556,1,Stable Contributors
44,1,Travel_Frequently,920,Research & Development,24,3,Life Sciences,4,Male,43,3,1,Laboratory Technician,3,Divorced,3161,19920,3,Yes,22,4,4,1,19,0,1,1,0,0,0,0.0,0.0,0.0,0.0,8.2,Recent,1,Early,0,0,-2.258899791178867,-0.6401940183271587,2,Fast-track Performers
38,0,Travel_Rarely,688,Research & Development,23,4,Life Sciences,4,Male,82,3,2,Healthcare Representative,4,Divorced,5745,18899,9,No,14,3,2,1,10,2,3,2,2,1,2,0.5,1.0,1.0,1.0,9.4,Recent,0,Early,0,0,-0.268002388289452,-1.3648325373998116,2,Fast-track Performers
26,1,Travel_Rarely,1449,Research & Development,16,4,Medical,1,Male,45,3,1,Laboratory Technician,2,Divorced,2373,14180,2,Yes,13,3,4,1,5,2,3,3,2,0,2,0.0,0.6666666666666666,0.6666666666666666,0.6666666666666666,8.3,Recent,0,Mid,0,0,-1.1043392203115745,-0.7775159554251271,2,Fast-track Performers
28,0,Travel_Rarely,1117,Research & Development,8,2,Life Sciences,4,Female,66,3,1,Research Scientist,4,Single,3310,4488,1,No,21,4,4,0,5,3,3,5,3,0,2,0.0,0.6,0.6,0.4,11.1,Recent,0,Mid,0,0,-1.327061864178061,0.12782304309951587,2,Fast-track Performers
49,0,Travel_Frequently,636,Research & Development,10,4,Life Sciences,3,Female,35,3,5,Research Director,1,Single,18665,25594,9,Yes,11,3,4,0,22,4,3,3,2,1,2,0.3333333333333333,0.6666666666666666,1.3333333333333333,0.6666666666666666,17.1,Recent,0,Mid,0,0,-0.9715231902991148,1.978455730740938,2,Fast-track Performers
36,0,Travel_Rarely,506,Research & Development,3,3,Technical Degree,3,Male,30,3,2,Research Scientist,2,Single,4485,26285,4,No,12,3,4,0,10,2,3,8,0,7,7,0.875,0.0,0.25,0.875,3.1999999999999997,Critical,0,Senior,1,1,1.3365509038616534,-1.865975553214756,1,Stable Contributors
31,0,Travel_Frequently,444,Sales,5,3,Marketing,4,Female,84,3,1,Sales Representative,2,Divorced,2789,3909,1,No,11,3,3,1,2,5,2,2,2,2,2,1.0,1.0,2.5,1.0,9.1,Moderate,0,Early,0,0,-0.6517370809582357,-2.1440320051203274,2,Fast-track Performers
26,1,Travel_Rarely,950,Sales,4,4,Marketing,4,Male,48,2,2,Sales Executive,4,Single,5828,8450,1,Yes,12,3,2,0,8,0,3,8,7,7,4,0.875,0.875,0.0,0.5,1.1999999999999993,Critical,1,Senior,1,1,2.4729749114249735,-2.639378961675982,1,Stable Contributors
37,0,Travel_Frequently,889,Research & Development,9,3,Medical,2,Male,53,3,1,Research Scientist,4,Married,2326,11411,1,Yes,12,3,3,3,4,3,2,4,2,1,2,0.25,0.5,0.75,0.5,8.2,Recent,0,Mid,0,0,-1.0641055604203653,-0.7838120552135012,2,Fast-track Performers
42,0,Travel_Frequently,555,Sales,26,3,Marketing,3,Female,77,3,4,Sales Executive,2,Married,13525,14864,5,No,14,3,4,1,23,2,4,20,4,4,8,0.2,0.2,0.1,0.4,10.4,Delayed,0,Veteran,0,1,1.605130346093197,2.085872664591069,1,Stable Contributors
18,1,Travel_Rarely,230,Research & Development,3,3,Life Sciences,3,Male,54,3,1,Laboratory Technician,3,Single,1420,25233,1,No,13,3,3,0,0,2,3,0,0,0,0,0.0,0.0,0.0,0.0,8.3,Recent,0,Early,0,0,-2.4455882528372928,-0.36018038396078544,2,Fast-track Performers
35,0,Travel_Rarely,1232,Sales,16,3,Marketing,3,Male,96,3,3,Sales Executive,2,Married,8020,5100,0,No,15,3,3,2,12,3,2,11,9,6,9,0.5454545454545454,0.8181818181818182,0.2727272727272727,0.8181818181818182,7.5,Delayed,0,Senior,1,1,2.7841433737403944,0.06881932894257728,1,Stable Contributors
36,0,Travel_Frequently,566,Research & Development,18,4,Life Sciences,3,Male,81,4,1,Laboratory Technician,4,Married,3688,7122,4,No,18,3,4,2,4,2,3,1,0,0,0,0.0,0.0,2.0,0.0,8.8,Recent,0,Early,0,0,-3.0628626411032145,-0.3270230036635715,2,Fast-track Performers
51,0,Travel_Rarely,1302,Research & Development,2,3,Medical,4,Male,84,1,2,Manufacturing Director,2,Divorced,5482,16321,5,No,18,3,4,1,13,3,3,4,1,1,2,0.25,0.25,0.75,0.5,10.8,Recent,0,Mid,0,0,-1.3449973182246755,0.12221152401623893,2,Fast-track Performers
41,0,Travel_Rarely,334,Sales,2,4,Life Sciences,4,Male,88,3,4,Manager,2,Single,16015,15896,1,No,19,3,2,0,22,2,3,22,10,0,4,0.0,0.4545454545454545,0.0909090909090909,0.1818181818181818,14.9,Recent,0,Veteran,0,1,1.0590058870768542,3.3372143169716058,1,Stable Contributors
18,0,Travel_Rarely,812,Sales,10,3,Medical,4,Female,69,2,1,Sales Representative,3,Single,1200,9724,1,No,12,3,1,0,0,2,3,0,0,0,0,0.0,0.0,0.0,0.0,8.2,Recent,0,Early,0,0,-2.438395270065095,-0.3749728347938941,2,Fast-track Performers
28,0,Travel_Rarely,1476,Research & Development,16,2,Medical,2,Male,68,4,2,Healthcare Representative,1,Single,5661,4824,0,No,19,3,3,0,9,2,3,8,3,0,7,0.0,0.375,0.25,0.875,10.9,Recent,0,Senior,0,0,-0.01994480380771457,0.7017948150054227,2,Fast-track Performers
31,0,Travel_Rarely,218,Sales,7,3,Technical Degree,2,Male,100,4,2,Sales Executive,4,Married,6929,12241,4,No,11,3,2,1,10,3,2,8,7,7,7,0.875,0.875,0.375,0.875,4.1,Critical,0,Senior,1,1,2.567256955335559,-1.7768511415086559,1,Stable Contributors
39,0,Travel_Rarely,1132,Research & Development,1,3,Medical,3,Male,48,4,3,Healthcare Representative,4,Divorced,9613,10942,0,No,17,3,1,3,19,5,2,18,10,3,7,0.1666666666666666,0.5555555555555556,0.2777777777777778,0.3888888888888889,12.7,Moderate,0,Veteran,0,1,1.553867118289472,2.488366298368049,1,Stable Contributors
36,0,Non-Travel,1105,Research & Development,24,4,Life Sciences,2,Female,47,3,2,Laboratory Technician,2,Married,5674,6927,7,No,15,3,3,1,11,3,3,9,8,0,8,0.0,0.8888888888888888,0.3333333333333333,0.8888888888888888,11.5,Recent,0,Senior,0,1,0.9592712762988084,0.9733237133760485,1,Stable Contributors
32,0,Travel_Rarely,906,Sales,7,3,Life Sciences,4,Male,91,2,2,Sales Executive,3,Married,5484,16985,1,No,14,3,3,1,13,3,2,13,8,4,8,0.3076923076923077,0.6153846153846154,0.2307692307692307,0.6153846153846154,7.4,Delayed,0,Senior,0,1,1.846438102814323,0.28238301501656016,1,Stable Contributors
38,0,Travel_Rarely,849,Research & Development,25,2,Life Sciences,1,Female,81,2,3,Research Director,2,Married,12061,26707,3,No,17,3,3,1,19,2,3,10,8,0,1,0.0,0.8,0.2,0.1,12.7,Recent,0,Senior,0,0,-0.16676185641735178,1.5345336590483285,2,Fast-track Performers
58,0,Non-Travel,390,Research & Development,1,4,Life Sciences,4,Male,32,1,2,Healthcare Representative,3,Divorced,5660,17056,2,Yes,13,3,4,1,12,2,3,5,3,1,2,0.2,0.6,0.4,0.4,9.3,Recent,0,Mid,0,0,-0.636467010472923,-0.18879170066653678,2,Fast-track Performers
31,0,Travel_Rarely,691,Research & Development,5,4,Technical Degree,3,Male,86,3,1,Research Scientist,4,Married,4821,10077,0,Yes,12,3,3,1,6,4,3,5,2,0,3,0.0,0.4,0.8,0.6,10.2,Recent,0,Mid,0,0,-1.3846901507754268,0.17141619429007415,2,Fast-track Performers
31,0,Travel_Rarely,106,Human Resources,2,3,Human Resources,1,Male,62,2,2,Human Resources,1,Married,6410,17822,3,No,12,3,4,0,9,1,3,2,2,1,0,0.5,1.0,0.5,0.0,8.2,Recent,1,Early,0,0,-0.8715576242462347,-1.2770144713922125,1,Fast-track Performers
45,0,Travel_Frequently,1249,Research & Development,7,3,Life Sciences,1,Male,97,3,3,Laboratory Technician,1,Divorced,5210,20308,1,No,18,3,1,1,24,2,3,24,9,9,11,0.375,0.375,0.0833333333333333,0.4583333333333333,3.8000000000000007,Critical,0,Veteran,1,1,3.9300263437567993,0.7028575979401566,1,Stable Contributors
31,0,Travel_Rarely,192,Research & Development,2,4,Life Sciences,3,Male,32,3,1,Research Scientist,4,Divorced,2695,7747,0,Yes,18,3,2,1,3,2,1,2,2,2,2,1.0,1.0,1.0,1.0,6.800000000000001,Moderate,0,Early,0,0,0.17086358174614985,-2.8902839912460134,1,Fast-track Performers
33,0,Travel_Frequently,553,Research & Development,5,4,Life Sciences,4,Female,74,3,3,Manager,2,Married,11878,23364,6,No,11,3,2,2,12,2,3,10,6,8,8,0.8,0.6,0.2,0.8,4.1,Critical,0,Senior,1,1,2.8321842936109336,-1.137888428877224,1,Stable Contributors
39,0,Travel_Rarely,117,Research & Development,10,1,Medical,3,Male,99,3,4,Manager,1,Married,17068,5355,1,Yes,14,3,4,0,21,3,3,21,9,11,10,0.5238095238095238,0.4285714285714285,0.1428571428571428,0.4761904761904761,4.4,Critical,0,Veteran,1,1,4.077557724781271,0.8156824449536534,1,Stable Contributors
43,0,Travel_Frequently,185,Research & Development,10,4,Life Sciences,3,Female,33,3,1,Laboratory Technician,4,Single,2455,10675,0,No,19,3,1,0,9,5,3,8,7,1,7,0.125,0.875,0.625,0.875,10.9,Recent,0,Senior,0,1,0.4917454134367888,0.4146868492567254,1,Stable Contributors
49,0,Travel_Rarely,1091,Research & Development,1,2,Technical Degree,3,Female,90,2,4,Healthcare Representative,3,Single,13964,17810,7,Yes,12,3,4,0,25,2,3,7,1,0,7,0.0,0.1428571428571428,0.2857142857142857,1.0,14.2,Recent,0,Senior,0,0,-0.25285645764009096,1.9510241219505633,2,Fast-track Performers
52,1,Travel_Rarely,723,Research & Development,8,4,Medical,3,Male,85,2,2,Research Scientist,2,Married,4941,17747,2,No,15,3,1,0,11,3,2,8,2,7,7,0.875,0.25,0.375,0.875,4.5,Critical,0,Senior,1,1,1.5431381861586213,-1.5771814765833863,1,Stable Contributors
27,0,Travel_Rarely,1220,Research & Development,5,3,Life Sciences,3,Female,85,3,1,Research Scientist,2,Single,2478,20938,1,Yes,12,3,2,0,4,2,2,4,3,1,2,0.25,0.75,0.5,0.5,7.199999999999999,Recent,0,Mid,0,0,-0.5694847794290889,-1.1834308188230183,2,Fast-track Performers
32,0,Travel_Rarely,588,Sales,8,2,Technical Degree,3,Female,65,2,2,Sales Executive,2,Married,5228,24624,1,Yes,11,3,4,0,13,2,3,13,12,11,9,0.8461538461538461,0.9230769230769232,0.1538461538461538,0.6923076923076923,-0.9000000000000004,Critical,0,Senior,1,1,4.539759752476591,-2.135367442906612,1,Stable Contributors
27,0,Travel_Rarely,1377,Sales,2,3,Life Sciences,4,Male,74,3,2,Sales Executive,3,Single,4478,5242,1,Yes,11,3,1,0,5,3,3,5,4,0,4,0.0,0.8,0.6,0.8,11.1,Recent,0,Mid,0,0,-0.3862219470231605,0.3771296778385161,2,Fast-track Performers
31,0,Travel_Rarely,691,Sales,7,3,Marketing,4,Male,73,3,2,Sales Executive,4,Divorced,7547,7143,4,No,12,3,4,3,13,3,3,7,7,1,7,0.1428571428571428,1.0,0.4285714285714285,1.0,10.2,Recent,0,Senior,0,1,1.0291806125998675,0.20324936226474033,1,Stable Contributors
32,0,Travel_Rarely,1018,Research & Development,2,4,Medical,1,Female,74,4,2,Research Scientist,4,Single,5055,10557,7,No,16,3,3,0,10,0,2,7,7,0,7,0.0,1.0,0.0,1.0,8.6,Recent,1,Senior,0,1,1.244167509395632,-0.24868401086373645,1,Stable Contributors
28,1,Travel_Rarely,1157,Research & Development,2,4,Medical,1,Male,84,1,1,Research Scientist,4,Married,3464,24737,5,Yes,13,3,4,0,5,4,2,3,2,2,2,0.6666666666666666,0.6666666666666666,1.3333333333333333,0.6666666666666666,8.3,Moderate,0,Mid,0,0,-0.7656954422263983,-1.4882248195396262,1,Fast-track Performers
30,0,Travel_Rarely,1275,Research & Development,28,2,Medical,4,Female,64,3,2,Research Scientist,4,Married,5775,11934,1,No,13,3,4,2,11,2,3,10,8,1,9,0.1,0.8,0.2,0.9,9.3,Recent,0,Senior,0,1,1.5269585151446543,0.4697483414627463,1,Stable Contributors
31,0,Travel_Frequently,798,Research & Development,7,2,Life Sciences,3,Female,48,2,3,Manufacturing Director,3,Married,8943,14034,1,No,24,4,1,1,10,2,3,10,9,8,9,0.8,0.9,0.2,0.9,6.4,Critical,0,Senior,1,1,3.3947802188183913,-0.8313166842555663,1,Stable Contributors
39,0,Travel_Frequently,672,Research & Development,7,2,Medical,3,Male,54,2,5,Manager,4,Married,19272,21141,1,No,15,3,1,1,21,2,3,21,9,13,3,0.6190476190476191,0.4285714285714285,0.0952380952380952,0.1428571428571428,3.5,Critical,0,Veteran,1,1,3.6817420143752138,0.4999631141717871,1,Stable Contributors
39,1,Travel_Rarely,1162,Sales,3,2,Medical,4,Female,41,3,2,Sales Executive,3,Married,5238,17778,4,Yes,18,3,1,0,12,3,2,1,0,0,0,0.0,0.0,3.0,0.0,11.8,Recent,0,Early,0,0,-3.4686176445217263,0.6455930095184993,2,Fast-track Performers
33,0,Travel_Frequently,508,Sales,10,3,Marketing,2,Male,46,2,2,Sales Executive,4,Single,4682,4317,3,No,14,3,3,0,9,6,2,7,7,0,1,0.0,1.0,0.8571428571428571,0.1428571428571428,14.4,Recent,0,Senior,0,0,-1.0628580386588145,1.6244356585881055,2,Fast-track Performers
47,0,Travel_Rarely,1482,Research & Development,5,5,Life Sciences,4,Male,42,3,5,Research Director,3,Married,18300,16375,4,No,11,3,2,1,21,2,3,3,2,1,1,0.3333333333333333,0.6666666666666666,0.6666666666666666,0.3333333333333333,15.1,Recent,0,Mid,0,0,-0.8380457323186976,1.5114315671720824,2,Fast-track Performers
43,0,Travel_Frequently,559,Research & Development,10,4,Life Sciences,3,Female,82,2,2,Laboratory Technician,3,Divorced,5257,6227,1,No,11,3,2,1,9,3,4,9,7,0,0,0.0,0.7777777777777778,0.3333333333333333,0.0,11.1,Recent,0,Senior,0,0,-0.7178804326226624,0.9422101609032798,2,Fast-track Performers
27,0,Non-Travel,210,Sales,1,1,Marketing,3,Male,73,3,2,Sales Executive,2,Married,6349,22107,0,Yes,13,3,4,1,6,0,3,5,4,1,4,0.2,0.8,0.0,0.8,7.300000000000001,Recent,1,Mid,0,0,0.5022854966316587,-0.9504126215755644,2,Fast-track Performers
54,0,Travel_Frequently,928,Research & Development,20,4,Life Sciences,4,Female,31,3,2,Research Scientist,3,Single,4869,16885,3,No,12,3,4,0,20,4,2,4,3,0,3,0.0,0.75,1.0,0.75,12.2,Recent,0,Mid,0,0,-1.0120478553817491,0.5799188572068791,2,Fast-track Performers
43,0,Travel_Rarely,1001,Research & Development,7,3,Life Sciences,3,Female,43,3,3,Healthcare Representative,1,Married,9985,9262,8,No,16,3,1,1,10,1,2,1,0,0,0,0.0,0.0,1.0,0.0,11.6,Recent,1,Early,0,0,-2.502989769293166,0.8082261315436956,2,Fast-track Performers
45,0,Travel_Rarely,549,Research & Development,8,4,Other,4,Male,75,3,2,Research Scientist,4,Married,3697,9278,9,No,14,3,1,2,12,3,3,10,9,9,8,0.9,0.9,0.3,0.8,2.4000000000000004,Critical,0,Senior,1,1,3.4039397076139446,-1.8727135120424254,1,Stable Contributors
40,0,Travel_Rarely,1124,Sales,1,2,Medical,2,Male,57,1,2,Sales Executive,4,Married,7457,13273,2,Yes,22,4,3,3,6,2,2,4,3,0,2,0.0,0.75,0.5,0.5,12.2,Recent,0,Mid,0,0,-1.0194439090072285,0.35833067208667174,2,Fast-track Performers
29,1,Travel_Rarely,318,Research & Development,8,4,Other,2,Male,77,1,1,Laboratory Technician,1,Married,2119,4759,1,Yes,11,3,4,0,7,4,2,7,7,0,7,0.0,1.0,0.5714285714285714,1.0,10.1,Recent,0,Senior,0,1,0.5306153242496947,0.1640322432447845,1,Stable Contributors
29,0,Travel_Rarely,738,Research & Development,9,5,Other,2,Male,30,2,1,Laboratory Technician,4,Single,3983,7621,0,No,17,3,3,0,4,2,3,3,2,2,2,0.6666666666666666,0.6666666666666666,0.6666666666666666,0.6666666666666666,6.699999999999999,Moderate,0,Mid,0,0,-0.32006531657376597,-2.0110102558381087,1,Fast-track Performers
30,0,Travel_Rarely,570,Sales,5,3,Marketing,4,Female,30,2,2,Sales Executive,3,Divorced,6118,5431,1,No,13,3,3,3,10,2,3,10,9,1,2,0.1,0.9,0.2,0.2,9.3,Recent,0,Senior,0,0,0.43517900414526184,0.4245477505667387,2,Fast-track Performers
27,0,Travel_Rarely,1130,Sales,8,4,Marketing,2,Female,56,3,2,Sales Executive,2,Married,6214,3415,1,No,18,3,1,1,8,3,3,8,7,0,7,0.0,0.875,0.375,0.875,11.8,Recent,0,Senior,0,1,0.6135531448133031,0.8752191436672243,1,Stable Contributors
37,0,Travel_Rarely,1192,Research & Development,5,2,Medical,4,Male,61,3,2,Manufacturing Director,4,Divorced,6347,23177,7,No,16,3,3,2,8,2,2,6,2,0,4,0.0,0.3333333333333333,0.3333333333333333,0.6666666666666666,10.6,Recent,0,Mid,0,0,-0.7791361261068132,0.46620425901174284,2,Fast-track Performers
38,0,Travel_Rarely,343,Research & Development,15,2,Life Sciences,3,Male,92,2,3,Research Director,4,Divorced,11510,15682,0,Yes,14,3,2,1,12,3,3,11,10,2,9,0.1818181818181818,0.9090909090909092,0.2727272727272727,0.8181818181818182,11.4,Moderate,0,Senior,0,1,1.9676395849080548,1.3183898330351695,1,Stable Contributors
31,0,Travel_Rarely,1232,Research & Development,7,4,Medical,3,Female,39,3,3,Manufacturing Director,4,Single,7143,25713,1,Yes,14,3,3,0,11,2,2,11,9,4,10,0.3636363636363636,0.8181818181818182,0.1818181818181818,0.9090909090909092,8.4,Delayed,0,Senior,0,1,2.6263271664853836,0.3968995926876101,1,Stable Contributors
29,0,Travel_Rarely,144,Sales,10,1,Marketing,4,Female,39,2,2,Sales Executive,2,Divorced,8268,11866,1,Yes,14,3,1,2,7,2,3,7,7,1,7,0.1428571428571428,1.0,0.2857142857142857,1.0,9.4,Recent,0,Senior,0,1,1.1905295965699416,-0.06695620064218798,1,Stable Contributors
35,0,Travel_Rarely,1296,Research & Development,5,4,Technical Degree,3,Male,62,3,3,Manufacturing Director,2,Single,8095,18264,0,No,13,3,4,0,17,5,3,16,6,0,13,0.0,0.375,0.3125,0.8125,15.3,Recent,0,Veteran,0,1,1.1553889759066331,3.1687118173174276,1,Stable Contributors
23,0,Travel_Rarely,1309,Research & Development,26,1,Life Sciences,3,Male,83,3,1,Research Scientist,4,Divorced,2904,16092,1,No,12,3,3,2,4,2,2,4,2,0,2,0.0,0.5,0.5,0.5,8.2,Recent,0,Mid,0,0,-1.2064727166324887,-0.5452161703814443,2,Fast-track Performers
41,0,Travel_Rarely,483,Research & Development,6,3,Medical,4,Male,95,2,2,Manufacturing Director,2,Single,6032,10110,6,Yes,15,3,4,0,8,3,3,5,4,1,2,0.2,0.8,0.6,0.4,10.5,Recent,0,Mid,0,0,-0.594813304869507,0.06382850869054967,2,Fast-track Performers
47,0,Travel_Frequently,1309,Sales,4,1,Medical,2,Male,99,3,2,Sales Representative,3,Single,2976,25751,3,No,19,3,1,0,5,3,3,0,0,0,0,0.0,0.0,0.0,0.0,11.9,Recent,0,Early,0,0,-2.5718042388937215,0.7474577691977944,2,Fast-track Performers
42,0,Travel_Rarely,810,Research & Development,23,5,Life Sciences,1,Female,44,3,4,Research Director,4,Single,15992,15901,2,No,14,3,2,0,16,2,3,1,0,0,0,0.0,0.0,2.0,0.0,14.4,Recent,0,Early,0,0,-2.8943588071672828,1.7512572430595497,2,Fast-track Performers
29,0,Non-Travel,746,Sales,2,3,Life Sciences,4,Male,61,3,2,Sales Executive,3,Married,4649,16928,1,No,14,3,1,1,4,3,2,4,3,0,2,0.0,0.75,0.75,0.5,11.4,Recent,0,Mid,0,0,-1.1002798379787735,0.38689979648766626,2,Fast-track Performers
42,0,Travel_Rarely,544,Human Resources,2,1,Technical Degree,3,Male,52,3,1,Human Resources,3,Divorced,2696,24017,0,Yes,11,3,3,1,4,5,3,3,2,1,0,0.3333333333333333,0.6666666666666666,1.6666666666666667,0.0,10.1,Recent,0,Mid,0,0,-2.0768826199880275,-0.35063789739355644,2,Fast-track Performers
32,0,Travel_Rarely,1062,Research & Development,2,3,Medical,3,Female,75,3,1,Laboratory Technician,2,Married,2370,3956,1,No,13,3,3,1,8,4,3,8,0,0,7,0.0,0.0,0.5,0.875,10.3,Recent,0,Senior,0,0,-0.9605173202198567,0.5860900144823125,2,Fast-track Performers
48,0,Travel_Rarely,530,Sales,29,1,Medical,1,Female,91,3,3,Manager,3,Married,12504,23978,3,No,21,4,2,1,15,3,1,0,0,0,0,0.0,0.0,0.0,0.0,15.1,Recent,0,Early,0,0,-2.6115427312110486,1.6374505292136137,2,Fast-track Performers
37,0,Travel_Rarely,1319,Research & Development,6,3,Medical,3,Male,51,4,2,Research Scientist,1,Divorced,5974,17001,4,Yes,13,3,1,2,13,2,3,7,7,6,7,0.8571428571428571,1.0,0.2857142857142857,1.0,4.300000000000001,Delayed,0,Senior,1,1,2.6149526826364076,-2.023089737767924,1,Stable Contributors
30,0,Non-Travel,641,Sales,25,2,Technical Degree,4,Female,85,3,2,Sales Executive,3,Married,4736,6069,7,Yes,12,3,2,1,4,2,4,2,2,2,2,1.0,1.0,1.0,1.0,8.2,Moderate,0,Early,0,0,0.26059877932838393,-2.266555346226146,1,Fast-track Performers
26,0,Travel_Rarely,933,Sales,1,3,Life Sciences,3,Male,57,3,2,Sales Executive,3,Married,5296,20156,1,No,17,3,2,1,8,3,3,8,7,7,7,0.875,0.875,0.375,0.875,4.699999999999999,Critical,0,Senior,1,1,2.524099058702372,-1.6880964365100053,1,Stable Contributors
42,0,Travel_Rarely,1332,Research & Development,2,4,Other,1,Male,98,2,2,Healthcare Representative,4,Single,6781,17078,3,No,23,4,2,0,14,6,3,1,0,0,0,0.0,0.0,6.0,0.0,16.3,Recent,0,Early,0,0,-4.93350929920737,1.6478777615057831,2,Fast-track Performers
21,1,Travel_Frequently,756,Sales,1,1,Technical Degree,1,Female,99,2,1,Sales Representative,2,Single,2174,9150,1,Yes,11,3,3,0,3,3,3,3,2,1,2,0.3333333333333333,0.6666666666666666,1.0,0.6666666666666666,8.1,Recent,0,Mid,0,0,-0.9206313657245906,-1.1624552891485935,2,Fast-track Performers
36,0,Non-Travel,845,Sales,1,5,Medical,4,Female,45,3,2,Sales Executive,4,Single,6653,15276,4,No,15,3,2,0,7,6,3,1,0,0,0,0.0,0.0,6.0,0.0,14.5,Recent,0,Early,0,0,-4.8040356093078085,1.3816136465098314,2,Fast-track Performers
36,0,Travel_Frequently,541,Sales,3,4,Medical,1,Male,48,2,3,Sales Executive,4,Married,9699,7246,4,No,11,3,1,1,16,2,3,13,9,1,12,0.0769230769230769,0.6923076923076923,0.1538461538461538,0.9230769230769232,11.1,Recent,0,Senior,0,1,2.1778126734222742,1.6116940030833768,1,Stable Contributors
57,0,Travel_Rarely,593,Research & Development,1,4,Medical,4,Male,88,3,2,Healthcare Representative,3,Married,6755,2967,2,No,11,3,3,0,15,2,3,3,2,1,2,0.3333333333333333,0.6666666666666666,0.6666666666666666,0.6666666666666666,9.1,Recent,0,Mid,0,0,-0.6368530364048319,-0.7409495589455334,2,Fast-track Performers
40,0,Travel_Rarely,1171,Research & Development,10,4,Life Sciences,4,Female,46,4,1,Laboratory Technician,3,Married,2213,22495,3,Yes,13,3,3,1,10,3,3,7,7,1,7,0.1428571428571428,1.0,0.4285714285714285,1.0,8.3,Recent,0,Senior,0,1,0.9754103288786227,-0.49444153692066944,1,Stable Contributors
21,0,Non-Travel,895,Sales,9,2,Medical,1,Male,39,3,1,Sales Representative,4,Single,2610,2851,1,No,24,4,3,0,3,3,2,3,2,2,2,0.6666666666666666,0.6666666666666666,1.0,0.6666666666666666,9.4,Moderate,0,Mid,0,0,-0.6795470520718412,-1.4685609718598074,1,Fast-track Performers
33,1,Travel_Rarely,350,Sales,5,3,Marketing,4,Female,34,3,1,Sales Representative,3,Single,2851,9150,1,Yes,13,3,2,0,1,2,3,1,0,0,0,0.0,0.0,2.0,0.0,8.3,Recent,0,Early,0,0,-3.026897727242225,-0.4009852578291137,2,Fast-track Performers
37,0,Travel_Rarely,921,Research & Development,10,3,Medical,3,Female,98,3,1,Laboratory Technician,1,Married,3452,17663,6,No,20,4,2,1,17,3,3,5,4,0,3,0.0,0.8,0.6,0.6,11.0,Recent,0,Mid,0,0,-0.8195601788653379,-0.0076889087697519795,2,Fast-track Performers
46,0,Non-Travel,1144,Research & Development,7,4,Medical,3,Female,30,3,2,Manufacturing Director,3,Married,5258,16044,2,No,14,3,3,0,7,2,4,1,0,0,0,0.0,0.0,2.0,0.0,10.4,Recent,0,Early,0,0,-2.9875134090653765,0.32629054302251304,2,Fast-track Performers
41,1,Travel_Frequently,143,Sales,4,3,Marketing,1,Male,56,3,2,Sales Executive,2,Single,9355,9558,1,No,18,3,3,0,8,5,3,8,7,7,7,0.875,0.875,0.625,0.875,6.800000000000001,Critical,0,Senior,1,1,2.1769610666867796,-1.0720706481385396,2,Stable Contributors
50,0,Travel_Rarely,1046,Research & Development,10,3,Technical Degree,4,Male,100,2,3,Healthcare Representative,4,Single,10496,2755,6,No,15,3,4,0,20,2,3,4,3,1,3,0.25,0.75,0.5,0.75,11.5,Recent,0,Mid,0,0,-0.2137534899238541,0.2136839567018274,2,Fast-track Performers
40,1,Travel_Rarely,575,Sales,22,2,Marketing,3,Male,68,2,2,Sales Executive,3,Married,6380,6110,2,Yes,12,3,1,2,8,6,3,6,4,1,0,0.1666666666666666,0.6666666666666666,1.0,0.0,13.2,Recent,0,Mid,0,0,-1.6397864938597602,1.1920499609518345,2,Fast-track Performers
31,0,Travel_Rarely,408,Research & Development,9,4,Life Sciences,3,Male,42,2,1,Research Scientist,2,Single,2657,7551,0,Yes,16,3,4,0,3,5,3,2,2,2,2,1.0,1.0,2.5,1.0,9.6,Moderate,0,Early,0,0,-0.6877019948192249,-2.0700697509547856,2,Fast-track Performers
21,1,Travel_Rarely,156,Sales,12,3,Life Sciences,3,Female,90,4,1,Sales Representative,2,Single,2716,25422,1,No,15,3,4,0,1,0,3,1,0,0,0,0.0,0.0,0.0,0.0,6.5,Recent,1,Early,0,0,-2.1366190840515036,-0.8916656824900019,2,Fast-track Performers
29,0,Travel_Rarely,1283,Research & Development,23,3,Life Sciences,4,Male,54,3,1,Research Scientist,4,Single,2201,18168,9,No,16,3,4,0,6,4,3,3,2,1,2,0.3333333333333333,0.6666666666666666,1.3333333333333333,0.6666666666666666,9.6,Recent,0,Mid,0,0,-1.1937973079562916,-0.7975154151675935,2,Fast-track Performers
35,0,Travel_Rarely,755,Research & Development,9,4,Life Sciences,3,Male,97,2,2,Healthcare Representative,2,Single,6540,19394,9,No,19,3,3,0,10,5,3,1,1,0,0,0.0,1.0,5.0,0.0,13.9,Recent,0,Early,0,0,-3.584713306893626,0.6157519511021194,2,Fast-track Performers
27,0,Travel_Rarely,1469,Research & Development,1,2,Medical,4,Male,82,3,1,Laboratory Technician,2,Divorced,3816,17881,1,No,11,3,2,1,5,2,3,5,2,0,4,0.0,0.4,0.4,0.8,8.1,Recent,0,Mid,0,0,-0.7390533634391728,-0.48427767641590247,2,Fast-track Performers
28,0,Travel_Rarely,304,Sales,9,4,Life Sciences,2,Male,92,3,2,Sales Executive,4,Single,5253,20750,1,No,16,3,4,0,7,1,3,7,5,0,7,0.0,0.7142857142857143,0.1428571428571428,1.0,9.6,Recent,1,Senior,0,1,0.6459390262166059,0.1292165560305441,1,Stable Contributors
49,0,Travel_Rarely,1261,Research & Development,7,3,Other,2,Male,31,2,3,Healthcare Representative,3,Single,10965,12066,8,No,24,4,3,0,26,2,3,5,2,0,0,0.0,0.4,0.4,0.0,14.4,Recent,0,Mid,0,0,-1.8117143981871144,1.4673481831073882,2,Fast-track Performers
51,0,Travel_Rarely,1178,Sales,14,2,Life Sciences,3,Female,87,3,2,Sales Executive,4,Married,4936,14862,4,No,11,3,3,1,18,2,2,7,7,0,7,0.0,1.0,0.2857142857142857,1.0,10.1,Recent,0,Senior,0,1,0.9286625242276813,0.276934664117012,1,Stable Contributors
36,0,Travel_Rarely,329,Research & Development,2,3,Life Sciences,4,Female,96,3,1,Research Scientist,3,Married,2543,11868,4,No,13,3,2,1,6,3,3,2,2,2,2,1.0,1.0,1.5,1.0,7.300000000000001,Moderate,0,Early,0,0,-0.08415535176278446,-2.6809798647590743,1,Fast-track Performers
34,1,Non-Travel,1362,Sales,19,3,Marketing,1,Male,67,4,2,Sales Executive,4,Single,5304,4652,8,Yes,13,3,2,0,9,3,2,5,2,0,4,0.0,0.4,0.6,0.8,11.3,Recent,0,Mid,0,0,-0.9010368012058642,0.554937186414672,2,Fast-track Performers
55,0,Travel_Rarely,1311,Research & Development,2,3,Life Sciences,3,Female,97,3,4,Manager,4,Single,16659,23258,2,Yes,13,3,3,0,30,2,3,5,4,1,2,0.2,0.8,0.4,0.4,13.3,Recent,0,Mid,0,0,-0.2930979642556751,1.1620636959155306,2,Fast-track Performers
24,0,Travel_Rarely,1371,Sales,10,4,Marketing,4,Female,77,3,2,Sales Executive,3,Divorced,4260,5915,1,Yes,12,3,4,1,5,2,4,5,2,0,3,0.0,0.4,0.4,0.6,10.2,Recent,0,Mid,0,0,-0.9497633034836951,0.2896063220169142,2,Fast-track Performers
30,0,Travel_Rarely,202,Sales,2,1,Technical Degree,3,Male,72,3,1,Sales Representative,2,Married,2476,17434,1,No,18,3,1,1,1,3,3,1,0,0,0,0.0,0.0,3.0,0.0,9.8,Recent,0,Early,0,0,-3.515194945470773,-0.06689034050001907,2,Fast-track Performers
26,1,Travel_Frequently,575,Research & Development,3,1,Technical Degree,3,Male,73,3,1,Research Scientist,1,Single,3102,6582,0,No,22,4,3,0,7,2,3,6,4,0,4,0.0,0.6666666666666666,0.3333333333333333,0.6666666666666666,10.2,Recent,0,Mid,0,0,-0.4858345531740729,-0.11692352357684399,2,Fast-track Performers
22,0,Travel_Rarely,253,Research & Development,11,3,Medical,1,Female,43,3,1,Research Scientist,2,Married,2244,24440,1,No,13,3,4,1,2,1,3,2,1,1,2,0.5,0.5,0.5,1.0,6.3,Recent,1,Early,0,0,-0.4711976102216297,-2.1172180909033416,2,Fast-track Performers
36,0,Travel_Rarely,164,Sales,2,2,Medical,2,Male,61,2,3,Sales Executive,3,Married,7596,3809,1,No,13,3,2,2,10,2,3,10,9,9,0,0.9,0.9,0.2,0.0,3.3000000000000007,Critical,0,Senior,1,1,2.1638430505738464,-1.5138676577363446,1,Stable Contributors
30,1,Travel_Frequently,464,Research & Development,4,3,Technical Degree,3,Male,40,3,1,Research Scientist,4,Single,2285,3427,9,Yes,23,4,3,0,3,4,3,1,0,0,0,0.0,0.0,4.0,0.0,12.3,Recent,0,Early,0,0,-4.075421991421299,0.41512908516016,2,Fast-track Performers
37,0,Travel_Rarely,1107,Research & Development,14,3,Life Sciences,4,Female,95,3,1,Laboratory Technician,1,Divorced,3034,26914,1,No,12,3,3,1,18,2,2,18,7,12,17,0.6666666666666666,0.3888888888888889,0.1111111111111111,0.9444444444444444,-3.8000000000000007,Critical,0,Veteran,1,1,5.044497188205049,-2.1213791437757865,1,Stable Contributors
40,0,Travel_Rarely,759,Sales,2,2,Marketing,4,Female,46,3,2,Sales Executive,2,Divorced,5715,22553,7,No,12,3,3,2,8,5,3,5,4,1,3,0.2,0.8,1.0,0.6,12.2,Recent,0,Mid,0,0,-0.7114896446742269,0.5671361809017126,2,Fast-track Performers
42,0,Travel_Rarely,201,Research & Development,1,4,Life Sciences,2,Female,95,3,1,Laboratory Technician,1,Divorced,2576,20490,3,No,16,3,2,1,8,5,3,5,2,1,2,0.2,0.4,1.0,0.4,10.6,Recent,0,Mid,0,0,-1.5373620235717442,0.10865343870675681,2,Fast-track Performers
37,0,Travel_Rarely,1305,Research & Development,10,4,Life Sciences,3,Male,49,3,2,Manufacturing Director,2,Single,4197,21123,2,Yes,12,3,4,0,18,2,2,1,0,0,1,0.0,0.0,2.0,1.0,10.2,Recent,0,Early,0,0,-2.1780511420617974,-0.15983982711011774,2,Fast-track Performers
43,0,Travel_Rarely,982,Research & Development,12,3,Life Sciences,1,Male,59,2,4,Research Director,2,Divorced,14336,4345,1,No,11,3,3,1,25,3,3,25,10,3,9,0.12,0.4,0.12,0.36,12.1,Moderate,0,Veteran,0,1,2.474163044100372,3.153916771912975,1,Stable Contributors
40,0,Travel_Rarely,555,Research & Development,2,3,Medical,2,Female,78,2,2,Laboratory Technician,3,Married,3448,13436,6,No,22,4,2,1,20,3,3,1,0,0,0,0.0,0.0,3.0,0.0,13.2,Recent,0,Early,0,0,-3.569319403332496,0.8526873211820172,2,Fast-track Performers
54,0,Travel_Rarely,821,Research & Development,5,2,Medical,1,Male,86,3,5,Research Director,1,Married,19406,8509,4,No,11,3,3,1,24,4,2,4,2,1,2,0.25,0.5,1.0,0.5,17.1,Recent,0,Mid,0,0,-1.0809129927230858,2.3461621334244103,2,Fast-track Performers
34,0,Non-Travel,1381,Sales,4,4,Marketing,3,Female,72,3,2,Sales Executive,3,Married,6538,12740,9,No,15,3,1,1,6,3,3,3,2,1,2,0.3333333333333333,0.6666666666666666,1.0,0.6666666666666666,10.5,Recent,0,Mid,0,0,-0.9028259958643351,-0.3908021357976416,2,Fast-track Performers
31,0,Travel_Rarely,480,Research & Development,7,2,Medical,2,Female,31,3,2,Manufacturing Director,1,Married,4306,4156,1,No,12,3,2,1,13,5,1,13,10,3,12,0.2307692307692307,0.7692307692307693,0.3846153846153846,0.9230769230769232,10.2,Moderate,0,Senior,0,1,2.3086367209588445,1.2260439119530493,1,Stable Contributors
43,0,Travel_Frequently,313,Research & Development,21,3,Medical,4,Male,61,3,1,Laboratory Technician,4,Married,2258,15238,7,No,20,4,1,1,8,1,3,3,2,1,2,0.3333333333333333,0.6666666666666666,0.3333333333333333,0.6666666666666666,8.0,Recent,1,Mid,0,0,-0.582895981654926,-1.4633539629504495,2,Fast-track Performers
43,0,Travel_Rarely,1473,Research & Development,8,4,Other,3,Female,74,3,2,Healthcare Representative,3,Divorced,4522,2227,4,Yes,14,3,4,0,8,3,3,5,2,0,2,0.0,0.4,0.6,0.4,11.4,Recent,0,Mid,0,0,-1.4084183004208044,0.6629460324101604,2,Fast-track Performers
25,0,Travel_Rarely,891,Sales,4,2,Life Sciences,2,Female,99,2,2,Sales Executive,4,Single,4487,12090,1,Yes,11,3,2,0,5,3,3,5,4,1,3,0.2,0.8,0.6,0.6,10.1,Recent,0,Mid,0,0,-0.3159471155593443,-0.041949492223074064,2,Fast-track Performers
37,0,Non-Travel,1063,Research & Development,25,5,Medical,2,Female,72,3,2,Research Scientist,3,Married,4449,23866,3,Yes,15,3,1,2,15,2,3,13,11,10,7,0.7692307692307693,0.8461538461538461,0.1538461538461538,0.5384615384615384,0.5,Critical,0,Senior,1,1,3.7713595459654172,-1.8115718316635308,1,Stable Contributors
31,0,Travel_Rarely,329,Research & Development,1,2,Life Sciences,4,Male,98,2,1,Laboratory Technician,1,Married,2218,16193,1,No,12,3,3,1,4,3,3,4,2,3,2,0.75,0.5,0.75,0.5,6.199999999999999,Moderate,0,Mid,0,0,-0.3587520102539058,-1.8506703036715066,1,Fast-track Performers
39,0,Travel_Frequently,1218,Research & Development,1,1,Life Sciences,2,Male,52,3,5,Manager,3,Divorced,19197,8213,1,Yes,14,3,3,1,21,3,3,21,8,1,6,0.0476190476190476,0.3809523809523809,0.1428571428571428,0.2857142857142857,16.4,Recent,0,Veteran,0,1,1.1736060462365163,3.9752563900448123,1,Stable Contributors
56,0,Travel_Frequently,906,Sales,6,3,Life Sciences,3,Female,86,4,4,Sales Executive,1,Married,13212,18256,9,No,11,3,4,3,36,0,2,7,7,7,7,1.0,1.0,0.0,1.0,5.1,Critical,1,Senior,1,1,3.3574091697666906,-1.6155570858019201,1,Stable Contributors
30,0,Travel_Rarely,1082,Sales,12,3,Technical Degree,2,Female,83,3,2,Sales Executive,3,Single,6577,19558,0,No,11,3,2,0,6,6,3,5,4,4,4,0.8,0.8,1.2,0.8,10.1,Delayed,0,Mid,0,0,0.31273009220356257,-0.5941799592950869,2,Fast-track Performers
41,0,Travel_Rarely,645,Sales,1,3,Marketing,2,Male,49,4,3,Sales Executive,1,Married,8392,19566,1,No,16,3,3,1,10,2,3,10,7,0,7,0.0,0.7,0.2,0.7,12.6,Recent,0,Senior,0,1,0.7502391345375936,1.5603078378317647,1,Stable Contributors
28,0,Travel_Rarely,1300,Research & Development,17,2,Medical,3,Male,79,3,2,Laboratory Technician,1,Divorced,4558,13535,1,No,12,3,4,1,10,2,3,10,0,1,8,0.1,0.0,0.2,0.8,9.2,Recent,0,Senior,0,0,-0.10398807463676157,0.5524248248683059,2,Fast-track Performers
25,1,Travel_Rarely,688,Research & Development,3,3,Medical,1,Male,91,3,1,Laboratory Technician,1,Married,4031,9396,5,No,13,3,3,1,6,5,3,2,2,0,2,0.0,1.0,2.5,1.0,11.3,Recent,0,Early,0,0,-1.694553450649512,-0.3701712891338765,2,Fast-track Performers
52,0,Travel_Rarely,319,Research & Development,3,3,Medical,4,Male,39,2,3,Manufacturing Director,3,Married,7969,19609,2,Yes,14,3,3,0,28,4,3,5,4,0,4,0.0,0.8,0.8,0.8,14.4,Recent,0,Mid,0,0,-0.5553983675620496,1.4311369915021992,2,Fast-track Performers
45,0,Travel_Rarely,192,Research & Development,10,2,Life Sciences,1,Male,69,3,1,Research Scientist,4,Married,2654,9655,3,No,21,4,4,2,8,3,2,2,2,0,2,0.0,1.0,1.5,1.0,11.1,Recent,0,Early,0,0,-1.2420594458092258,-0.6704399354428882,2,Fast-track Performers
52,0,Travel_Rarely,1490,Research & Development,4,2,Life Sciences,4,Female,30,3,4,Manager,4,Married,16555,10310,2,No,13,3,4,0,31,2,1,5,2,1,4,0.2,0.4,0.4,0.8,13.3,Recent,0,Mid,0,0,-0.29333833645124013,1.2170699076630893,2,Fast-track Performers
42,0,Travel_Frequently,532,Research & Development,29,2,Life Sciences,1,Female,92,3,2,Research Scientist,3,Divorced,4556,12932,2,No,11,3,2,1,19,3,3,5,4,0,2,0.0,0.8,0.6,0.4,11.1,Recent,0,Mid,0,0,-0.8864104634659034,0.47034607300089604,2,Fast-track Performers
30,0,Travel_Rarely,317,Research & Development,2,3,Life Sciences,3,Female,43,1,2,Manufacturing Director,4,Single,6091,24793,2,No,20,4,3,0,11,2,3,5,4,0,2,0.0,0.8,0.4,0.4,12.0,Recent,0,Mid,0,0,-0.8289023629663199,0.45425602768411716,2,Fast-track Performers
60,0,Travel_Rarely,422,Research & Development,7,3,Life Sciences,1,Female,41,3,5,Manager,1,Married,19566,3854,5,No,11,3,4,0,33,5,1,29,8,11,10,0.3793103448275862,0.2758620689655172,0.1724137931034483,0.3448275862068966,8.100000000000001,Critical,0,Veteran,1,1,3.988758149715885,2.8172460746113783,1,Stable Contributors
46,0,Travel_Rarely,1485,Research & Development,18,3,Medical,3,Female,87,3,2,Manufacturing Director,3,Divorced,4810,26314,2,No,14,3,3,1,19,5,2,10,7,0,8,0.0,0.7,0.5,0.8,13.4,Recent,0,Senior,0,1,0.4143040566341408,1.7281936113573677,1,Stable Contributors
42,0,Travel_Frequently,1368,Research & Development,28,4,Technical Degree,4,Female,88,2,2,Healthcare Representative,4,Married,4523,4386,0,No,11,3,4,3,7,4,4,6,5,0,4,0.0,0.8333333333333334,0.6666666666666666,0.6666666666666666,12.1,Recent,0,Mid,0,0,-0.4275577336333953,0.8286342539533644,2,Fast-track Performers
24,1,Travel_Rarely,1448,Sales,1,1,Technical Degree,1,Female,62,3,1,Sales Representative,2,Single,3202,21972,1,Yes,16,3,2,0,6,4,3,5,3,1,4,0.2,0.6,0.8,0.8,9.6,Recent,0,Mid,0,0,-0.5927842896385055,-0.3558208710564317,2,Fast-track Performers
34,1,Travel_Frequently,296,Sales,6,2,Marketing,4,Female,33,1,1,Sales Representative,3,Divorced,2351,12253,0,No,16,3,4,1,3,3,2,2,2,1,0,0.5,1.0,1.5,0.0,8.6,Recent,0,Early,0,0,-1.52887455102392,-1.3637952567733338,1,Fast-track Performers
38,0,Travel_Frequently,1490,Research & Development,2,2,Life Sciences,4,Male,42,3,1,Laboratory Technician,4,Married,1702,12106,1,Yes,23,4,3,1,1,3,3,1,0,0,0,0.0,0.0,3.0,0.0,11.3,Recent,0,Early,0,0,-3.6230896870537403,0.15499642199660746,2,Fast-track Performers
40,0,Travel_Rarely,1398,Sales,2,4,Life Sciences,3,Female,79,3,5,Manager,3,Married,18041,13022,0,No,14,3,4,0,21,2,3,20,15,1,12,0.05,0.75,0.1,0.6,15.4,Recent,0,Veteran,0,1,3.2001772471033374,3.903787418097266,1,Stable Contributors
26,0,Travel_Rarely,1349,Research & Development,23,3,Life Sciences,1,Female,90,3,1,Research Scientist,4,Divorced,2886,3032,1,No,22,4,2,2,3,3,1,3,2,0,2,0.0,0.6666666666666666,1.0,0.6666666666666666,11.2,Recent,0,Mid,0,0,-1.478206921354045,-0.20548176978060897,2,Fast-track Performers
30,0,Non-Travel,1400,Research & Development,3,3,Life Sciences,3,Male,53,3,1,Laboratory Technician,4,Married,2097,16734,4,No,15,3,3,1,9,3,1,5,3,1,4,0.2,0.6,0.6,0.8,8.5,Recent,0,Mid,0,0,-0.3914165336949652,-0.6677599330353792,2,Fast-track Performers
29,0,Travel_Rarely,986,Research & Development,3,4,Medical,2,Male,93,2,3,Research Director,3,Married,11935,21526,1,No,18,3,3,0,10,2,3,10,2,0,7,0.0,0.2,0.2,0.7,12.8,Recent,0,Senior,0,0,-0.1742518745924078,1.6537070491968138,2,Fast-track Performers
29,1,Travel_Rarely,408,Research & Development,25,5,Technical Degree,3,Female,71,2,1,Research Scientist,2,Married,2546,18300,5,No,16,3,2,0,6,2,4,2,2,1,1,0.5,1.0,1.0,0.5,7.6,Recent,0,Early,0,0,-0.7834281792184453,-1.8473963115889647,1,Fast-track Performers
19,1,Travel_Rarely,489,Human Resources,2,2,Technical Degree,1,Male,52,2,1,Human Resources,4,Single,2564,18437,1,No,12,3,3,0,1,3,4,1,0,0,0,0.0,0.0,3.0,0.0,9.2,Recent,0,Early,0,0,-3.472037048837586,-0.15564504549866987,2,Fast-track Performers
30,0,Non-Travel,1398,Sales,22,4,Other,3,Female,69,3,3,Sales Executive,1,Married,8412,2890,0,No,11,3,3,0,10,3,3,9,8,7,8,0.7777777777777778,0.8888888888888888,0.3333333333333333,0.8888888888888888,6.1,Critical,0,Senior,1,1,2.875152940068436,-0.7901657870309994,1,Stable Contributors
57,0,Travel_Rarely,210,Sales,29,3,Marketing,1,Male,56,2,4,Manager,4,Divorced,14118,22102,3,No,12,3,3,1,32,3,2,1,0,0,0,0.0,0.0,3.0,0.0,15.2,Recent,0,Early,0,0,-3.3323051459904454,1.9818050045568851,2,Fast-track Performers
50,0,Travel_Rarely,1099,Research & Development,29,4,Life Sciences,2,Male,88,2,4,Manager,3,Married,17046,9314,0,No,15,3,2,1,28,2,3,27,10,15,7,0.5555555555555556,0.3703703703703703,0.074074074074074,0.2592592592592592,-0.5,Critical,0,Veteran,1,1,4.976581053852991,0.04356808614329644,1,Stable Contributors
30,0,Non-Travel,1116,Research & Development,2,3,Medical,3,Female,49,3,1,Laboratory Technician,4,Single,2564,7181,0,No,14,3,3,0,12,2,2,11,7,6,7,0.5454545454545454,0.6363636363636364,0.1818181818181818,0.6363636363636364,2.4000000000000004,Delayed,0,Senior,1,1,2.1539529670109627,-1.6773470065459948,1,Stable Contributors
60,0,Travel_Frequently,1499,Sales,28,3,Marketing,3,Female,80,2,3,Sales Executive,1,Married,10266,2845,4,No,19,3,4,0,22,5,4,18,13,13,11,0.7222222222222222,0.7222222222222222,0.2777777777777778,0.6111111111111112,2.9000000000000004,Critical,0,Veteran,1,1,4.871756251771455,-0.02879604460933664,1,Stable Contributors
47,0,Travel_Rarely,983,Research & Development,2,2,Medical,1,Female,65,3,2,Manufacturing Director,4,Divorced,5070,7389,5,No,13,3,3,3,20,2,3,5,0,0,4,0.0,0.0,0.4,0.8,10.3,Recent,0,Mid,0,0,-1.2072909166728292,0.40601318217877164,2,Fast-track Performers
46,0,Travel_Rarely,1009,Research & Development,2,3,Life Sciences,1,Male,51,3,4,Research Director,3,Married,17861,2288,6,No,13,3,3,0,26,2,1,3,2,0,1,0.0,0.6666666666666666,0.6666666666666666,0.3333333333333333,14.3,Recent,0,Mid,0,0,-1.3055319162254404,1.4748651706924885,2,Fast-track Performers
35,0,Travel_Rarely,144,Research & Development,22,3,Life Sciences,4,Male,46,1,1,Laboratory Technician,3,Single,4230,19225,0,No,15,3,3,0,6,2,3,5,4,4,3,0.8,0.8,0.4,0.6,4.5,Delayed,0,Mid,0,0,0.7639856946297227,-2.389471752983338,1,Fast-track Performers
54,0,Travel_Rarely,548,Research & Development,8,4,Life Sciences,3,Female,42,3,2,Laboratory Technician,3,Single,3780,23428,7,No,11,3,3,0,19,3,3,1,0,0,0,0.0,0.0,3.0,0.0,11.1,Recent,0,Early,0,0,-3.4182667651163414,0.5420458536867402,2,Fast-track Performers
34,0,Travel_Rarely,1303,Research & Development,2,4,Life Sciences,4,Male,62,2,1,Research Scientist,3,Divorced,2768,8416,3,No,12,3,3,1,14,3,3,7,3,5,7,0.7142857142857143,0.4285714285714285,0.4285714285714285,1.0,4.199999999999999,Delayed,0,Senior,1,1,1.2714003269571235,-1.9060866521456092,1,Stable Contributors
46,0,Travel_Rarely,1125,Sales,10,3,Marketing,3,Female,94,2,3,Sales Executive,4,Married,9071,11563,2,Yes,19,3,3,1,15,3,3,3,2,1,2,0.3333333333333333,0.6666666666666666,1.0,0.6666666666666666,12.9,Recent,0,Mid,0,0,-0.8850206260040794,0.3808510175533105,2,Fast-track Performers
31,0,Travel_Rarely,1274,Research & Development,9,1,Life Sciences,3,Male,33,3,3,Manufacturing Director,2,Divorced,10648,14394,1,No,25,4,4,1,13,6,4,13,8,0,8,0.0,0.6153846153846154,0.4615384615384615,0.6153846153846154,18.5,Recent,0,Senior,0,1,0.31521815791756763,3.409784739989547,1,Stable Contributors
33,1,Travel_Rarely,1277,Research & Development,15,1,Medical,2,Male,56,3,3,Manager,3,Married,13610,24619,7,Yes,12,3,4,0,15,2,4,7,6,7,7,1.0,0.8571428571428571,0.2857142857142857,1.0,5.199999999999999,Critical,0,Senior,1,1,2.7409222201842285,-1.674612004680472,1,Stable Contributors
33,1,Travel_Rarely,587,Research & Development,10,1,Medical,1,Male,38,1,1,Laboratory Technician,4,Divorced,3408,6705,7,No,13,3,1,3,8,2,3,4,3,1,3,0.25,0.75,0.5,0.75,7.300000000000001,Recent,0,Mid,0,0,-0.2925221262775523,-1.240867645001426,2,Fast-track Performers
30,0,Travel_Rarely,413,Sales,7,1,Marketing,4,Male,57,3,1,Sales Representative,2,Single,2983,18398,0,No,14,3,1,0,4,3,3,3,2,1,2,0.3333333333333333,0.6666666666666666,1.0,0.6666666666666666,8.4,Recent,0,Mid,0,0,-0.9422103140411842,-1.1180779366492681,2,Fast-track Performers
35,0,Travel_Rarely,1276,Research & Development,16,3,Life Sciences,4,Male,72,3,3,Healthcare Representative,3,Married,7632,14295,4,Yes,12,3,3,0,10,2,3,8,7,0,0,0.0,0.875,0.25,0.0,12.2,Recent,0,Senior,0,0,-0.5197544946575506,1.255567168967815,2,Fast-track Performers
31,1,Travel_Frequently,534,Research & Development,20,3,Life Sciences,1,Male,66,3,3,Healthcare Representative,3,Married,9824,22908,3,No,12,3,1,0,12,2,3,1,0,0,0,0.0,0.0,2.0,0.0,12.2,Recent,0,Early,0,0,-2.9265501425719336,1.0091889913748144,2,Fast-track Performers
34,1,Travel_Frequently,988,Human Resources,23,3,Human Resources,2,Female,43,3,3,Human Resources,1,Divorced,9950,11533,9,Yes,15,3,3,3,11,2,3,3,2,0,2,0.0,0.6666666666666666,0.6666666666666666,0.6666666666666666,12.5,Recent,0,Mid,0,0,-1.0255705839578761,0.6770356462781264,2,Fast-track Performers
42,0,Travel_Frequently,1474,Research & Development,5,2,Other,2,Male,97,3,1,Laboratory Technician,3,Married,2093,9260,4,No,17,3,4,1,8,4,3,2,2,2,0,1.0,1.0,2.0,0.0,8.7,Moderate,0,Early,0,0,-1.312836179092601,-1.937874332447861,1,Fast-track Performers
36,0,Non-Travel,635,Sales,10,4,Medical,2,Male,32,3,3,Sales Executive,4,Single,9980,15318,1,No,14,3,4,0,10,3,2,10,3,9,7,0.9,0.3,0.3,0.7,4.4,Critical,0,Senior,1,1,2.1764194534436196,-1.0882869516647717,1,Stable Contributors
22,1,Travel_Frequently,1368,Research & Development,4,1,Technical Degree,3,Male,99,2,1,Laboratory Technician,3,Single,3894,9129,5,No,16,3,3,0,4,3,3,2,2,1,2,0.5,1.0,1.5,1.0,8.6,Recent,0,Early,0,0,-0.6199495021528181,-1.7644646050996315,2,Fast-track Performers
48,0,Travel_Rarely,163,Sales,2,5,Marketing,2,Female,37,3,2,Sales Executive,4,Married,4051,19658,2,No,14,3,1,1,14,2,3,9,7,6,7,0.6666666666666666,0.7777777777777778,0.2222222222222222,0.7777777777777778,4.4,Delayed,0,Senior,1,1,2.3304153343291505,-1.3936345110580586,1,Stable Contributors
55,0,Travel_Rarely,1117,Sales,18,5,Life Sciences,1,Female,83,3,4,Manager,2,Single,16835,9873,3,No,23,4,4,0,37,2,3,10,9,7,7,0.7,0.9,0.2,0.7,9.3,Critical,0,Senior,1,1,2.8288537780172427,0.18731014684125236,1,Stable Contributors
41,0,Non-Travel,267,Sales,10,2,Life Sciences,4,Male,56,3,2,Sales Executive,4,Single,6230,13430,7,No,14,3,4,0,16,3,3,14,3,1,10,0.0714285714285714,0.2142857142857142,0.2142857142857142,0.7142857142857143,10.4,Recent,0,Senior,0,1,0.6421745649024355,1.303348304215312,2,Stable Contributors
35,0,Travel_Rarely,619,Sales,1,3,Marketing,2,Male,85,3,2,Sales Executive,3,Married,4717,18659,9,No,11,3,3,0,15,2,3,11,9,6,9,0.5454545454545454,0.8181818181818182,0.1818181818181818,0.8181818181818182,4.1,Delayed,0,Senior,1,1,2.925309477342906,-1.005027792097253,1,Stable Contributors
40,0,Travel_Rarely,302,Research & Development,6,3,Life Sciences,2,Female,75,3,4,Manufacturing Director,3,Single,13237,20364,7,No,15,3,3,0,22,3,3,20,6,5,13,0.25,0.3,0.15,0.65,10.5,Delayed,0,Veteran,1,1,2.7110123681436256,2.329387665117202,1,Stable Contributors
39,0,Travel_Frequently,443,Research & Development,8,1,Life Sciences,3,Female,48,3,1,Laboratory Technician,3,Married,3755,17872,1,No,11,3,1,1,8,3,3,8,3,0,7,0.0,0.375,0.375,0.875,9.1,Recent,0,Senior,0,0,-0.17895074720087586,0.1715885270912153,2,Fast-track Performers
31,0,Travel_Rarely,828,Sales,2,1,Life Sciences,2,Male,77,3,2,Sales Executive,4,Single,6582,8346,4,Yes,13,3,3,0,10,2,4,6,5,0,5,0.0,0.8333333333333334,0.3333333333333333,0.8333333333333334,10.3,Recent,0,Mid,0,0,0.15227939265167179,0.23131395970174018,2,Fast-track Performers
42,0,Travel_Rarely,319,Research & Development,24,3,Medical,4,Male,56,3,3,Manufacturing Director,1,Married,7406,6950,1,Yes,21,4,4,1,10,5,2,10,9,5,8,0.5,0.9,0.5,0.8,12.1,Delayed,0,Senior,1,1,1.9814112623355837,1.015603629307524,1,Stable Contributors
45,0,Travel_Rarely,561,Sales,2,3,Other,4,Male,61,3,2,Sales Executive,2,Married,4805,16177,0,No,19,3,2,1,9,3,4,8,7,3,7,0.375,0.875,0.375,0.875,8.9,Moderate,0,Senior,0,1,1.422082846805479,-0.20221260379000497,1,Stable Contributors
26,1,Travel_Frequently,426,Human Resources,17,4,Life Sciences,2,Female,58,3,1,Human Resources,3,Divorced,2741,22808,0,Yes,11,3,2,1,8,2,2,7,7,1,0,0.1428571428571428,1.0,0.2857142857142857,0.0,7.1,Recent,0,Senior,0,0,-0.3126375419932051,-0.702528155534314,2,Fast-track Performers
29,0,Travel_Rarely,232,Research & Development,19,3,Technical Degree,4,Male,34,3,2,Manufacturing Director,4,Divorced,4262,22645,4,No,12,3,2,2,8,2,4,3,2,1,2,0.3333333333333333,0.6666666666666666,0.6666666666666666,0.6666666666666666,9.2,Recent,0,Mid,0,0,-0.6440460191770297,-0.726157108112425,2,Fast-track Performers
33,0,Travel_Rarely,922,Research & Development,1,5,Medical,1,Female,95,4,4,Research Director,3,Divorced,16184,22578,4,No,19,3,3,1,10,2,3,6,1,0,5,0.0,0.1666666666666666,0.3333333333333333,0.8333333333333334,14.9,Recent,0,Mid,0,0,-0.7076570985573267,1.9596826565370344,2,Fast-track Performers
31,0,Travel_Rarely,688,Sales,7,3,Life Sciences,3,Male,44,2,3,Manager,4,Divorced,11557,25291,9,No,21,4,3,1,10,3,2,5,4,0,1,0.0,0.8,0.6,0.2,15.1,Recent,0,Mid,0,0,-1.2337870761821843,1.5252866372627731,2,Fast-track Performers
18,1,Travel_Frequently,1306,Sales,5,3,Marketing,2,Male,69,3,1,Sales Representative,2,Single,1878,8059,1,Yes,14,3,4,0,0,3,3,0,0,0,0,0.0,0.0,0.0,0.0,9.4,Recent,0,Early,0,0,-2.582416625981779,-0.038987834986266234,2,Fast-track Performers
40,0,Non-Travel,1094,Sales,28,3,Other,3,Male,58,1,3,Sales Executive,1,Divorced,10932,11373,3,No,15,3,3,1,20,2,3,1,0,0,1,0.0,0.0,2.0,1.0,12.5,Recent,0,Early,0,0,-2.153052789429344,0.597020875407726,2,Fast-track Performers
41,0,Non-Travel,509,Research & Development,2,4,Other,1,Female,62,2,2,Healthcare Representative,3,Single,6811,2112,2,Yes,17,3,1,0,10,3,3,8,7,0,7,0.0,0.875,0.375,0.875,11.7,Recent,0,Senior,0,1,0.6207461275855011,0.8604266928341157,1,Stable Contributors
26,0,Travel_Rarely,775,Sales,29,2,Medical,1,Male,45,3,2,Sales Executive,3,Divorced,4306,4267,5,No,12,3,1,2,8,5,3,0,0,0,0,0.0,0.0,0.0,0.0,13.2,Recent,0,Early,0,0,-2.7807241402329135,1.2567108096488568,2,Fast-track Performers
35,0,Travel_Rarely,195,Sales,1,3,Medical,1,Female,80,3,2,Sales Executive,3,Single,4859,6698,1,No,16,3,4,0,5,3,3,5,4,0,3,0.0,0.8,0.6,0.6,11.6,Recent,0,Mid,0,0,-0.6722811191055212,0.4977001295852483,2,Fast-track Performers
34,0,Travel_Rarely,258,Sales,21,4,Life Sciences,4,Male,74,4,2,Sales Executive,4,Single,5337,19921,1,No,12,3,4,0,10,3,3,10,7,5,7,0.5,0.7,0.3,0.7,6.199999999999999,Delayed,0,Senior,1,1,1.8492972773510394,-0.5605912332272347,1,Stable Contributors
26,1,Travel_Rarely,471,Research & Development,24,3,Technical Degree,3,Male,66,1,1,Laboratory Technician,4,Single,2340,23213,1,Yes,18,3,2,0,1,3,1,1,0,0,0,0.0,0.0,3.0,0.0,9.8,Recent,0,Early,0,0,-3.515194945470773,-0.06689034050001907,2,Fast-track Performers
37,0,Travel_Rarely,799,Research & Development,1,3,Technical Degree,2,Female,59,3,3,Manufacturing Director,4,Single,7491,23848,4,No,17,3,4,0,12,3,4,6,5,1,2,0.1666666666666666,0.8333333333333334,0.5,0.3333333333333333,12.7,Recent,0,Mid,0,0,-0.3966628333658007,0.9697122093287451,2,Fast-track Performers
46,0,Travel_Frequently,1034,Research & Development,18,1,Medical,1,Female,86,3,3,Healthcare Representative,3,Married,10527,8984,5,No,11,3,4,0,28,3,2,2,2,1,2,0.5,1.0,1.5,1.0,12.1,Recent,0,Early,0,0,-0.49082998639373504,-0.4134601592281371,1,Fast-track Performers
41,0,Travel_Rarely,1276,Sales,2,5,Life Sciences,2,Female,91,3,4,Manager,1,Married,16595,5626,7,No,16,3,2,1,22,2,3,18,16,11,8,0.6111111111111112,0.8888888888888888,0.1111111111111111,0.4444444444444444,3.6,Critical,0,Veteran,1,1,4.928584215965394,0.22908339098436248,1,Stable Contributors
37,0,Non-Travel,142,Sales,9,4,Medical,1,Male,69,3,3,Sales Executive,2,Divorced,8834,24666,1,No,13,3,4,1,9,6,3,9,5,7,7,0.7777777777777778,0.5555555555555556,0.6666666666666666,0.7777777777777778,9.3,Critical,0,Senior,1,1,1.6059602961950965,0.20299460898514018,2,Stable Contributors
52,0,Travel_Rarely,956,Research & Development,6,2,Technical Degree,4,Male,78,3,2,Research Scientist,1,Divorced,5577,22087,3,Yes,12,3,2,2,18,3,3,10,9,6,9,0.6,0.9,0.3,0.9,5.199999999999999,Delayed,0,Senior,1,1,2.833036019307675,-0.907052889018176,1,Stable Contributors
32,1,Non-Travel,1474,Sales,11,4,Other,4,Male,60,4,2,Sales Executive,3,Married,4707,23914,8,No,12,3,4,0,6,2,3,4,2,1,2,0.25,0.5,0.5,0.5,9.2,Recent,0,Mid,0,0,-0.8072186406002123,-0.3661619445919291,2,Fast-track Performers
24,0,Travel_Frequently,535,Sales,24,3,Medical,4,Male,38,3,1,Sales Representative,4,Married,2400,5530,0,No,13,3,3,2,3,3,3,2,2,2,1,1.0,1.0,1.5,0.5,7.300000000000001,Moderate,0,Early,0,0,-0.5386178761983353,-2.4806451905959253,1,Fast-track Performers
38,0,Travel_Rarely,1495,Research & Development,10,3,Medical,3,Female,76,3,2,Healthcare Representative,3,Married,9824,22174,3,No,19,3,3,1,18,4,3,1,0,0,0,0.0,0.0,4.0,0.0,12.9,Recent,0,Early,0,0,-3.928142931661483,0.9205181235151603,2,Fast-track Performers
37,0,Travel_Rarely,446,Research & Development,1,4,Life Sciences,2,Female,65,3,2,Manufacturing Director,2,Married,6447,15701,6,No,12,3,2,1,8,2,2,6,5,4,3,0.6666666666666666,0.8333333333333334,0.3333333333333333,0.5,6.199999999999999,Delayed,0,Mid,0,1,0.9000215602635828,-1.4065283215506166,1,Stable Contributors
49,0,Travel_Rarely,1245,Research & Development,18,4,Life Sciences,4,Male,58,2,5,Research Director,3,Divorced,19502,2125,1,Yes,17,3,3,1,31,5,3,31,9,0,9,0.0,0.2903225806451613,0.1612903225806451,0.2903225806451613,19.7,Recent,0,Veteran,0,1,1.7024534888640777,5.677569863931343,1,Stable Contributors
24,0,Travel_Rarely,691,Research & Development,23,3,Medical,2,Male,89,4,1,Research Scientist,4,Married,2725,21630,1,Yes,11,3,2,2,6,3,3,6,5,1,4,0.1666666666666666,0.8333333333333334,0.5,0.6666666666666666,8.1,Recent,0,Mid,0,0,0.008113807542217463,-0.6030641516288866,1,Fast-track Performers
26,0,Travel_Rarely,703,Sales,28,2,Marketing,1,Male,66,3,2,Sales Executive,2,Married,6272,7428,1,No,20,4,4,2,6,5,4,5,3,1,4,0.2,0.6,1.0,0.8,14.0,Recent,0,Mid,0,0,-0.8410835206715708,0.8609034017714439,2,Fast-track Performers
24,0,Travel_Rarely,823,Research & Development,17,2,Other,4,Male,94,2,1,Laboratory Technician,2,Married,2127,9100,1,No,21,4,4,1,1,2,3,1,0,0,0,0.0,0.0,2.0,0.0,10.1,Recent,0,Early,0,0,-3.1563714171417865,-0.134721142833162,2,Fast-track Performers
50,0,Travel_Frequently,1246,Human Resources,3,3,Medical,1,Male,99,3,5,Manager,2,Married,18200,7999,1,No,11,3,3,1,32,2,3,32,5,10,7,0.3125,0.15625,0.0625,0.21875,6.100000000000001,Critical,0,Veteran,1,1,3.5205940568208782,2.168158459397414,1,Stable Contributors
25,0,Travel_Rarely,622,Sales,13,1,Medical,2,Male,40,3,1,Sales Representative,3,Married,2096,26376,1,No,11,3,3,0,7,1,3,7,4,0,6,0.0,0.5714285714285714,0.1428571428571428,0.8571428571428571,7.1,Recent,1,Senior,0,0,0.21291290287759973,-0.6008470330464175,2,Fast-track Performers
24,1,Travel_Frequently,1287,Research & Development,7,3,Life Sciences,1,Female,55,3,1,Laboratory Technician,3,Married,2886,14168,1,Yes,16,3,4,1,6,4,3,6,3,1,2,0.1666666666666666,0.5,0.6666666666666666,0.3333333333333333,9.6,Recent,0,Mid,0,0,-1.1210092601001496,-0.06403443666316189,2,Fast-track Performers
30,1,Travel_Frequently,448,Sales,12,4,Life Sciences,2,Male,74,2,1,Sales Representative,1,Married,2033,14470,1,No,18,3,3,1,1,2,4,1,0,0,0,0.0,0.0,2.0,0.0,8.8,Recent,0,Early,0,0,-3.0628626411032145,-0.3270230036635715,2,Fast-track Performers
34,0,Travel_Rarely,254,Research & Development,1,2,Life Sciences,2,Male,83,2,1,Research Scientist,4,Married,3622,22794,1,Yes,13,3,4,1,6,3,3,6,5,1,3,0.1666666666666666,0.8333333333333334,0.5,0.5,8.3,Recent,0,Mid,0,0,-0.23365883108864074,-0.5439517720016973,1,Fast-track Performers
31,1,Travel_Rarely,1365,Sales,13,4,Medical,2,Male,46,3,2,Sales Executive,1,Divorced,4233,11512,2,No,17,3,3,0,9,2,1,3,1,1,2,0.3333333333333333,0.3333333333333333,0.6666666666666666,0.6666666666666666,9.7,Recent,0,Mid,0,0,-1.021149958159883,-0.49628562847164287,2,Fast-track Performers
35,0,Travel_Rarely,538,Research & Development,25,2,Other,1,Male,54,2,2,Laboratory Technician,4,Single,3681,14004,4,No,14,3,4,0,9,3,3,3,2,0,2,0.0,0.6666666666666666,1.0,0.6666666666666666,11.4,Recent,0,Mid,0,0,-1.3021559305054369,0.24073746524195772,2,Fast-track Performers
31,0,Travel_Rarely,525,Sales,6,4,Medical,1,Male,66,4,2,Sales Executive,4,Divorced,5460,6219,4,No,22,4,4,2,13,4,4,7,7,5,7,0.7142857142857143,1.0,0.5714285714285714,1.0,9.2,Delayed,0,Senior,1,1,1.843370090276856,-0.7541840255340476,1,Stable Contributors
27,0,Travel_Rarely,798,Research & Development,6,4,Medical,1,Female,66,2,1,Research Scientist,3,Divorced,2187,5013,0,No,12,3,3,2,6,5,2,5,3,0,3,0.0,0.6,1.0,0.6,11.2,Recent,0,Mid,0,0,-1.3286504796276155,0.3944515019809439,2,Fast-track Performers
37,0,Travel_Rarely,558,Sales,2,3,Marketing,4,Male,75,3,2,Sales Executive,3,Married,9602,3010,4,Yes,11,3,3,1,17,3,2,3,0,1,0,0.3333333333333333,0.0,1.0,0.0,10.1,Recent,0,Mid,0,0,-2.2381813125412857,0.09170866394452587,2,Fast-track Performers
20,0,Travel_Rarely,959,Research & Development,1,3,Life Sciences,4,Female,83,2,1,Research Scientist,2,Single,2836,11757,1,No,13,3,4,0,1,0,4,1,0,0,0,0.0,0.0,0.0,0.0,6.3,Recent,1,Early,0,0,-2.1222331185071077,-0.9212505841562189,2,Fast-track Performers
42,0,Travel_Rarely,622,Research & Development,2,4,Life Sciences,3,Female,81,3,2,Healthcare Representative,4,Married,4089,5718,1,No,13,3,2,2,10,4,3,10,2,2,2,0.2,0.2,0.4,0.2,10.3,Moderate,0,Senior,0,0,-0.9070245015291134,0.7872306389620193,2,Fast-track Performers
43,0,Travel_Rarely,782,Research & Development,6,4,Other,2,Male,50,2,4,Research Director,4,Divorced,16627,2671,4,Yes,14,3,3,1,21,3,2,1,0,0,0,0.0,0.0,3.0,0.0,15.4,Recent,0,Early,0,0,-3.3466911115348412,2.011389906223102,2,Fast-track Performers
38,0,Travel_Rarely,362,Research & Development,1,1,Life Sciences,3,Female,43,3,1,Research Scientist,1,Single,2619,14561,3,No,17,3,4,0,8,3,2,0,0,0,0,0.0,0.0,0.0,0.0,9.7,Recent,0,Early,0,0,-2.6039955742983723,0.005389517513058883,2,Fast-track Performers
43,0,Travel_Frequently,1001,Research & Development,9,5,Medical,4,Male,72,3,2,Laboratory Technician,3,Divorced,5679,19627,3,Yes,13,3,2,1,10,3,3,8,7,4,7,0.5,0.875,0.375,0.875,7.300000000000001,Delayed,0,Senior,0,1,1.7371483050267902,-0.6550420415521013,1,Stable Contributors
48,0,Travel_Rarely,1236,Research & Development,1,4,Life Sciences,4,Female,40,2,4,Manager,1,Married,15402,17997,7,No,11,3,1,1,21,3,1,3,2,0,2,0.0,0.6666666666666666,1.0,0.6666666666666666,15.1,Recent,0,Mid,0,0,-1.1874223802907495,1.621326812779669,2,Fast-track Performers
44,0,Travel_Rarely,1112,Human Resources,1,4,Life Sciences,1,Female,50,2,2,Human Resources,3,Single,5985,26894,4,No,11,3,2,0,10,1,4,2,2,0,2,0.0,1.0,0.5,1.0,9.1,Recent,1,Early,0,0,-0.46965479467637516,-0.8203383633915017,2,Fast-track Performers
34,0,Travel_Rarely,204,Sales,14,3,Technical Degree,3,Female,31,3,1,Sales Representative,3,Divorced,2579,2912,1,Yes,18,3,4,2,8,3,3,8,2,0,6,0.0,0.25,0.375,0.75,9.8,Recent,0,Senior,0,0,-0.6273731858917168,0.3114122336772419,2,Fast-track Performers
27,1,Travel_Rarely,1420,Sales,2,1,Marketing,3,Male,85,3,1,Sales Representative,1,Divorced,3041,16346,0,No,11,3,2,1,5,3,3,4,3,0,2,0.0,0.75,0.75,0.5,9.1,Recent,0,Mid,0,0,-1.125278190611227,-0.3699609060301774,2,Fast-track Performers
21,0,Travel_Rarely,1343,Sales,22,1,Technical Degree,3,Male,49,3,1,Sales Representative,3,Single,3447,24444,1,No,11,3,3,0,3,2,3,3,2,1,2,0.3333333333333333,0.6666666666666666,0.6666666666666666,0.6666666666666666,7.1,Recent,0,Mid,0,0,-0.6834303373538788,-1.4534329089640519,2,Fast-track Performers
44,0,Travel_Rarely,1315,Research & Development,3,4,Other,4,Male,35,3,5,Manager,4,Married,19513,9358,4,Yes,12,3,1,1,26,2,4,2,2,0,1,0.0,1.0,1.0,0.5,16.2,Recent,0,Early,0,0,-1.0825622464069065,1.8155051923127923,2,Fast-track Performers
22,0,Travel_Rarely,604,Research & Development,6,1,Medical,1,Male,69,3,1,Research Scientist,3,Married,2773,12145,0,No,20,4,4,0,3,3,3,2,2,2,2,1.0,1.0,1.5,1.0,9.0,Moderate,0,Early,0,0,-0.20643605889014768,-2.4295082005962305,1,Fast-track Performers
33,0,Travel_Rarely,1216,Sales,8,4,Marketing,3,Male,39,3,2,Sales Executive,3,Divorced,7104,20431,0,No,12,3,4,0,6,3,3,5,0,1,2,0.2,0.0,0.6,0.4,10.2,Recent,0,Mid,0,0,-1.574092133829529,0.3158963700111018,2,Fast-track Performers
32,0,Travel_Rarely,646,Research & Development,9,4,Life Sciences,1,Female,92,3,2,Research Scientist,4,Married,6322,18089,1,Yes,12,3,4,1,6,2,2,6,4,0,5,0.0,0.6666666666666666,0.3333333333333333,0.8333333333333334,10.2,Recent,0,Mid,0,0,-0.06801092369460675,0.2701833318185334,2,Fast-track Performers
30,0,Travel_Frequently,160,Research & Development,3,3,Medical,3,Female,71,3,1,Research Scientist,3,Divorced,2083,22653,1,No,20,4,3,1,1,2,3,1,0,0,0,0.0,0.0,2.0,0.0,10.0,Recent,0,Early,0,0,-3.1491784343695883,-0.14951359366627037,2,Fast-track Performers
53,0,Travel_Rarely,238,Sales,1,1,Medical,4,Female,34,3,2,Sales Executive,1,Single,8381,7507,7,No,20,4,4,0,18,2,4,14,7,8,10,0.5714285714285714,0.5,0.1428571428571428,0.7142857142857143,4.0,Critical,0,Senior,1,1,2.990965981016937,-0.7844666619299436,1,Stable Contributors
34,0,Travel_Rarely,1397,Research & Development,1,5,Life Sciences,2,Male,42,3,1,Research Scientist,4,Married,2691,7660,1,No,12,3,4,1,10,4,2,10,9,8,8,0.8,0.9,0.4,0.8,2.1999999999999997,Critical,0,Senior,1,1,2.9540895715483746,-1.9828045546132016,1,Stable Contributors
45,1,Travel_Frequently,306,Sales,26,4,Life Sciences,1,Female,100,3,2,Sales Executive,1,Married,4286,5630,2,No,14,3,4,2,5,4,3,1,1,0,0,0.0,1.0,4.0,0.0,12.4,Recent,0,Early,0,0,-3.096416088665078,0.2816570337730247,2,Fast-track Performers
26,0,Travel_Rarely,991,Research & Development,6,3,Life Sciences,3,Female,71,3,1,Laboratory Technician,4,Married,2659,17759,1,Yes,13,3,3,1,3,2,3,3,2,0,2,0.0,0.6666666666666666,0.6666666666666666,0.6666666666666666,8.3,Recent,0,Mid,0,0,-1.1043392203115745,-0.7775159554251271,2,Fast-track Performers
37,0,Travel_Rarely,482,Research & Development,3,3,Other,3,Male,36,3,3,Manufacturing Director,3,Married,9434,9606,1,No,15,3,3,1,10,2,3,10,7,7,8,0.7,0.7,0.2,0.8,5.5,Critical,0,Senior,1,1,2.7296796523501596,-0.761277633014222,1,Stable Contributors
29,0,Travel_Rarely,1176,Sales,3,2,Medical,2,Female,62,3,2,Sales Executive,3,Married,5561,3487,1,No,14,3,1,1,6,5,2,6,0,1,2,0.1666666666666666,0.0,0.8333333333333334,0.3333333333333333,12.4,Recent,0,Mid,0,0,-1.9259141003336362,1.0785383395172794,2,Fast-track Performers
35,0,Travel_Rarely,1017,Research & Development,6,4,Life Sciences,2,Male,82,1,2,Research Scientist,4,Single,6646,19368,1,No,13,3,2,0,17,3,3,17,11,11,8,0.6470588235294118,0.6470588235294118,0.1764705882352941,0.4705882352941176,0.3000000000000007,Critical,0,Veteran,1,1,3.9491850397608097,-1.145283363048781,1,Stable Contributors
33,0,Travel_Frequently,1296,Research & Development,6,3,Life Sciences,3,Male,30,3,2,Healthcare Representative,4,Divorced,7725,5335,3,No,23,4,3,1,15,2,1,13,11,4,7,0.3076923076923077,0.8461538461538461,0.1538461538461538,0.5384615384615384,8.3,Delayed,0,Senior,0,1,2.196830979218121,0.2483228534541186,1,Stable Contributors
54,0,Travel_Rarely,397,Human Resources,19,4,Medical,3,Male,88,3,3,Human Resources,2,Married,10725,6729,2,No,15,3,3,1,16,1,4,9,7,7,1,0.7777777777777778,0.7777777777777778,0.1111111111111111,0.1111111111111111,4.5,Critical,1,Senior,1,1,1.6609792729078559,-1.3065178888316964,1,Stable Contributors
36,0,Travel_Rarely,913,Research & Development,9,2,Medical,2,Male,48,2,2,Manufacturing Director,2,Divorced,8847,13934,2,Yes,11,3,3,1,13,2,3,3,2,0,2,0.0,0.6666666666666666,0.6666666666666666,0.6666666666666666,10.1,Recent,0,Mid,0,0,-1.0433759538181315,-0.09461750707282572,2,Fast-track Performers
27,0,Travel_Rarely,1115,Research & Development,3,4,Medical,1,Male,54,2,1,Research Scientist,4,Single,2045,15174,0,No,13,3,4,0,5,0,3,4,2,1,1,0.25,0.5,0.0,0.25,5.3,Recent,1,Mid,0,0,-0.7245253225029797,-1.5812900455597148,2,Fast-track Performers
20,1,Travel_Rarely,1362,Research & Development,10,1,Medical,4,Male,32,3,1,Research Scientist,3,Single,1009,26999,1,Yes,11,3,4,0,1,5,3,1,0,1,1,1.0,0.0,5.0,1.0,10.1,Recent,0,Early,0,0,-2.737140317287461,-1.6562731114934324,2,Fast-track Performers
33,1,Travel_Frequently,1076,Research & Development,3,3,Life Sciences,1,Male,70,3,1,Research Scientist,1,Single,3348,3164,1,Yes,11,3,1,0,10,3,3,10,8,9,7,0.9,0.8,0.3,0.7,0.0999999999999996,Critical,0,Senior,1,1,3.014948843447725,-2.621445313899966,1,Stable Contributors
35,0,Non-Travel,727,Research & Development,3,3,Life Sciences,3,Male,41,2,1,Laboratory Technician,3,Married,1281,16900,1,No,18,3,3,2,1,3,3,1,0,0,0,0.0,0.0,3.0,0.0,9.8,Recent,0,Early,0,0,-3.515194945470773,-0.06689034050001907,2,Fast-track Performers
23,0,Travel_Rarely,885,Research & Development,4,3,Medical,1,Male,58,4,1,Research Scientist,1,Married,2819,8544,2,No,16,3,1,1,5,3,4,3,2,0,2,0.0,0.6666666666666666,1.0,0.6666666666666666,9.6,Recent,0,Mid,0,0,-1.3631191969988794,-0.4421609831103439,2,Fast-track Performers
25,0,Travel_Rarely,810,Sales,8,3,Life Sciences,4,Male,57,4,2,Sales Executive,2,Married,4851,15678,0,No,22,4,3,1,4,4,3,3,2,1,2,0.3333333333333333,0.6666666666666666,1.3333333333333333,0.6666666666666666,13.2,Recent,0,Mid,0,0,-1.26230773136241,0.15164714818065972,2,Fast-track Performers
38,0,Travel_Rarely,243,Sales,7,4,Marketing,4,Female,46,2,2,Sales Executive,4,Single,4028,7791,0,No,20,4,1,0,8,2,3,7,7,0,5,0.0,1.0,0.2857142857142857,0.7142857142857143,12.0,Recent,0,Senior,0,0,0.36966191271858134,0.5926451578391344,1,Fast-track Performers
29,0,Travel_Frequently,806,Research & Development,1,4,Life Sciences,2,Male,76,1,1,Research Scientist,4,Divorced,2720,18959,1,No,18,3,4,1,10,5,3,10,7,2,8,0.2,0.7,0.5,0.8,9.8,Moderate,0,Senior,0,1,0.8504622623745095,0.41447235573061414,1,Stable Contributors
48,0,Travel_Rarely,817,Sales,2,1,Marketing,2,Male,56,4,2,Sales Executive,2,Married,8120,18597,3,No,12,3,4,0,12,3,3,2,2,2,2,1.0,1.0,1.5,1.0,9.2,Moderate,0,Early,0,0,-0.03038506804153958,-1.9832889655736643,1,Fast-track Performers
27,0,Travel_Frequently,1410,Sales,3,1,Medical,4,Female,71,4,2,Sales Executive,4,Divorced,4647,16673,1,Yes,20,4,2,2,6,3,3,6,5,0,4,0.0,0.8333333333333334,0.5,0.6666666666666666,13.0,Recent,0,Mid,0,0,-0.38080619693365414,0.8110019608039902,2,Fast-track Performers
37,0,Travel_Rarely,1225,Research & Development,10,2,Life Sciences,4,Male,80,4,1,Research Scientist,4,Single,4680,15232,3,No,17,3,1,0,4,2,3,1,0,0,0,0.0,0.0,2.0,0.0,8.7,Recent,0,Early,0,0,-3.0556696583310163,-0.34181545449668016,2,Fast-track Performers
50,0,Travel_Rarely,1207,Research & Development,28,1,Medical,4,Male,74,4,1,Laboratory Technician,3,Married,3221,3297,1,Yes,11,3,3,3,20,3,3,20,8,3,8,0.15,0.4,0.15,0.4,6.1,Moderate,0,Veteran,0,1,1.7094582856639555,0.5422395215841586,1,Stable Contributors
34,0,Travel_Rarely,1442,Research & Development,9,3,Medical,4,Female,46,2,3,Healthcare Representative,2,Single,8621,17654,1,No,14,3,2,0,9,3,4,8,7,7,7,0.875,0.875,0.375,0.875,6.4,Critical,0,Senior,1,1,2.5922553079680126,-1.0199904389908123,1,Stable Contributors
24,1,Travel_Rarely,693,Sales,3,2,Life Sciences,1,Female,65,3,2,Sales Executive,3,Single,4577,24785,9,No,14,3,1,0,4,3,3,2,2,2,0,1.0,1.0,1.5,0.0,9.4,Moderate,0,Early,0,0,-0.9536960824570373,-1.5530347155811495,1,Fast-track Performers
39,0,Travel_Rarely,408,Research & Development,2,4,Technical Degree,4,Female,80,2,2,Healthcare Representative,3,Single,4553,20978,1,No,11,3,1,0,20,4,3,20,7,11,10,0.55,0.35,0.2,0.5,1.0999999999999996,Critical,0,Veteran,1,1,3.5457295777818985,-0.4982884624759545,1,Stable Contributors
32,0,Travel_Rarely,929,Sales,10,3,Marketing,4,Male,55,3,2,Sales Executive,4,Single,5396,21703,1,No,12,3,4,0,10,2,2,10,7,0,8,0.0,0.7,0.2,0.8,10.2,Recent,0,Senior,0,1,0.9144052674939828,0.7932886457602755,1,Stable Contributors
50,1,Travel_Frequently,562,Sales,8,2,Technical Degree,2,Male,50,3,2,Sales Executive,3,Married,6796,23452,3,Yes,14,3,1,1,18,4,3,4,3,1,3,0.25,0.75,1.0,0.75,11.4,Recent,0,Mid,0,0,-0.6737570458429151,0.07607463464409317,2,Fast-track Performers
38,0,Travel_Rarely,827,Research & Development,1,4,Life Sciences,2,Female,33,4,2,Healthcare Representative,4,Single,7625,19383,0,No,13,3,3,0,10,4,2,9,7,1,8,0.1111111111111111,0.7777777777777778,0.4444444444444444,0.8888888888888888,11.3,Recent,0,Senior,0,1,0.8815017862205405,0.9193198610278855,1,Stable Contributors
27,0,Travel_Rarely,608,Research & Development,1,2,Life Sciences,3,Female,68,3,3,Manufacturing Director,1,Married,7412,6009,1,No,11,3,4,0,9,3,3,9,7,0,7,0.0,0.7777777777777778,0.3333333333333333,0.7777777777777778,13.1,Recent,0,Senior,0,1,0.6554817533576855,1.647276227430865,1,Stable Contributors
32,0,Travel_Rarely,1018,Research & Development,3,2,Life Sciences,3,Female,39,3,3,Research Director,4,Single,11159,19373,3,No,15,3,4,0,10,6,3,7,7,7,7,1.0,1.0,0.8571428571428571,1.0,9.5,Critical,0,Senior,1,1,2.227650240642034,-0.4701278450491328,2,Stable Contributors
47,0,Travel_Rarely,703,Sales,14,4,Marketing,4,Male,42,3,2,Sales Executive,1,Single,4960,11825,2,No,12,3,4,0,20,2,3,7,7,1,7,0.1428571428571428,1.0,0.2857142857142857,1.0,9.2,Recent,0,Senior,0,1,1.2049155621143373,-0.09654110230840501,1,Stable Contributors
40,0,Travel_Frequently,580,Sales,5,4,Life Sciences,4,Male,48,2,3,Sales Executive,1,Married,10475,23772,5,Yes,21,4,3,1,20,2,3,18,13,1,12,0.0555555555555555,0.7222222222222222,0.1111111111111111,0.6666666666666666,13.1,Recent,0,Veteran,0,1,2.6553948555011315,2.504500080957432,1,Stable Contributors
53,0,Travel_Rarely,970,Research & Development,7,3,Life Sciences,3,Male,59,4,4,Research Director,3,Married,14814,13514,3,No,19,3,3,0,32,3,3,5,1,1,3,0.2,0.2,0.6,0.6,14.9,Recent,0,Mid,0,0,-1.030979708796295,1.7236907248437383,2,Fast-track Performers
41,0,Travel_Rarely,427,Human Resources,10,4,Human Resources,2,Male,73,2,5,Manager,4,Divorced,19141,8861,3,No,15,3,2,3,23,2,2,21,6,12,6,0.5714285714285714,0.2857142857142857,0.0952380952380952,0.2857142857142857,4.5,Critical,0,Veteran,1,1,3.4597969932736348,0.7955085824666172,1,Stable Contributors
60,0,Travel_Rarely,1179,Sales,16,4,Marketing,1,Male,84,3,2,Sales Executive,1,Single,5405,11924,8,No,14,3,4,0,10,1,3,2,2,2,2,1.0,1.0,0.5,1.0,7.4,Moderate,1,Early,0,0,0.5371966611539116,-2.5202368252124105,1,Fast-track Performers
27,0,Travel_Frequently,294,Research & Development,10,2,Life Sciences,4,Male,32,3,3,Manufacturing Director,1,Divorced,8793,4809,1,No,21,4,3,2,9,4,2,9,7,1,7,0.1111111111111111,0.7777777777777778,0.4444444444444444,0.7777777777777778,15.1,Recent,0,Senior,0,1,0.609064699408412,1.8991269379696316,1,Stable Contributors
41,0,Travel_Rarely,314,Human Resources,1,3,Human Resources,4,Male,59,2,5,Manager,3,Married,19189,19562,1,No,12,3,2,1,22,3,3,22,7,2,10,0.0909090909090909,0.3181818181818182,0.1363636363636363,0.4545454545454545,15.2,Moderate,0,Veteran,0,1,1.8870566273780542,3.871245636790664,1,Stable Contributors
50,0,Travel_Rarely,316,Sales,8,4,Marketing,4,Male,54,3,1,Sales Representative,2,Married,3875,9983,7,No,15,3,4,1,4,2,3,2,2,2,2,1.0,1.0,1.0,1.0,6.5,Moderate,0,Early,0,0,0.19244253006274342,-2.934661343745339,1,Fast-track Performers
28,1,Travel_Rarely,654,Research & Development,1,2,Life Sciences,1,Female,67,1,1,Research Scientist,2,Single,2216,3872,7,Yes,13,3,4,0,10,4,3,7,7,3,7,0.4285714285714285,1.0,0.5714285714285714,1.0,7.300000000000001,Moderate,0,Senior,0,1,1.36656742068186,-0.9711875068645749,1,Stable Contributors
36,0,Non-Travel,427,Research & Development,8,3,Life Sciences,1,Female,63,4,3,Research Director,1,Married,11713,20335,9,No,14,3,1,1,10,2,3,8,7,0,5,0.0,0.875,0.25,0.625,12.4,Recent,0,Senior,0,1,0.4608704981371859,1.2442691784555309,1,Stable Contributors
38,0,Travel_Rarely,168,Research & Development,1,3,Life Sciences,3,Female,81,3,3,Manufacturing Director,3,Single,7861,15397,4,Yes,14,3,4,0,10,4,4,1,0,0,0,0.0,0.0,4.0,0.0,14.4,Recent,0,Early,0,0,-3.8456007168514463,1.5590392193681364,2,Fast-track Performers
44,0,Non-Travel,381,Research & Development,24,3,Medical,1,Male,49,1,1,Laboratory Technician,3,Single,3708,2104,2,No,14,3,3,0,9,5,3,5,2,1,4,0.2,0.4,1.0,0.8,10.4,Recent,0,Mid,0,0,-1.022787541584606,-0.014147858121839885,2,Fast-track Performers
47,0,Travel_Frequently,217,Sales,3,3,Medical,4,Female,49,3,4,Sales Executive,3,Divorced,13770,10225,9,Yes,12,3,4,2,28,2,2,22,2,11,13,0.5,0.0909090909090909,0.0909090909090909,0.5909090909090909,3.1999999999999997,Critical,0,Veteran,1,1,3.6796814611934634,0.5419845140110052,1,Stable Contributors
30,0,Travel_Rarely,501,Sales,27,5,Marketing,3,Male,99,3,2,Sales Executive,4,Divorced,5304,25275,7,No,23,4,4,1,10,2,2,8,7,7,7,0.875,0.875,0.25,0.875,5.300000000000001,Critical,0,Senior,1,1,2.5789838389689033,-1.7520338919494487,1,Stable Contributors
29,0,Travel_Rarely,1396,Sales,10,3,Life Sciences,3,Male,99,3,1,Sales Representative,3,Single,2642,2755,1,No,11,3,3,0,1,6,3,1,0,0,0,0.0,0.0,6.0,0.0,12.1,Recent,0,Early,0,0,-4.821840979168065,0.6099604931588791,2,Fast-track Performers
42,1,Travel_Frequently,933,Research & Development,19,3,Medical,3,Male,57,4,1,Research Scientist,3,Divorced,2759,20366,6,Yes,12,3,4,0,7,2,3,2,2,2,2,1.0,1.0,1.0,1.0,6.199999999999999,Moderate,0,Early,0,0,0.214021478379337,-2.979038696244664,1,Fast-track Performers
43,0,Travel_Frequently,775,Sales,15,3,Life Sciences,4,Male,47,2,2,Sales Executive,4,Married,6804,23683,3,No,18,3,3,1,7,5,3,2,2,2,2,1.0,1.0,2.5,1.0,11.8,Moderate,0,Early,0,0,-0.6555106594145738,-1.3280014992700502,2,Fast-track Performers
34,0,Travel_Rarely,970,Research & Development,8,2,Medical,2,Female,96,3,2,Healthcare Representative,3,Single,6142,7360,3,No,11,3,4,0,10,2,3,5,1,4,3,0.8,0.2,0.4,0.6,6.1,Delayed,0,Mid,0,0,0.0886915937100992,-1.5138242959323451,1,Fast-track Performers
23,0,Travel_Rarely,650,Research & Development,9,1,Medical,2,Male,37,3,1,Laboratory Technician,1,Married,2500,4344,1,No,14,3,4,1,5,2,4,4,3,0,2,0.0,0.75,0.5,0.5,8.4,Recent,0,Mid,0,0,-0.9365475200567145,-0.6204167929277982,2,Fast-track Performers
39,0,Travel_Rarely,141,Human Resources,3,3,Human Resources,3,Female,44,4,2,Human Resources,2,Married,6389,18767,9,No,15,3,3,1,12,3,1,8,3,3,6,0.375,0.375,0.375,0.75,8.5,Moderate,0,Senior,0,0,0.45557511575592646,-0.14080593941246988,2,Fast-track Performers
56,0,Travel_Rarely,832,Research & Development,9,3,Medical,3,Male,81,3,4,Healthcare Representative,4,Married,11103,20420,7,No,11,3,3,0,30,1,2,10,7,1,1,0.1,0.7,0.1,0.1,12.1,Recent,1,Senior,0,0,0.15861113310867975,1.5390479568940032,2,Fast-track Performers
40,0,Travel_Rarely,804,Research & Development,2,1,Medical,4,Female,86,2,1,Research Scientist,4,Single,2342,22929,0,Yes,20,4,4,0,5,2,2,4,2,2,3,0.5,0.5,0.5,0.75,8.0,Moderate,0,Mid,0,0,-0.34643722044185615,-1.4180395808550146,1,Fast-track Performers
27,0,Travel_Rarely,975,Research & Development,7,3,Medical,4,Female,55,2,2,Healthcare Representative,1,Single,6811,23398,8,No,19,3,1,0,9,2,1,7,6,0,7,0.0,0.8571428571428571,0.2857142857142857,1.0,10.9,Recent,0,Senior,0,1,0.6598718952178204,0.43432932194244717,1,Stable Contributors
29,0,Travel_Rarely,1090,Sales,10,3,Marketing,4,Male,83,3,1,Sales Representative,2,Divorced,2297,17967,1,No,14,3,4,2,2,2,3,2,2,2,2,1.0,1.0,1.0,1.0,6.4,Moderate,0,Early,0,0,0.19963551283494124,-2.9494537945784476,1,Fast-track Performers
53,0,Travel_Rarely,346,Research & Development,6,3,Life Sciences,4,Male,86,3,2,Laboratory Technician,4,Single,2450,10919,2,No,17,3,4,0,19,4,3,2,2,2,2,1.0,1.0,2.0,1.0,10.7,Moderate,0,Early,0,0,-0.3573338292724523,-1.6260603307556403,2,Fast-track Performers
35,0,Non-Travel,1225,Research & Development,2,4,Life Sciences,4,Female,61,3,2,Healthcare Representative,1,Divorced,5093,4761,2,No,11,3,1,1,16,2,4,1,0,0,0,0.0,0.0,2.0,0.0,10.1,Recent,0,Early,0,0,-2.965934460748783,0.28191319052318764,2,Fast-track Performers
32,0,Travel_Frequently,430,Research & Development,24,4,Life Sciences,1,Male,80,3,2,Laboratory Technician,4,Married,5309,21146,1,No,15,3,4,2,10,2,3,10,8,4,7,0.4,0.8,0.2,0.7,6.5,Delayed,0,Senior,0,1,1.9158907006342791,-0.5005462428409664,1,Stable Contributors
38,0,Travel_Rarely,268,Research & Development,2,5,Medical,4,Male,92,3,1,Research Scientist,3,Married,3057,20471,6,Yes,13,3,2,1,6,0,1,1,0,0,1,0.0,0.0,0.0,1.0,6.3,Recent,1,Early,0,0,-1.3271568170479247,-1.3777960526226325,2,Fast-track Performers
34,0,Travel_Rarely,167,Research & Development,8,5,Life Sciences,2,Female,32,3,2,Manufacturing Director,1,Divorced,5121,4187,3,No,14,3,3,1,7,3,3,0,0,0,0,0.0,0.0,0.0,0.0,11.4,Recent,0,Early,0,0,-2.5358393250327325,0.6734955150322521,2,Fast-track Performers
52,0,Travel_Rarely,621,Sales,3,4,Marketing,3,Male,31,2,4,Manager,1,Married,16856,10084,1,No,11,3,1,0,34,3,4,34,6,1,16,0.0294117647058823,0.1764705882352941,0.088235294117647,0.4705882352941176,14.1,Recent,0,Veteran,0,1,2.8848962856096065,4.410383748370851,1,Stable Contributors
33,1,Travel_Rarely,527,Research & Development,1,4,Other,4,Male,63,3,1,Research Scientist,4,Single,2686,5207,1,Yes,13,3,3,0,10,2,2,10,9,7,8,0.7,0.9,0.2,0.8,1.3000000000000007,Critical,0,Senior,1,1,3.0149530334307038,-2.2413549585970083,1,Stable Contributors
25,0,Travel_Rarely,883,Sales,26,1,Medical,3,Female,32,3,2,Sales Executive,4,Single,6180,22807,1,No,23,4,2,0,6,5,2,6,5,1,4,0.1666666666666666,0.8333333333333334,0.8333333333333334,0.6666666666666666,14.3,Recent,0,Mid,0,0,-0.4703909312400884,1.0322308346748863,2,Fast-track Performers
45,0,Travel_Rarely,954,Sales,2,2,Technical Degree,2,Male,46,1,2,Sales Representative,3,Single,6632,12388,0,No,13,3,1,0,9,3,3,8,7,3,1,0.375,0.875,0.375,0.125,8.3,Moderate,0,Senior,0,0,0.2712275934317071,-0.24190783817445413,2,Fast-track Performers
23,0,Travel_Rarely,310,Research & Development,10,1,Medical,1,Male,79,4,1,Research Scientist,3,Single,3505,19630,1,No,18,3,4,0,2,3,3,2,2,0,2,0.0,1.0,1.5,1.0,9.8,Recent,0,Early,0,0,-1.1485506697706542,-0.8627417962732977,2,Fast-track Performers
47,1,Travel_Frequently,719,Sales,27,2,Life Sciences,2,Female,77,4,2,Sales Executive,3,Single,6397,10339,4,Yes,12,3,4,0,8,2,3,5,4,1,3,0.2,0.8,0.4,0.6,9.2,Recent,0,Mid,0,0,-0.12896532516019968,-0.32430365253580484,2,Fast-track Performers
34,0,Travel_Rarely,304,Sales,2,3,Other,4,Male,60,3,2,Sales Executive,4,Single,6274,18686,1,No,22,4,3,0,6,5,3,6,5,1,4,0.1666666666666666,0.8333333333333334,0.8333333333333334,0.6666666666666666,14.2,Recent,0,Mid,0,0,-0.46319794846789053,1.0174383838417778,2,Fast-track Performers
55,1,Travel_Rarely,725,Research & Development,2,3,Medical,4,Male,78,3,5,Manager,1,Married,19859,21199,5,Yes,13,3,4,1,24,2,3,5,2,1,4,0.2,0.4,0.4,0.8,15.3,Recent,0,Mid,0,0,-0.24676103550219308,1.9295532576816077,2,Fast-track Performers
36,0,Non-Travel,1434,Sales,8,4,Life Sciences,1,Male,76,2,3,Sales Executive,1,Single,7587,14229,1,No,15,3,2,0,10,1,3,10,7,0,9,0.0,0.7,0.1,0.9,11.5,Recent,1,Senior,0,1,1.2832802047148963,1.2530099549139573,1,Stable Contributors
52,0,Non-Travel,715,Research & Development,19,4,Medical,4,Male,41,3,1,Research Scientist,4,Married,4258,26589,0,No,18,3,1,1,5,3,3,4,3,1,2,0.25,0.75,0.75,0.5,8.8,Recent,0,Mid,0,0,-0.8229522949333821,-0.7998428744274213,2,Fast-track Performers
26,0,Travel_Frequently,575,Research & Development,1,2,Life Sciences,1,Female,71,1,1,Laboratory Technician,4,Divorced,4364,5288,3,No,14,3,1,1,5,2,3,2,2,2,0,1.0,1.0,1.0,0.0,6.4,Moderate,0,Early,0,0,-0.7092895360361606,-2.5487844462521494,1,Fast-track Performers
29,0,Travel_Rarely,657,Research & Development,27,3,Medical,2,Female,66,3,2,Healthcare Representative,3,Married,4335,25549,4,No,12,3,1,1,11,3,2,8,7,1,1,0.125,0.875,0.375,0.125,10.2,Recent,0,Senior,0,0,-0.2653945469723437,0.47144917651932894,2,Fast-track Performers
26,1,Travel_Rarely,1146,Sales,8,3,Technical Degree,4,Male,38,2,2,Sales Executive,1,Single,5326,3064,6,No,17,3,3,0,6,2,2,4,3,1,2,0.25,0.75,0.5,0.5,9.7,Recent,0,Mid,0,0,-0.5588723923410313,-0.3969852146389578,2,Fast-track Performers
34,0,Travel_Rarely,182,Research & Development,1,4,Life Sciences,2,Female,72,4,1,Research Scientist,4,Single,3280,13551,2,No,16,3,3,0,10,2,3,4,2,1,3,0.25,0.5,0.5,0.75,7.6,Recent,0,Mid,0,0,-0.598412236714316,-1.09170476828953,2,Fast-track Performers
54,0,Travel_Rarely,376,Research & Development,19,4,Medical,4,Female,95,3,2,Manufacturing Director,1,Divorced,5485,22670,9,Yes,11,3,2,2,9,4,3,5,3,1,4,0.2,0.6,0.8,0.8,11.1,Recent,0,Mid,0,0,-0.5102420748284694,0.2827002247965445,2,Fast-track Performers
27,0,Travel_Frequently,829,Sales,8,1,Marketing,3,Male,84,3,2,Sales Executive,4,Married,4342,24008,0,No,19,3,2,1,5,3,3,4,2,1,1,0.25,0.5,0.75,0.25,10.9,Recent,0,Mid,0,0,-1.3520347748004375,0.1044477276482929,2,Fast-track Performers
37,0,Travel_Rarely,571,Research & Development,10,1,Life Sciences,4,Female,82,3,1,Research Scientist,1,Divorced,2782,19905,0,Yes,13,3,2,2,6,3,2,5,3,4,3,0.8,0.6,0.6,0.6,5.300000000000001,Delayed,0,Mid,0,0,0.33398244268362176,-2.047798740048746,1,Fast-track Performers
38,0,Travel_Frequently,240,Research & Development,2,4,Life Sciences,1,Female,75,4,2,Manufacturing Director,1,Single,5980,26085,6,Yes,12,3,4,0,17,2,3,15,7,4,12,0.2666666666666666,0.4666666666666667,0.1333333333333333,0.8,6.199999999999999,Delayed,0,Veteran,0,1,2.489478184092938,0.281503232306935,1,Stable Contributors
34,0,Travel_Rarely,121,Research & Development,2,4,Medical,3,Female,86,2,1,Research Scientist,1,Single,4381,7530,1,No,11,3,3,0,6,3,3,6,5,1,3,0.1666666666666666,0.8333333333333334,0.5,0.5,8.1,Recent,0,Mid,0,0,-0.219272865544245,-0.5735366736679143,1,Fast-track Performers
35,0,Travel_Rarely,384,Sales,8,4,Life Sciences,1,Female,72,3,1,Sales Representative,4,Married,2572,20317,1,No,16,3,2,1,3,1,2,3,2,0,2,0.0,0.6666666666666666,0.3333333333333333,0.6666666666666666,7.6,Recent,1,Mid,0,0,-0.888717140257456,-1.02411622274126,2,Fast-track Performers
30,0,Travel_Rarely,921,Research & Development,1,3,Life Sciences,4,Male,38,1,1,Laboratory Technician,3,Married,3833,24375,3,No,21,4,3,2,7,2,3,2,2,0,2,0.0,1.0,1.0,1.0,10.1,Recent,0,Early,0,0,-0.9510755984393024,-0.9537063160953697,2,Fast-track Performers
40,0,Travel_Frequently,791,Research & Development,2,2,Medical,3,Female,38,4,2,Healthcare Representative,2,Married,4244,9931,1,No,24,4,4,1,8,2,3,8,7,3,7,0.375,0.875,0.25,0.875,9.4,Moderate,0,Senior,0,1,1.4841606098442086,-0.28094251006255705,1,Stable Contributors
34,0,Travel_Rarely,1111,Sales,8,2,Life Sciences,3,Female,93,3,2,Sales Executive,1,Married,6500,13305,5,No,17,3,2,1,6,1,3,3,2,1,2,0.3333333333333333,0.6666666666666666,0.3333333333333333,0.6666666666666666,8.7,Recent,1,Mid,0,0,-0.4428099046673071,-0.9431724737623408,2,Fast-track Performers
42,0,Travel_Frequently,570,Research & Development,8,3,Life Sciences,2,Male,66,3,5,Manager,4,Divorced,18430,16225,1,No,13,3,2,1,24,4,2,24,7,14,9,0.5833333333333334,0.2916666666666667,0.1666666666666666,0.375,4.300000000000001,Critical,0,Veteran,1,1,4.294341298668991,1.2918496957963868,1,Stable Contributors
23,1,Travel_Rarely,1243,Research & Development,6,3,Life Sciences,3,Male,63,4,1,Laboratory Technician,1,Married,1601,3445,1,Yes,21,4,3,2,1,2,3,0,0,0,0,0.0,0.0,0.0,0.0,10.1,Recent,0,Early,0,0,-2.575061942736854,-0.09391626896483374,2,Fast-track Performers
24,0,Non-Travel,1092,Research & Development,9,3,Life Sciences,3,Male,60,2,1,Laboratory Technician,2,Divorced,2694,26551,1,No,11,3,3,3,1,4,3,1,0,0,0,0.0,0.0,4.0,0.0,10.1,Recent,0,Early,0,0,-3.917176370432947,0.08969516683177425,2,Fast-track Performers
52,0,Travel_Rarely,1325,Research & Development,11,4,Life Sciences,4,Female,82,3,2,Laboratory Technician,3,Married,3149,21821,8,No,20,4,2,1,9,3,3,5,2,1,4,0.2,0.4,0.6,0.8,12.0,Recent,0,Mid,0,0,-0.7029484186480397,0.340721482934735,2,Fast-track Performers
50,0,Travel_Rarely,691,Research & Development,2,3,Medical,3,Male,64,3,4,Research Director,3,Married,17639,6881,5,No,16,3,4,0,30,3,3,4,3,0,3,0.0,0.75,0.75,0.75,15.6,Recent,0,Mid,0,0,-0.7373555657013406,1.7692221211794033,2,Fast-track Performers
29,1,Travel_Rarely,805,Research & Development,1,2,Life Sciences,2,Female,36,2,1,Laboratory Technician,1,Married,2319,6689,1,Yes,11,3,4,1,1,1,3,1,0,0,0,0.0,0.0,1.0,0.0,7.1,Recent,1,Early,0,0,-2.5601794573302707,-0.6907028226588832,2,Fast-track Performers
33,0,Travel_Rarely,213,Research & Development,7,3,Medical,3,Male,49,3,3,Research Director,3,Married,11691,25995,0,No,11,3,4,0,14,3,4,13,9,3,7,0.2307692307692307,0.6923076923076923,0.2307692307692307,0.5384615384615384,10.1,Moderate,0,Senior,0,1,1.6737850676910548,1.2343628367442672,1,Stable Contributors
33,1,Travel_Rarely,118,Sales,16,3,Marketing,1,Female,69,3,2,Sales Executive,1,Single,5324,26507,5,No,15,3,3,0,6,3,3,3,2,0,2,0.0,0.6666666666666666,1.0,0.6666666666666666,11.5,Recent,0,Mid,0,0,-1.3093489132776348,0.255529916075066,2,Fast-track Performers
47,0,Travel_Rarely,202,Research & Development,2,2,Other,3,Female,33,3,4,Manager,4,Married,16752,12982,1,Yes,11,3,3,1,26,3,2,26,14,3,0,0.1153846153846153,0.5384615384615384,0.1153846153846153,0.0,12.1,Moderate,0,Veteran,0,1,1.8166058465357973,3.003098408226223,1,Stable Contributors
36,0,Travel_Rarely,676,Research & Development,1,3,Other,3,Female,35,3,2,Manufacturing Director,2,Married,5228,23361,0,No,15,3,1,1,10,2,3,9,7,0,5,0.0,0.7777777777777778,0.2222222222222222,0.5555555555555556,10.5,Recent,0,Senior,0,0,0.3665417286350479,0.6948226325665728,1,Fast-track Performers
29,0,Travel_Rarely,1252,Research & Development,23,2,Life Sciences,3,Male,81,4,1,Research Scientist,3,Married,2700,23779,1,No,24,4,3,1,10,3,3,10,7,0,7,0.0,0.7,0.3,0.7,11.4,Recent,0,Senior,0,1,0.36570576096812313,0.7033786074343051,1,Stable Contributors
58,1,Travel_Rarely,286,Research & Development,2,4,Life Sciences,4,Male,31,3,5,Research Director,2,Single,19246,25761,7,Yes,12,3,4,0,40,2,3,31,15,13,8,0.4193548387096774,0.4838709677419355,0.064516129032258,0.2580645161290322,3.1999999999999997,Critical,0,Veteran,1,1,5.593448420250807,1.7227918709495813,1,Stable Contributors
35,0,Travel_Rarely,1258,Research & Development,1,4,Life Sciences,4,Female,40,4,1,Research Scientist,3,Single,2506,13301,3,No,13,3,3,0,7,0,3,2,2,2,2,1.0,1.0,0.0,1.0,4.3,Moderate,1,Early,0,0,0.7887961903469861,-3.530779006716519,1,Fast-track Performers
42,0,Travel_Rarely,932,Research & Development,1,2,Life Sciences,4,Female,43,2,2,Manufacturing Director,4,Married,6062,4051,9,Yes,13,3,4,1,8,4,3,4,3,0,2,0.0,0.75,1.0,0.5,12.3,Recent,0,Mid,0,0,-1.3033964740776818,0.6669405850515042,2,Fast-track Performers
28,1,Travel_Rarely,890,Research & Development,2,4,Medical,3,Male,46,3,1,Research Scientist,3,Single,4382,16374,6,No,17,3,4,0,5,3,2,2,2,2,1,1.0,1.0,1.5,0.5,7.699999999999999,Moderate,0,Early,0,0,-0.5673898072871266,-2.4214753872634915,1,Fast-track Performers
36,0,Travel_Rarely,1041,Human Resources,13,3,Human Resources,3,Male,36,3,1,Human Resources,2,Married,2143,25527,4,No,13,3,2,1,8,2,3,5,2,0,4,0.0,0.4,0.4,0.8,8.3,Recent,0,Mid,0,0,-0.7534393289835686,-0.4546927747496855,2,Fast-track Performers
32,0,Travel_Rarely,859,Research & Development,4,3,Life Sciences,3,Female,98,2,2,Manufacturing Director,3,Married,6162,19124,1,No,12,3,3,1,14,3,3,14,13,6,8,0.4285714285714285,0.9285714285714286,0.2142857142857142,0.5714285714285714,5.199999999999999,Delayed,0,Senior,1,1,3.143377435232757,-0.1746045079611814,1,Stable Contributors
40,0,Travel_Frequently,720,Research & Development,16,4,Medical,1,Male,51,2,2,Laboratory Technician,3,Single,5094,11983,6,No,14,3,4,0,10,6,3,1,0,0,0,0.0,0.0,6.0,0.0,14.4,Recent,0,Early,0,0,-4.796842626535611,1.366821195676723,2,Fast-track Performers
30,0,Travel_Rarely,946,Research & Development,2,3,Medical,3,Female,52,2,2,Manufacturing Director,4,Single,6877,20234,5,Yes,24,4,2,0,12,4,2,0,0,0,0,0.0,0.0,0.0,0.0,14.4,Recent,0,Early,0,0,-2.809334370848978,1.2757446298358317,2,Fast-track Performers
45,0,Travel_Rarely,252,Research & Development,2,3,Life Sciences,2,Female,95,2,1,Research Scientist,3,Single,2274,6153,1,No,14,3,4,0,1,3,3,1,0,0,0,0.0,0.0,3.0,0.0,9.4,Recent,0,Early,0,0,-3.4864230143819817,-0.12606014383245284,2,Fast-track Performers
42,0,Travel_Rarely,933,Research & Development,29,3,Life Sciences,2,Male,98,3,2,Manufacturing Director,2,Married,4434,11806,1,No,13,3,4,1,10,3,2,9,8,7,8,0.7777777777777778,0.8888888888888888,0.3333333333333333,0.8888888888888888,4.300000000000001,Critical,0,Senior,1,1,2.814189673574993,-1.4730642353833006,1,Stable Contributors
38,0,Travel_Frequently,471,Research & Development,12,3,Life Sciences,1,Male,45,2,2,Healthcare Representative,1,Divorced,6288,4284,2,No,15,3,3,1,13,3,2,4,3,1,2,0.25,0.75,0.75,0.5,10.5,Recent,0,Mid,0,0,-0.7547960456677416,-0.13173687690822827,2,Fast-track Performers
34,0,Travel_Frequently,702,Research & Development,16,4,Life Sciences,3,Female,100,2,1,Research Scientist,4,Single,2553,8306,1,No,16,3,3,0,6,3,3,5,2,1,3,0.2,0.4,0.6,0.6,8.6,Recent,0,Mid,0,0,-0.8989182190076882,-0.5322479811661114,2,Fast-track Performers
49,1,Travel_Rarely,1184,Sales,11,3,Marketing,3,Female,43,3,3,Sales Executive,4,Married,7654,5860,1,No,18,3,1,2,9,3,4,9,8,7,7,0.7777777777777778,0.8888888888888888,0.3333333333333333,0.7777777777777778,6.800000000000001,Critical,0,Senior,1,1,2.6352613628014367,-0.6855590192719642,1,Stable Contributors
55,1,Travel_Rarely,436,Sales,2,1,Medical,3,Male,37,3,2,Sales Executive,4,Single,5160,21519,4,No,16,3,3,0,12,3,2,9,7,7,3,0.7777777777777778,0.7777777777777778,0.3333333333333333,0.3333333333333333,4.6,Critical,0,Senior,1,1,1.6553091788329808,-1.403809467806139,1,Stable Contributors
43,0,Travel_Rarely,589,Research & Development,14,2,Life Sciences,2,Male,94,3,4,Research Director,1,Married,17159,5200,6,No,24,4,3,1,22,3,3,4,1,1,0,0.25,0.25,0.75,0.0,16.4,Recent,0,Mid,0,0,-1.9352417125292163,1.928315991406043,2,Fast-track Performers
27,0,Travel_Rarely,269,Research & Development,5,1,Technical Degree,3,Male,42,2,3,Research Director,4,Divorced,12808,8842,1,Yes,16,3,2,1,9,3,3,9,8,0,8,0.0,0.8888888888888888,0.3333333333333333,0.8888888888888888,13.6,Recent,0,Senior,0,1,0.9986555944756575,1.700599514227675,1,Stable Contributors
35,0,Travel_Rarely,950,Research & Development,7,3,Other,3,Male,59,3,3,Manufacturing Director,3,Single,10221,18869,3,No,21,4,2,0,17,3,4,8,5,1,6,0.125,0.625,0.375,0.75,14.1,Recent,0,Senior,0,0,0.24138830440881776,1.4803061448255408,2,Fast-track Performers
28,0,Travel_Rarely,760,Sales,2,4,Marketing,2,Female,81,3,2,Sales Executive,2,Married,4779,3698,1,Yes,20,4,1,0,8,2,3,8,7,7,5,0.875,0.875,0.25,0.625,5.0,Critical,0,Senior,1,1,2.2025584039498445,-1.780058087577374,1,Stable Contributors
34,0,Travel_Rarely,829,Human Resources,3,2,Human Resources,3,Male,88,3,1,Human Resources,4,Married,3737,2243,0,No,19,3,3,1,4,1,1,3,2,0,2,0.0,0.6666666666666666,0.3333333333333333,0.6666666666666666,7.9,Recent,1,Mid,0,0,-0.9102960885740495,-0.9797388702419345,2,Fast-track Performers
26,1,Travel_Frequently,887,Research & Development,5,2,Medical,3,Female,88,2,1,Research Scientist,3,Married,2366,20898,1,Yes,14,3,1,1,8,2,3,8,7,1,7,0.125,0.875,0.25,0.875,7.4,Recent,0,Senior,0,1,1.0376278411628694,-0.5611254112163523,1,Stable Contributors
27,0,Non-Travel,443,Research & Development,3,3,Medical,4,Male,50,3,1,Research Scientist,4,Married,1706,16571,1,No,11,3,3,3,0,6,2,0,0,0,0,0.0,0.0,0.0,0.0,12.1,Recent,0,Early,0,0,-2.9497438487820506,0.8358351069386407,2,Fast-track Performers
51,0,Travel_Rarely,1318,Sales,26,4,Marketing,1,Female,66,3,4,Manager,3,Married,16307,5594,2,No,14,3,3,1,29,2,2,20,6,4,17,0.2,0.3,0.1,0.85,10.4,Delayed,0,Veteran,0,1,3.2321700539539395,2.393990748614845,1,Stable Contributors
44,0,Travel_Rarely,625,Research & Development,4,3,Medical,4,Male,50,3,2,Healthcare Representative,2,Single,5933,5197,9,No,12,3,4,0,10,2,2,5,2,2,3,0.4,0.4,0.4,0.6,8.2,Moderate,0,Mid,0,0,-0.30902512411331984,-0.6417684132686461,2,Fast-track Performers
25,0,Travel_Rarely,180,Research & Development,2,1,Medical,1,Male,65,4,1,Research Scientist,1,Single,3424,21632,7,No,13,3,3,0,6,3,2,4,3,0,1,0.0,0.75,0.75,0.25,9.3,Recent,0,Mid,0,0,-1.4238197920793572,-0.26814672735244394,2,Fast-track Performers
33,0,Travel_Rarely,586,Sales,1,3,Medical,1,Male,48,4,2,Sales Executive,1,Divorced,4037,21816,1,No,22,4,1,1,9,5,3,9,8,0,8,0.0,0.8888888888888888,0.5555555555555556,0.8888888888888888,15.2,Recent,0,Senior,0,1,0.5060093630945862,1.8273139216044116,1,Stable Contributors
35,0,Travel_Rarely,1343,Research & Development,27,1,Medical,3,Female,53,2,1,Research Scientist,1,Single,2559,17852,1,No,11,3,4,0,6,3,2,6,5,1,1,0.1666666666666666,0.8333333333333334,0.5,0.1666666666666666,8.1,Recent,0,Mid,0,0,-0.67404621171717,-0.5144817177459697,2,Fast-track Performers
36,0,Travel_Rarely,928,Sales,1,2,Life Sciences,2,Male,56,3,2,Sales Executive,4,Married,6201,2823,1,Yes,14,3,4,1,18,1,2,18,14,4,11,0.2222222222222222,0.7777777777777778,0.0555555555555555,0.6111111111111112,5.4,Delayed,1,Veteran,0,1,3.5597866798034565,0.41384336046847964,1,Stable Contributors
32,0,Travel_Rarely,117,Sales,13,4,Life Sciences,2,Male,73,3,2,Sales Executive,4,Divorced,4403,9250,2,No,11,3,3,1,8,3,2,5,2,0,3,0.0,0.4,0.6,0.6,11.1,Recent,0,Mid,0,0,-1.1367450938828396,0.571960482329645,2,Fast-track Performers
30,0,Travel_Frequently,1012,Research & Development,5,4,Life Sciences,2,Male,75,2,1,Research Scientist,4,Divorced,3761,2373,9,No,12,3,2,1,10,3,2,5,4,0,3,0.0,0.8,0.6,0.6,9.2,Recent,0,Mid,0,0,-0.6900864889657767,-0.27395302376570385,2,Fast-track Performers
53,0,Travel_Rarely,661,Sales,7,2,Marketing,1,Female,78,2,3,Sales Executive,4,Married,10934,20715,7,Yes,18,3,4,1,35,3,3,5,2,0,4,0.0,0.4,0.6,0.8,13.8,Recent,0,Mid,0,0,-0.8904244141178064,1.3413827905987326,2,Fast-track Performers
45,0,Travel_Rarely,930,Sales,9,3,Marketing,4,Male,74,3,3,Sales Executive,1,Divorced,10761,19239,4,Yes,12,3,3,1,18,2,3,5,4,0,2,0.0,0.8,0.4,0.4,12.2,Recent,0,Mid,0,0,-0.6528513721177117,0.9004752627066835,2,Fast-track Performers
32,0,Travel_Rarely,638,Research & Development,8,2,Medical,3,Female,91,4,2,Research Scientist,3,Married,5175,22162,5,No,12,3,3,1,9,3,2,5,3,1,3,0.2,0.6,0.6,0.6,10.2,Recent,0,Mid,0,0,-0.5733545426506962,0.04695426206500377,2,Fast-track Performers
52,0,Travel_Frequently,890,Research & Development,25,4,Medical,3,Female,81,2,4,Manufacturing Director,4,Married,13826,19028,3,No,22,4,3,0,31,3,3,9,8,0,0,0.0,0.8888888888888888,0.3333333333333333,0.0,17.2,Recent,0,Senior,0,0,-0.5861804118233762,2.658238972994138,2,Fast-track Performers
37,0,Travel_Rarely,342,Sales,16,4,Marketing,4,Male,66,2,2,Sales Executive,3,Divorced,6334,24558,4,No,19,3,4,2,9,2,3,1,0,0,0,0.0,0.0,2.0,0.0,10.9,Recent,0,Early,0,0,-3.0234783229263655,0.40025279718805523,2,Fast-track Performers
28,0,Travel_Rarely,1169,Human Resources,8,2,Medical,2,Male,63,2,1,Human Resources,4,Divorced,4936,23965,1,No,13,3,4,1,6,6,3,5,1,0,4,0.0,0.2,1.2,0.8,12.3,Recent,0,Mid,0,0,-1.7803528659880923,0.8080049732886403,2,Fast-track Performers
22,0,Travel_Rarely,1230,Research & Development,1,2,Life Sciences,4,Male,33,2,2,Manufacturing Director,4,Married,4775,19146,6,No,22,4,1,2,4,2,1,2,2,2,2,1.0,1.0,1.0,1.0,10.2,Moderate,0,Early,0,0,0.1167391238844271,-1.970706329563977,1,Fast-track Performers
44,0,Travel_Rarely,986,Research & Development,8,4,Life Sciences,1,Male,62,4,1,Laboratory Technician,4,Married,2818,5044,2,Yes,24,4,3,1,10,2,2,3,2,0,2,0.0,0.6666666666666666,0.6666666666666666,0.6666666666666666,10.4,Recent,0,Mid,0,0,-1.2553918585277288,-0.46687448792985003,2,Fast-track Performers
42,0,Travel_Frequently,1271,Research & Development,2,1,Medical,2,Male,35,3,1,Research Scientist,4,Single,2515,9068,5,Yes,14,3,4,0,8,2,3,2,1,2,2,1.0,0.5,1.0,1.0,6.4,Moderate,0,Early,0,0,-0.25515923829031095,-2.6912971665778693,1,Fast-track Performers
36,0,Travel_Rarely,1278,Human Resources,8,3,Life Sciences,1,Male,77,2,1,Human Resources,1,Married,2342,8635,0,No,21,4,3,0,6,3,3,5,4,0,3,0.0,0.8,0.6,0.6,11.1,Recent,0,Mid,0,0,-0.8267531616375358,0.007103542063356449,2,Fast-track Performers
25,0,Travel_Rarely,141,Sales,3,1,Other,3,Male,98,3,2,Sales Executive,1,Married,4194,14363,1,Yes,18,3,4,0,5,3,3,5,3,0,3,0.0,0.6,0.6,0.6,11.8,Recent,0,Mid,0,0,-0.936881528969071,0.6013963347064348,2,Fast-track Performers
35,0,Travel_Rarely,607,Research & Development,9,3,Life Sciences,4,Female,66,2,3,Manufacturing Director,3,Married,10685,23457,1,Yes,20,4,2,1,17,2,3,17,14,5,15,0.2941176470588235,0.8235294117647058,0.1176470588235294,0.8823529411764706,9.0,Delayed,0,Veteran,1,1,4.186485628544304,1.3791228192869658,1,Stable Contributors
35,1,Travel_Frequently,130,Research & Development,25,4,Life Sciences,4,Female,96,3,1,Research Scientist,2,Divorced,2022,16612,1,Yes,19,3,1,1,10,3,2,10,2,7,8,0.7,0.2,0.3,0.8,2.9000000000000004,Critical,0,Senior,1,1,1.5357429940058538,-1.7614868653763676,1,Stable Contributors
32,0,Non-Travel,300,Research & Development,1,3,Life Sciences,4,Male,61,3,1,Laboratory Technician,4,Divorced,2314,9148,0,No,12,3,2,1,4,2,3,3,0,0,2,0.0,0.0,0.6666666666666666,0.6666666666666666,8.2,Recent,0,Mid,0,0,-1.779424287783105,-0.4804899553077557,2,Fast-track Performers
25,0,Travel_Rarely,583,Sales,4,1,Marketing,3,Male,87,2,2,Sales Executive,1,Married,4256,18154,1,No,12,3,1,0,5,1,4,5,2,0,3,0.0,0.4,0.2,0.6,9.2,Recent,1,Mid,0,0,-0.7555885303123526,-0.007540289128924933,2,Fast-track Performers
49,0,Travel_Rarely,1418,Research & Development,1,3,Technical Degree,3,Female,36,3,1,Research Scientist,1,Married,3580,10554,2,No,16,3,2,1,7,2,3,4,2,0,2,0.0,0.5,0.5,0.5,8.6,Recent,0,Mid,0,0,-1.23524464772128,-0.4860463670490106,2,Fast-track Performers
24,0,Non-Travel,1269,Research & Development,4,1,Life Sciences,1,Male,46,2,1,Laboratory Technician,4,Married,3162,10778,0,No,17,3,4,0,6,2,2,5,2,3,4,0.6,0.4,0.4,0.8,5.699999999999999,Moderate,0,Mid,0,0,0.17889600898320296,-1.7925850743455924,1,Fast-track Performers
32,0,Travel_Frequently,379,Sales,5,2,Life Sciences,2,Male,48,3,2,Sales Executive,2,Married,6524,8891,1,No,14,3,4,1,10,3,3,10,8,5,3,0.5,0.8,0.3,0.3,6.4,Delayed,0,Senior,1,1,1.2890463092571858,-0.5623050386186363,2,Stable Contributors
38,0,Travel_Rarely,395,Sales,9,3,Marketing,2,Male,98,2,1,Sales Representative,2,Married,2899,12102,0,No,19,3,4,1,3,3,3,2,2,1,2,0.5,1.0,1.5,1.0,8.9,Recent,0,Early,0,0,-0.6415284504694116,-1.7200872526003061,2,Fast-track Performers
42,0,Travel_Rarely,1265,Research & Development,3,3,Life Sciences,3,Female,95,4,2,Laboratory Technician,4,Married,5231,23726,2,Yes,13,3,2,1,17,1,2,5,3,1,3,0.2,0.6,0.2,0.6,8.3,Recent,1,Mid,0,0,-0.1921979790802092,-0.5325465093935658,2,Fast-track Performers
31,0,Travel_Rarely,1222,Research & Development,11,4,Life Sciences,4,Male,48,3,1,Research Scientist,4,Married,2356,14871,3,Yes,19,3,2,1,8,2,3,6,4,0,2,0.0,0.6666666666666666,0.3333333333333333,0.3333333333333333,8.9,Recent,0,Mid,0,0,-0.8470991233084261,-0.2501704284853089,2,Fast-track Performers
29,1,Travel_Rarely,341,Sales,1,3,Medical,2,Female,48,2,1,Sales Representative,3,Divorced,2800,23522,6,Yes,19,3,3,3,5,3,3,3,2,0,2,0.0,0.6666666666666666,1.0,0.6666666666666666,9.9,Recent,0,Mid,0,0,-1.384698145315473,-0.3977836306110185,2,Fast-track Performers
53,0,Travel_Rarely,868,Sales,8,3,Marketing,1,Male,73,3,4,Sales Executive,4,Married,11836,22789,5,No,14,3,3,1,28,3,3,2,0,2,2,1.0,0.0,1.5,1.0,13.4,Moderate,0,Early,0,0,-0.8612059339383458,-0.012424107869253959,2,Fast-track Performers
35,0,Travel_Rarely,672,Research & Development,25,3,Technical Degree,4,Male,78,2,3,Manufacturing Director,2,Married,10903,9129,3,No,16,3,1,0,16,2,3,13,10,4,8,0.3076923076923077,0.7692307692307693,0.1538461538461538,0.6153846153846154,8.6,Delayed,0,Senior,0,1,2.3656557922088184,0.7243991434548958,1,Stable Contributors
37,0,Travel_Frequently,1231,Sales,21,2,Medical,3,Female,54,3,1,Sales Representative,4,Married,2973,21222,5,No,15,3,2,1,10,3,3,5,4,0,0,0.0,0.8,0.6,0.0,9.5,Recent,0,Mid,0,0,-1.4619482119464842,-0.08975107852280856,2,Fast-track Performers
53,0,Travel_Rarely,102,Research & Development,23,4,Life Sciences,4,Female,72,3,4,Research Director,4,Single,14275,20206,6,No,18,3,3,0,33,0,3,12,9,3,8,0.25,0.75,0.0,0.6666666666666666,9.8,Moderate,1,Senior,0,1,2.3222558382345615,1.0188733437328514,1,Stable Contributors
43,0,Travel_Frequently,422,Research & Development,1,3,Life Sciences,4,Female,33,3,2,Healthcare Representative,4,Married,5562,21782,4,No,13,3,2,1,12,2,2,5,2,2,2,0.4,0.4,0.4,0.4,8.3,Moderate,0,Mid,0,0,-0.5663123651068891,-0.5803677648543475,2,Fast-track Performers
47,0,Travel_Rarely,249,Sales,2,2,Marketing,3,Female,35,3,2,Sales Executive,4,Married,4537,17783,0,Yes,22,4,1,1,8,2,3,7,6,7,7,1.0,0.8571428571428571,0.2857142857142857,1.0,5.199999999999999,Critical,0,Senior,1,1,2.5504852637912245,-2.0912463380368216,1,Stable Contributors
37,0,Non-Travel,1252,Sales,19,2,Medical,1,Male,32,3,3,Sales Executive,2,Single,7642,4814,1,Yes,13,3,4,0,10,2,3,10,0,0,9,0.0,0.0,0.2,0.9,12.3,Recent,0,Senior,0,0,-0.1383859725323713,1.6145384414697306,2,Fast-track Performers
50,0,Non-Travel,881,Research & Development,2,4,Life Sciences,1,Male,98,3,4,Manager,1,Divorced,17924,4544,1,No,11,3,4,1,31,3,3,31,6,14,7,0.4516129032258064,0.1935483870967742,0.0967741935483871,0.2258064516129032,1.0999999999999996,Critical,0,Veteran,1,1,4.267748220015858,0.7634907408892856,1,Stable Contributors
39,0,Travel_Rarely,1383,Human Resources,2,3,Life Sciences,4,Female,42,2,2,Human Resources,4,Married,5204,7790,8,No,11,3,3,2,13,2,3,5,4,0,4,0.0,0.8,0.4,0.8,10.1,Recent,0,Mid,0,0,-0.19204717385181808,0.07998306669267702,2,Fast-track Performers
33,0,Travel_Rarely,1075,Human Resources,3,2,Human Resources,4,Male,57,3,1,Human Resources,2,Divorced,2277,22650,3,Yes,11,3,3,1,7,4,4,4,3,0,3,0.0,0.75,1.0,0.75,10.1,Recent,0,Mid,0,0,-1.0514321735585983,-0.1473569436447476,2,Fast-track Performers
32,1,Travel_Rarely,374,Research & Development,25,4,Life Sciences,1,Male,87,3,1,Laboratory Technician,4,Single,2795,18016,1,Yes,24,4,3,0,1,2,1,1,0,0,1,0.0,0.0,2.0,1.0,10.4,Recent,0,Early,0,0,-2.3828740639991968,-0.5468892588002504,2,Fast-track Performers
29,0,Travel_Rarely,1086,Research & Development,7,1,Medical,1,Female,62,2,1,Laboratory Technician,4,Divorced,2532,6054,6,No,14,3,3,3,8,5,3,4,3,0,3,0.0,0.75,1.25,0.75,11.4,Recent,0,Mid,0,0,-1.2833207407462977,0.19185364825152407,2,Fast-track Performers
44,0,Travel_Rarely,661,Research & Development,9,2,Life Sciences,2,Male,61,3,1,Research Scientist,1,Married,2559,7508,1,Yes,13,3,4,0,8,0,3,8,7,7,1,0.875,0.875,0.0,0.125,-0.7000000000000002,Critical,1,Senior,1,1,1.8221980527002497,-3.3125401255542912,1,Stable Contributors
28,0,Travel_Rarely,821,Sales,5,4,Medical,1,Male,98,3,2,Sales Executive,4,Single,4908,24252,1,No,14,3,2,0,4,3,3,4,2,0,2,0.0,0.5,0.75,0.5,11.4,Recent,0,Mid,0,0,-1.3845910000989434,0.49168532070023724,2,Fast-track Performers
58,1,Travel_Frequently,781,Research & Development,2,1,Life Sciences,4,Male,57,2,1,Laboratory Technician,4,Divorced,2380,13384,9,Yes,14,3,4,1,3,3,2,1,0,0,0,0.0,0.0,3.0,0.0,9.4,Recent,0,Early,0,0,-3.4864230143819817,-0.12606014383245284,2,Fast-track Performers
43,0,Travel_Rarely,177,Research & Development,8,3,Life Sciences,1,Female,55,3,2,Manufacturing Director,2,Divorced,4765,23814,4,No,21,4,3,1,4,2,4,1,0,0,0,0.0,0.0,2.0,0.0,12.1,Recent,0,Early,0,0,-3.10979411619274,0.5777622071853563,2,Fast-track Performers
20,1,Travel_Rarely,500,Sales,2,3,Medical,3,Female,49,2,1,Sales Representative,3,Single,2044,22052,1,No,13,3,4,0,2,3,2,2,2,0,2,0.0,1.0,1.5,1.0,9.3,Recent,0,Early,0,0,-1.112585755909665,-0.9367040504388399,2,Fast-track Performers
21,1,Travel_Rarely,1427,Research & Development,18,1,Other,4,Female,65,3,1,Research Scientist,4,Single,2693,8870,1,No,19,3,1,0,1,3,2,1,0,0,0,0.0,0.0,3.0,0.0,9.9,Recent,0,Early,0,0,-3.5223879282429706,-0.0520978896669107,2,Fast-track Performers
36,0,Travel_Rarely,1425,Research & Development,14,1,Life Sciences,3,Male,68,3,2,Healthcare Representative,4,Married,6586,4821,0,Yes,17,3,1,1,17,2,2,16,8,4,11,0.25,0.5,0.125,0.6875,6.699999999999999,Delayed,0,Veteran,0,1,2.4555894073750335,0.46006903769524293,1,Stable Contributors
47,0,Travel_Rarely,1454,Sales,2,4,Life Sciences,4,Female,65,2,1,Sales Representative,4,Single,3294,13137,1,Yes,18,3,1,0,3,3,2,3,2,1,2,0.3333333333333333,0.6666666666666666,1.0,0.6666666666666666,8.8,Recent,0,Mid,0,0,-0.9709822451299756,-1.0589081333168344,2,Fast-track Performers
22,1,Travel_Rarely,617,Research & Development,3,1,Life Sciences,2,Female,34,3,2,Manufacturing Director,3,Married,4171,10022,0,Yes,19,3,1,1,4,3,4,3,2,0,2,0.0,0.6666666666666666,1.0,0.6666666666666666,11.9,Recent,0,Mid,0,0,-1.338120844366426,0.31469971940749986,2,Fast-track Performers
41,1,Travel_Rarely,1085,Research & Development,2,4,Life Sciences,2,Female,57,1,1,Laboratory Technician,4,Divorced,2778,17725,4,Yes,13,3,3,1,10,1,2,7,7,1,0,0.1428571428571428,1.0,0.1428571428571428,0.0,6.3,Recent,1,Senior,0,0,-0.1512885580231309,-0.9727337184412425,2,Fast-track Performers
28,0,Travel_Rarely,995,Research & Development,9,3,Medical,3,Female,77,3,1,Research Scientist,3,Divorced,2377,9834,5,No,18,3,2,1,6,2,3,2,2,2,2,1.0,1.0,1.0,1.0,6.800000000000001,Moderate,0,Early,0,0,0.17086358174614985,-2.8902839912460134,1,Fast-track Performers
39,1,Travel_Rarely,1122,Research & Development,6,3,Medical,4,Male,70,3,1,Laboratory Technician,1,Married,2404,4303,7,Yes,21,4,4,0,8,2,1,2,2,2,2,1.0,1.0,1.0,1.0,8.1,Moderate,0,Early,0,0,0.07735480570757801,-2.697982130415604,1,Fast-track Performers
27,0,Travel_Rarely,618,Research & Development,4,3,Life Sciences,2,Female,76,3,1,Research Scientist,3,Single,2318,17808,1,No,19,3,3,0,1,2,3,1,1,0,0,0.0,1.0,2.0,0.0,8.9,Recent,0,Early,0,0,-2.2742936947399968,-0.8771293884070563,2,Fast-track Performers
34,0,Travel_Rarely,546,Research & Development,10,3,Life Sciences,2,Male,83,3,1,Laboratory Technician,2,Divorced,2008,6896,1,No,14,3,2,2,1,3,3,1,0,1,0,1.0,0.0,3.0,0.0,8.4,Recent,0,Early,0,0,-2.6491309583281204,-1.6756156168547982,2,Fast-track Performers
42,0,Travel_Rarely,462,Sales,14,2,Medical,3,Female,68,2,2,Sales Executive,3,Single,6244,7824,7,No,17,3,1,0,10,6,3,5,4,0,3,0.0,0.8,1.2,0.6,14.7,Recent,0,Mid,0,0,-1.2619984213917463,1.4039324138558742,2,Fast-track Performers
33,0,Travel_Rarely,1198,Research & Development,1,4,Other,3,Male,100,2,1,Research Scientist,1,Single,2799,3339,3,Yes,11,3,2,0,6,1,3,3,2,0,2,0.0,0.6666666666666666,0.3333333333333333,0.6666666666666666,7.1,Recent,1,Mid,0,0,-0.8527522263964668,-1.0980784769068022,2,Fast-track Performers
58,0,Travel_Rarely,1272,Research & Development,5,3,Technical Degree,3,Female,37,2,3,Healthcare Representative,2,Divorced,10552,9255,2,Yes,13,3,4,1,24,3,3,6,0,0,4,0.0,0.0,0.5,0.6666666666666666,13.3,Recent,0,Mid,0,0,-1.3493646844496254,1.5403227614091741,2,Fast-track Performers
31,0,Travel_Rarely,154,Sales,7,4,Life Sciences,2,Male,41,2,1,Sales Representative,3,Married,2329,11737,3,No,15,3,2,0,13,2,4,7,7,5,2,0.7142857142857143,1.0,0.2857142857142857,0.2857142857142857,3.5,Delayed,0,Senior,1,1,1.2147085483907596,-2.2310851491290444,1,Stable Contributors
35,0,Travel_Rarely,1137,Research & Development,21,1,Life Sciences,4,Female,51,3,2,Healthcare Representative,4,Married,4014,19170,1,Yes,25,4,4,1,10,2,1,10,6,0,7,0.0,0.6,0.2,0.7,12.5,Recent,0,Senior,0,1,0.3849741521996665,1.1416439155820732,1,Stable Contributors
49,0,Travel_Rarely,527,Research & Development,8,2,Other,1,Female,51,3,3,Laboratory Technician,2,Married,7403,22477,4,No,11,3,3,1,29,3,2,26,9,1,7,0.0384615384615384,0.3461538461538461,0.1153846153846153,0.2692307692307692,12.1,Recent,0,Veteran,0,1,1.6181172804128336,2.912496884636471,1,Stable Contributors
48,0,Travel_Rarely,1469,Research & Development,20,4,Medical,4,Male,51,3,1,Research Scientist,3,Married,2259,5543,4,No,17,3,1,2,13,2,2,0,0,0,0,0.0,0.0,0.0,0.0,8.7,Recent,0,Early,0,0,-2.474360183926084,-0.30101058062835184,2,Fast-track Performers
31,0,Non-Travel,1188,Sales,20,2,Marketing,4,Female,45,3,2,Sales Executive,3,Married,6932,24406,1,No,13,3,4,1,9,2,2,9,8,0,0,0.0,0.8888888888888888,0.2222222222222222,0.0,10.3,Recent,0,Senior,0,0,-0.37717773801128157,0.6509564350952813,2,Fast-track Performers
36,0,Travel_Rarely,188,Research & Development,7,4,Other,2,Male,65,3,1,Research Scientist,4,Single,4678,23293,2,No,18,3,3,0,8,6,3,6,2,0,1,0.0,0.3333333333333333,1.0,0.1666666666666666,12.8,Recent,0,Mid,0,0,-2.2559322493456433,1.0666436804560961,2,Fast-track Performers
38,0,Travel_Rarely,1333,Research & Development,1,3,Technical Degree,4,Female,80,3,3,Research Director,1,Married,13582,16292,1,No,13,3,2,1,15,3,3,15,12,5,11,0.3333333333333333,0.8,0.2,0.7333333333333333,8.3,Delayed,0,Veteran,1,1,3.2491146461553715,1.0437703641487555,1,Stable Contributors
32,0,Non-Travel,1184,Research & Development,1,3,Life Sciences,3,Female,70,2,1,Laboratory Technician,2,Married,2332,3974,6,No,20,4,3,0,5,3,3,3,0,0,2,0.0,0.0,1.0,0.6666666666666666,11.0,Recent,0,Mid,0,0,-2.146099006053378,0.0767517795036542,2,Fast-track Performers
25,1,Travel_Rarely,867,Sales,19,2,Marketing,3,Male,36,2,1,Sales Representative,2,Married,2413,18798,1,Yes,18,3,3,3,1,2,3,1,0,0,0,0.0,0.0,2.0,0.0,8.8,Recent,0,Early,0,0,-3.0628626411032145,-0.3270230036635715,2,Fast-track Performers
40,0,Travel_Rarely,658,Sales,10,4,Marketing,1,Male,67,2,3,Sales Executive,2,Divorced,9705,20652,2,No,12,3,2,1,11,2,2,1,0,0,0,0.0,0.0,2.0,0.0,12.2,Recent,0,Early,0,0,-2.9265501425719336,1.0091889913748144,2,Fast-track Performers
26,0,Travel_Frequently,1283,Sales,1,3,Medical,3,Male,52,2,2,Sales Executive,1,Single,4294,11148,1,No,12,3,2,0,7,2,3,7,7,0,7,0.0,1.0,0.2857142857142857,1.0,10.2,Recent,0,Senior,0,1,0.9214695414554834,0.2917271149501204,1,Stable Contributors
41,0,Travel_Rarely,263,Research & Development,6,3,Medical,4,Male,59,3,1,Laboratory Technician,1,Single,4721,3119,2,Yes,13,3,3,0,20,3,3,18,13,2,17,0.1111111111111111,0.7222222222222222,0.1666666666666666,0.9444444444444444,7.300000000000001,Moderate,0,Veteran,0,1,3.529660336294138,0.9841512618166033,1,Stable Contributors
36,0,Travel_Rarely,938,Research & Development,2,4,Medical,3,Male,79,3,1,Laboratory Technician,3,Single,2519,12287,4,No,21,4,3,0,16,6,3,11,8,3,9,0.2727272727272727,0.7272727272727273,0.5454545454545454,0.8181818181818182,11.1,Moderate,0,Senior,0,1,1.1735262388044274,0.7479609905588127,1,Stable Contributors
19,1,Travel_Rarely,419,Sales,21,3,Other,4,Male,37,2,1,Sales Representative,2,Single,2121,9947,1,Yes,13,3,2,0,1,3,4,1,0,0,0,0.0,0.0,3.0,0.0,9.3,Recent,0,Early,0,0,-3.4792300316097835,-0.14085259466556121,2,Fast-track Performers
20,1,Travel_Rarely,129,Research & Development,4,3,Technical Degree,1,Male,84,3,1,Laboratory Technician,1,Single,2973,13008,1,No,19,3,2,0,1,2,3,1,0,0,0,0.0,0.0,2.0,0.0,8.9,Recent,0,Early,0,0,-3.070055623875412,-0.31223055283046314,2,Fast-track Performers
31,0,Travel_Rarely,616,Research & Development,12,3,Medical,4,Female,41,3,2,Healthcare Representative,4,Married,5855,17369,0,Yes,11,3,3,2,10,2,1,9,7,8,5,0.8888888888888888,0.7777777777777778,0.2222222222222222,0.5555555555555556,2.1,Critical,0,Senior,1,1,2.498779295988741,-2.126407796015155,1,Stable Contributors
40,0,Travel_Frequently,1469,Research & Development,9,4,Medical,4,Male,35,3,1,Research Scientist,2,Divorced,3617,25063,8,Yes,14,3,4,1,3,2,3,1,1,0,0,0.0,1.0,2.0,0.0,8.4,Recent,0,Early,0,0,-2.2383287808790078,-0.9510916425725985,2,Fast-track Performers
32,0,Travel_Rarely,498,Research & Development,3,4,Medical,3,Female,93,3,2,Manufacturing Director,1,Married,6725,13554,1,No,12,3,3,1,8,2,4,8,7,6,3,0.75,0.875,0.25,0.375,4.199999999999999,Delayed,0,Senior,1,1,1.6621201489256285,-1.6658943129384793,1,Stable Contributors
36,1,Travel_Rarely,530,Sales,3,1,Life Sciences,3,Male,51,2,3,Sales Executive,4,Married,10325,5518,1,Yes,11,3,1,1,16,6,3,16,7,3,7,0.1875,0.4375,0.375,0.4375,13.1,Moderate,0,Veteran,0,1,0.9324355116028763,2.471586866529691,1,Stable Contributors
33,0,Travel_Rarely,1069,Research & Development,1,3,Life Sciences,2,Female,42,2,2,Healthcare Representative,4,Single,6949,12291,0,No,14,3,1,0,6,3,3,5,0,1,4,0.2,0.0,0.6,0.8,10.4,Recent,0,Mid,0,0,-1.088289582931182,0.252264876514939,2,Fast-track Performers
37,1,Travel_Rarely,625,Sales,1,4,Life Sciences,1,Male,46,2,3,Sales Executive,3,Married,10609,14922,5,No,11,3,3,0,17,2,1,14,1,11,7,0.7857142857142857,0.0714285714285714,0.1428571428571428,0.5,1.0999999999999996,Critical,0,Senior,1,1,2.4233399126775703,-1.313938035110091,1,Stable Contributors
45,0,Non-Travel,805,Research & Development,4,2,Life Sciences,3,Male,57,3,2,Laboratory Technician,2,Married,4447,23163,1,No,12,3,2,0,9,5,2,9,7,0,8,0.0,0.7777777777777778,0.5555555555555556,0.8888888888888888,13.2,Recent,0,Senior,0,1,0.46027096142119606,1.5510442603836987,1,Stable Contributors
29,0,Travel_Frequently,1404,Sales,20,3,Technical Degree,3,Female,84,3,1,Sales Representative,4,Married,2157,18203,1,No,15,3,2,1,3,5,3,3,1,0,2,0.0,0.3333333333333333,1.6666666666666667,0.6666666666666666,11.5,Recent,0,Mid,0,0,-2.17146729608997,0.2809110311627038,2,Fast-track Performers
35,0,Travel_Rarely,1219,Sales,18,3,Medical,3,Female,86,3,2,Sales Executive,3,Married,4601,6179,1,No,16,3,2,0,5,3,3,5,2,1,0,0.2,0.4,0.6,0.0,10.6,Recent,0,Mid,0,0,-1.602623692722755,0.3200599615959767,2,Fast-track Performers
52,0,Travel_Rarely,1053,Research & Development,1,2,Life Sciences,4,Male,70,3,4,Manager,4,Married,17099,13829,2,No,15,3,2,1,26,2,2,9,8,7,8,0.7777777777777778,0.8888888888888888,0.2222222222222222,0.8888888888888888,7.5,Critical,0,Senior,1,1,3.058448912967121,-0.3197719057128072,1,Stable Contributors
58,1,Travel_Rarely,289,Research & Development,2,3,Technical Degree,4,Male,51,3,1,Research Scientist,3,Single,2479,26227,4,No,24,4,1,0,7,4,3,1,0,0,0,0.0,0.0,4.0,0.0,12.4,Recent,0,Early,0,0,-4.082614974193498,0.4299215359932683,2,Fast-track Performers
53,0,Travel_Rarely,1376,Sales,2,2,Medical,3,Male,45,3,4,Manager,3,Divorced,14852,13938,6,No,13,3,3,1,22,3,4,17,13,15,2,0.8823529411764706,0.7647058823529411,0.1764705882352941,0.1176470588235294,0.3000000000000007,Critical,0,Veteran,1,1,4.343286179295555,-0.9473882855144584,1,Stable Contributors
30,0,Travel_Rarely,231,Sales,8,2,Other,3,Male,62,3,3,Sales Executive,3,Divorced,7264,9977,5,No,11,3,1,1,10,2,4,8,4,7,7,0.875,0.5,0.25,0.875,5.1,Critical,0,Senior,1,1,2.1865986580534154,-1.2806845433036147,1,Stable Contributors
38,0,Non-Travel,152,Sales,10,3,Technical Degree,3,Female,85,3,2,Sales Executive,4,Single,5666,19899,1,Yes,13,3,2,0,6,1,3,5,3,1,3,0.2,0.6,0.2,0.6,8.3,Recent,1,Mid,0,0,-0.1921979790802092,-0.5325465093935658,2,Fast-track Performers
35,0,Travel_Rarely,882,Sales,3,4,Life Sciences,4,Male,92,3,3,Sales Executive,4,Divorced,7823,6812,6,No,13,3,2,1,12,2,3,10,9,0,8,0.0,0.9,0.2,0.8,12.3,Recent,0,Senior,0,1,1.3178316031050743,1.4950387227323696,1,Stable Contributors
39,0,Travel_Rarely,903,Sales,2,5,Life Sciences,1,Male,41,4,3,Sales Executive,3,Single,7880,2560,0,No,18,3,4,0,9,3,3,8,7,0,7,0.0,0.875,0.375,0.875,13.8,Recent,0,Senior,0,1,0.6601304457623501,1.5877024936857427,1,Stable Contributors
40,1,Non-Travel,1479,Sales,24,3,Life Sciences,2,Female,100,4,4,Sales Executive,2,Single,13194,17071,4,Yes,16,3,4,0,22,2,2,1,0,0,0,0.0,0.0,2.0,0.0,14.6,Recent,0,Early,0,0,-2.908744772711678,1.7808421447257663,2,Fast-track Performers
47,0,Travel_Frequently,1379,Research & Development,16,4,Medical,3,Male,64,4,2,Manufacturing Director,3,Divorced,5067,6759,1,Yes,19,3,3,0,20,3,4,19,10,2,7,0.1052631578947368,0.5263157894736842,0.1578947368421052,0.3684210526315789,9.9,Moderate,0,Veteran,0,1,1.590247565425284,1.5562826047792317,1,Stable Contributors
36,0,Non-Travel,1229,Sales,8,4,Technical Degree,1,Male,84,3,2,Sales Executive,4,Divorced,5079,25952,4,No,13,3,4,2,12,3,3,7,7,0,7,0.0,1.0,0.4285714285714285,1.0,11.3,Recent,0,Senior,0,1,0.7385416091688156,0.6063100303563745,1,Stable Contributors
31,1,Non-Travel,335,Research & Development,9,2,Medical,3,Male,46,2,1,Research Scientist,1,Single,2321,10322,0,Yes,22,4,1,0,4,0,3,3,2,1,2,0.3333333333333333,0.6666666666666666,0.0,0.6666666666666666,7.199999999999999,Recent,1,Mid,0,0,-0.3600809188286098,-1.7247466810996908,2,Fast-track Performers
33,0,Non-Travel,722,Sales,17,3,Life Sciences,4,Male,38,3,4,Manager,3,Single,17444,20489,1,No,11,3,4,0,10,2,3,10,8,6,0,0.6,0.8,0.2,0.0,8.1,Delayed,0,Senior,1,1,1.2755241516828577,0.1724052159667263,1,Stable Contributors
29,1,Travel_Rarely,906,Research & Development,10,3,Life Sciences,4,Female,92,2,1,Research Scientist,1,Single,2404,11479,6,Yes,20,4,3,0,3,5,3,0,0,0,0,0.0,0.0,0.0,0.0,13.0,Recent,0,Early,0,0,-2.956775131081521,0.8104915746262902,2,Fast-track Performers
33,0,Travel_Rarely,461,Research & Development,13,1,Life Sciences,2,Female,53,3,1,Research Scientist,4,Single,3452,17241,3,No,18,3,1,0,5,4,3,3,2,0,2,0.0,0.6666666666666666,1.3333333333333333,0.6666666666666666,10.8,Recent,0,Mid,0,0,-1.614706190913987,-0.12159846162866877,2,Fast-track Performers
45,0,Travel_Rarely,974,Research & Development,1,4,Medical,4,Female,91,3,1,Laboratory Technician,4,Divorced,2270,11005,3,No,14,3,4,2,8,2,3,5,3,0,2,0.0,0.6,0.4,0.4,8.4,Recent,0,Mid,0,0,-1.0106063838793553,-0.4207952322091666,2,Fast-track Performers
50,0,Travel_Rarely,1126,Research & Development,1,2,Medical,4,Male,66,3,4,Research Director,4,Divorced,17399,6615,9,No,22,4,3,1,32,1,2,5,4,1,3,0.2,0.8,0.2,0.6,14.2,Recent,1,Mid,0,0,0.014504394465279763,1.0993654530175614,2,Fast-track Performers
33,0,Travel_Frequently,827,Research & Development,1,4,Other,3,Female,84,4,2,Healthcare Representative,2,Married,5488,20161,1,Yes,13,3,1,1,6,2,3,6,5,1,2,0.1666666666666666,0.8333333333333334,0.3333333333333333,0.3333333333333333,9.3,Recent,0,Mid,0,0,-0.23104999385455624,-0.10062980300064105,2,Fast-track Performers
41,0,Travel_Frequently,840,Research & Development,9,3,Medical,1,Male,64,3,5,Research Director,3,Divorced,19419,3735,2,No,17,3,2,1,21,2,4,18,16,0,11,0.0,0.8888888888888888,0.1111111111111111,0.6111111111111112,16.7,Recent,0,Veteran,0,1,2.925659162608817,4.008462511152527,1,Stable Contributors
27,0,Travel_Rarely,1134,Research & Development,16,4,Technical Degree,3,Female,37,3,1,Laboratory Technician,2,Married,2811,12086,9,No,14,3,2,1,4,2,3,2,2,2,2,1.0,1.0,1.0,1.0,6.4,Moderate,0,Early,0,0,0.19963551283494124,-2.9494537945784476,1,Fast-track Performers
45,0,Non-Travel,248,Research & Development,23,2,Life Sciences,4,Male,42,3,2,Laboratory Technician,1,Married,3633,14039,1,Yes,15,3,3,1,9,2,3,9,8,0,8,0.0,0.8888888888888888,0.2222222222222222,0.8888888888888888,10.5,Recent,0,Senior,0,1,1.124761879337238,0.6720644413432886,1,Stable Contributors
47,0,Travel_Rarely,955,Sales,4,2,Life Sciences,4,Female,83,3,2,Sales Executive,4,Single,4163,8571,1,Yes,17,3,3,0,9,0,3,9,0,0,7,0.0,0.0,0.0,0.7777777777777778,8.7,Recent,1,Senior,0,0,-0.26496803493068877,0.25682525440290677,2,Fast-track Performers
30,1,Travel_Rarely,138,Research & Development,22,3,Life Sciences,1,Female,48,3,1,Research Scientist,3,Married,2132,11539,4,Yes,11,3,2,0,7,2,3,5,2,0,1,0.0,0.4,0.4,0.2,8.1,Recent,0,Mid,0,0,-1.4893361381032864,-0.3444530836723327,2,Fast-track Performers
50,0,Travel_Rarely,939,Research & Development,24,3,Life Sciences,4,Male,95,3,4,Manufacturing Director,3,Married,13973,4161,3,Yes,18,3,4,1,22,2,3,12,11,1,5,0.0833333333333333,0.9166666666666666,0.1666666666666666,0.4166666666666667,13.8,Recent,0,Senior,0,1,1.3486909991305884,2.1946096320927033,2,Stable Contributors
38,0,Travel_Frequently,1391,Research & Development,10,1,Medical,3,Male,66,3,1,Research Scientist,3,Married,2684,12127,0,No,17,3,2,1,3,0,2,2,1,0,2,0.0,0.5,0.0,1.0,6.7,Recent,1,Early,0,0,-0.7232008960139378,-1.4691767610632727,2,Fast-track Performers
46,0,Travel_Rarely,566,Research & Development,7,2,Medical,4,Male,75,3,3,Manufacturing Director,3,Divorced,10845,24208,6,No,13,3,2,1,13,3,3,8,7,0,7,0.0,0.875,0.375,0.875,13.3,Recent,0,Senior,0,1,0.6960953596233392,1.5137402395202004,1,Stable Contributors
24,0,Travel_Rarely,1206,Research & Development,17,1,Medical,4,Female,41,2,2,Manufacturing Director,3,Divorced,4377,24117,1,No,15,3,2,2,5,6,3,4,2,3,2,0.75,0.5,1.5,0.5,11.5,Moderate,0,Mid,0,0,-0.9646825142347704,-0.2093098829628245,2,Fast-track Performers
35,1,Travel_Rarely,622,Research & Development,14,4,Other,3,Male,39,2,1,Laboratory Technician,2,Divorced,3743,10074,1,Yes,24,4,4,1,5,2,1,4,2,0,2,0.0,0.5,0.5,0.5,10.4,Recent,0,Mid,0,0,-1.3647183376208412,-0.21978225205305868,2,Fast-track Performers
31,0,Travel_Frequently,853,Research & Development,1,1,Life Sciences,3,Female,96,3,2,Manufacturing Director,1,Married,4148,11275,1,No,12,3,3,1,4,1,3,4,3,0,3,0.0,0.75,0.25,0.75,9.2,Recent,1,Mid,0,0,-0.38111899876843136,-0.3045808609839596,2,Fast-track Performers
18,0,Non-Travel,287,Research & Development,5,2,Life Sciences,2,Male,73,3,1,Research Scientist,4,Single,1051,13493,1,No,15,3,4,0,0,2,3,0,0,0,0,0.0,0.0,0.0,0.0,8.5,Recent,0,Early,0,0,-2.4599742183816886,-0.33059548229456864,2,Fast-track Performers
54,0,Travel_Rarely,1441,Research & Development,17,3,Technical Degree,3,Female,56,3,3,Manufacturing Director,3,Married,10739,13943,8,No,11,3,3,1,22,2,3,10,7,0,8,0.0,0.7,0.2,0.8,12.1,Recent,0,Senior,0,1,0.9681755512152275,1.4909795449456855,1,Stable Contributors
35,0,Travel_Rarely,583,Research & Development,25,4,Medical,3,Female,57,3,3,Healthcare Representative,3,Divorced,10388,6975,1,Yes,11,3,3,1,16,3,2,16,10,10,1,0.625,0.625,0.1875,0.0625,3.1,Critical,0,Veteran,1,1,2.5333006318377005,-0.5070912572788083,1,Stable Contributors
30,0,Travel_Rarely,153,Research & Development,8,2,Life Sciences,2,Female,73,4,3,Research Director,1,Married,11416,17802,0,Yes,12,3,3,3,9,4,2,8,7,1,7,0.125,0.875,0.5,0.875,13.2,Recent,0,Senior,0,1,0.8052233993619647,1.4354897246928244,1,Stable Contributors
20,1,Travel_Rarely,1097,Research & Development,11,3,Medical,4,Female,98,2,1,Research Scientist,1,Single,2600,18275,1,Yes,15,3,1,0,1,2,3,1,0,0,0,0.0,0.0,2.0,0.0,8.5,Recent,0,Early,0,0,-3.041283692786621,-0.3714003561628969,2,Fast-track Performers
30,1,Travel_Frequently,109,Research & Development,5,3,Medical,2,Female,60,3,1,Laboratory Technician,2,Single,2422,25725,0,No,17,3,1,0,4,3,3,3,2,1,2,0.3333333333333333,0.6666666666666666,1.0,0.6666666666666666,8.7,Recent,0,Mid,0,0,-0.9637892623577776,-1.073700584149943,2,Fast-track Performers
26,0,Travel_Rarely,1066,Research & Development,2,2,Medical,4,Male,32,4,2,Manufacturing Director,4,Married,5472,3334,1,No,12,3,2,0,8,2,3,8,7,1,3,0.125,0.875,0.25,0.375,9.2,Recent,0,Senior,0,0,0.30258234098500625,0.15447935087874998,2,Fast-track Performers
22,0,Travel_Rarely,217,Research & Development,8,1,Life Sciences,2,Male,94,1,1,Laboratory Technician,1,Married,2451,6881,1,No,15,3,1,1,4,3,2,4,3,1,1,0.25,0.75,0.75,0.25,8.5,Recent,0,Mid,0,0,-1.0855289825405232,-0.7719909499152302,2,Fast-track Performers
48,0,Travel_Rarely,277,Research & Development,6,3,Life Sciences,1,Male,97,2,2,Healthcare Representative,3,Single,4240,13119,2,No,13,3,4,0,19,0,3,2,2,2,2,1.0,1.0,0.0,1.0,6.300000000000001,Moderate,1,Early,0,0,0.835373491296033,-2.8182956566980004,1,Fast-track Performers
48,0,Travel_Rarely,1355,Research & Development,4,4,Life Sciences,3,Male,78,2,3,Healthcare Representative,3,Single,10999,22245,7,No,14,3,2,0,27,3,3,15,11,4,8,0.2666666666666666,0.7333333333333333,0.2,0.5333333333333333,9.4,Delayed,0,Veteran,0,1,2.3706247848644466,1.270774837130373,1,Stable Contributors
41,0,Travel_Rarely,549,Research & Development,7,2,Medical,4,Female,42,3,2,Manufacturing Director,3,Single,5003,23371,6,No,14,3,2,0,8,6,3,2,2,2,1,1.0,1.0,3.0,0.5,12.4,Moderate,0,Early,0,0,-1.3721851001312566,-0.9035702477868535,2,Fast-track Performers
39,0,Travel_Rarely,466,Research & Development,1,1,Life Sciences,4,Female,65,2,4,Manufacturing Director,4,Married,12742,7060,1,No,16,3,3,1,21,3,3,21,6,11,8,0.5238095238095238,0.2857142857142857,0.1428571428571428,0.3809523809523809,4.6,Critical,0,Veteran,1,1,3.3316935366794156,0.7242010544070975,1,Stable Contributors
27,0,Travel_Rarely,1055,Research & Development,2,4,Life Sciences,1,Female,47,3,2,Manufacturing Director,4,Married,4227,4658,0,No,18,3,2,1,4,2,3,3,2,2,2,0.6666666666666666,0.6666666666666666,0.6666666666666666,0.6666666666666666,8.8,Moderate,0,Mid,0,0,-0.280680998396917,-1.2837344549864818,1,Fast-track Performers
35,0,Travel_Rarely,802,Research & Development,10,3,Other,2,Male,45,3,1,Laboratory Technician,4,Divorced,3917,9541,1,No,20,4,1,1,3,4,2,3,2,1,2,0.3333333333333333,0.6666666666666666,1.3333333333333333,0.6666666666666666,11.0,Recent,0,Mid,0,0,-1.2944990667670613,-0.5904211035040754,2,Fast-track Performers
42,0,Travel_Rarely,265,Sales,5,2,Marketing,4,Male,90,3,5,Manager,3,Married,18303,7770,6,No,13,3,2,0,21,3,4,1,0,0,0,0.0,0.0,3.0,0.0,17.3,Recent,0,Early,0,0,-3.292920827813596,2.709080805408512,2,Fast-track Performers
50,0,Travel_Rarely,804,Research & Development,9,3,Life Sciences,1,Male,64,3,1,Laboratory Technician,4,Married,2380,20165,4,No,18,3,2,0,8,5,3,1,0,0,0,0.0,0.0,5.0,0.0,11.8,Recent,0,Early,0,0,-4.41985955420589,0.4533749858270859,2,Fast-track Performers
59,0,Travel_Rarely,715,Research & Development,2,3,Life Sciences,3,Female,69,2,4,Manufacturing Director,4,Single,13726,21829,3,Yes,13,3,1,0,30,4,3,5,3,4,3,0.8,0.6,0.8,0.6,12.3,Delayed,0,Mid,0,0,0.2795395723594201,0.3867979211526476,2,Fast-track Performers
37,1,Travel_Rarely,1141,Research & Development,11,2,Medical,1,Female,61,1,2,Healthcare Representative,2,Married,4777,14382,5,No,15,3,1,0,15,2,1,1,0,0,0,0.0,0.0,2.0,0.0,10.5,Recent,0,Early,0,0,-2.9947063918375743,0.3410829938556214,2,Fast-track Performers
55,0,Travel_Frequently,135,Research & Development,18,4,Medical,3,Male,62,3,2,Healthcare Representative,2,Married,6385,12992,3,Yes,14,3,4,2,17,3,3,8,7,6,7,0.75,0.875,0.375,0.875,5.4,Delayed,0,Senior,1,1,2.273770445430841,-1.3683990562458848,1,Stable Contributors
41,0,Non-Travel,247,Research & Development,7,1,Life Sciences,2,Female,55,1,5,Research Director,3,Divorced,19973,20284,1,No,22,4,2,2,21,3,3,21,16,5,10,0.238095238095238,0.7619047619047619,0.1428571428571428,0.4761904761904761,14.2,Delayed,0,Veteran,1,1,3.6873203659533673,3.485451961654109,1,Stable Contributors
38,0,Travel_Rarely,1035,Sales,3,4,Life Sciences,2,Male,42,3,2,Sales Executive,4,Single,6861,4981,8,Yes,12,3,3,0,19,1,3,1,0,0,0,0.0,0.0,1.0,0.0,9.2,Recent,1,Early,0,0,-2.520795139153422,0.03657297819274354,2,Fast-track Performers
26,1,Non-Travel,265,Sales,29,2,Medical,2,Male,79,1,2,Sales Executive,1,Single,4969,21813,8,No,18,3,4,0,7,6,3,2,2,2,2,1.0,1.0,3.0,1.0,12.8,Moderate,0,Early,0,0,-0.9464945067844972,-1.0447351186175688,2,Fast-track Performers
52,1,Travel_Rarely,266,Sales,2,1,Marketing,1,Female,57,1,5,Manager,4,Married,19845,25846,1,No,15,3,4,1,33,3,3,32,14,6,9,0.1875,0.4375,0.09375,0.28125,11.5,Delayed,0,Veteran,1,1,3.993296263548568,3.824971875595057,1,Stable Contributors
44,0,Travel_Rarely,1448,Sales,28,3,Medical,4,Female,53,4,4,Sales Executive,4,Married,13320,11737,3,Yes,18,3,3,1,23,2,3,12,11,11,11,0.9166666666666666,0.9166666666666666,0.1666666666666666,0.9166666666666666,3.8000000000000007,Critical,0,Senior,1,1,4.822242164856624,-0.8025771307858012,1,Stable Contributors
50,0,Non-Travel,145,Sales,1,3,Life Sciences,4,Female,95,3,2,Sales Executive,3,Married,6347,24920,0,No,12,3,1,1,19,3,3,18,7,0,13,0.0,0.3888888888888889,0.1666666666666666,0.7222222222222222,11.2,Recent,0,Veteran,0,1,1.6123032861448796,2.025168391628441,1,Stable Contributors
36,1,Travel_Rarely,885,Research & Development,16,4,Life Sciences,3,Female,43,4,1,Laboratory Technician,1,Single,2743,8269,1,No,16,3,3,0,18,1,3,17,13,15,14,0.8823529411764706,0.7647058823529411,0.0588235294117647,0.8235294117647058,-7.4,Critical,1,Veteran,1,1,6.326261929381636,-3.3390138666910962,1,Stable Contributors
39,0,Travel_Frequently,945,Research & Development,22,3,Medical,4,Female,82,3,3,Manufacturing Director,1,Single,10880,5083,1,Yes,13,3,3,0,21,2,3,21,6,2,8,0.0952380952380952,0.2857142857142857,0.0952380952380952,0.3809523809523809,10.3,Moderate,0,Veteran,0,1,1.4545289435986346,1.9962701645001746,1,Stable Contributors
33,0,Non-Travel,1038,Sales,8,1,Life Sciences,2,Female,88,2,1,Sales Representative,4,Single,2342,21437,0,No,19,3,4,0,3,2,2,2,2,2,2,1.0,1.0,1.0,1.0,6.9,Moderate,0,Early,0,0,0.16367059897395203,-2.8754915404129053,1,Fast-track Performers
45,0,Travel_Rarely,1234,Sales,11,2,Life Sciences,4,Female,90,3,4,Manager,4,Married,17650,5404,3,No,13,3,2,1,26,4,4,9,3,1,1,0.1111111111111111,0.3333333333333333,0.4444444444444444,0.1111111111111111,15.3,Recent,0,Senior,0,0,-1.1105207253820544,2.430021266321678,2,Fast-track Performers
32,0,Non-Travel,1109,Research & Development,29,4,Medical,4,Female,69,3,1,Laboratory Technician,3,Single,4025,11135,9,No,12,3,2,0,10,2,3,8,7,7,7,0.875,0.875,0.25,0.875,1.1999999999999993,Critical,0,Senior,1,1,2.6834591762360116,-2.775158709463245,1,Stable Contributors
34,0,Travel_Rarely,216,Sales,1,4,Marketing,2,Male,75,4,2,Sales Executive,4,Divorced,9725,12278,0,No,11,3,4,1,16,2,2,15,1,0,9,0.0,0.0666666666666666,0.1333333333333333,0.6,10.1,Recent,0,Veteran,0,0,0.12627918489296552,1.2956177610343877,2,Fast-track Performers
59,0,Travel_Rarely,1089,Sales,1,2,Technical Degree,2,Male,66,3,3,Manager,4,Married,11904,11038,3,Yes,14,3,3,1,14,1,1,6,4,0,4,0.0,0.6666666666666666,0.1666666666666666,0.6666666666666666,11.4,Recent,1,Mid,0,0,-0.07978805200491798,0.7430902024858065,2,Fast-track Performers
45,0,Travel_Rarely,788,Human Resources,24,4,Medical,2,Male,36,3,1,Human Resources,2,Single,2177,8318,1,No,16,3,1,0,6,3,3,6,3,0,4,0.0,0.5,0.5,0.6666666666666666,9.6,Recent,0,Mid,0,0,-0.7816483373088838,-0.0012520549782427672,2,Fast-track Performers
53,0,Travel_Frequently,124,Sales,2,3,Marketing,3,Female,38,2,3,Sales Executive,2,Married,7525,23537,2,No,12,3,1,1,30,2,3,15,7,6,12,0.4,0.4666666666666667,0.1333333333333333,0.8,6.199999999999999,Delayed,0,Veteran,1,1,3.0044860089561354,0.4239012154997482,1,Stable Contributors
36,1,Travel_Rarely,660,Research & Development,15,3,Other,1,Male,81,3,2,Laboratory Technician,3,Divorced,4834,7858,7,No,14,3,2,1,9,3,2,1,0,0,0,0.0,0.0,3.0,0.0,11.4,Recent,0,Early,0,0,-3.439845713432935,0.5864232061860656,2,Fast-track Performers
26,1,Travel_Frequently,342,Research & Development,2,3,Life Sciences,1,Male,57,3,1,Research Scientist,1,Married,2042,15346,6,Yes,14,3,2,1,6,2,3,3,2,1,2,0.3333333333333333,0.6666666666666666,0.6666666666666666,0.6666666666666666,7.4,Recent,0,Mid,0,0,-0.7050092856704724,-1.4090555564647262,2,Fast-track Performers
34,0,Travel_Rarely,1333,Sales,10,4,Life Sciences,3,Female,87,3,1,Sales Representative,3,Married,2220,18410,1,Yes,19,3,4,1,1,2,3,1,1,0,0,0.0,1.0,2.0,0.0,8.9,Recent,0,Early,0,0,-2.2742936947399968,-0.8771293884070563,2,Fast-track Performers
28,0,Travel_Rarely,1144,Sales,10,1,Medical,4,Male,74,3,1,Sales Representative,2,Married,1052,23384,1,No,22,4,2,0,1,5,3,1,0,0,0,0.0,0.0,5.0,0.0,13.2,Recent,0,Early,0,0,-4.5205613130166595,0.6604692974906037,2,Fast-track Performers
38,0,Travel_Frequently,1186,Research & Development,3,4,Other,3,Male,44,3,1,Research Scientist,3,Married,2821,2997,3,No,16,3,1,1,8,2,3,2,2,2,2,1.0,1.0,1.0,1.0,6.6,Moderate,0,Early,0,0,0.1852495472905456,-2.9198688929122305,1,Fast-track Performers
50,0,Travel_Rarely,1464,Research & Development,2,4,Medical,2,Male,62,3,5,Research Director,3,Married,19237,12853,2,Yes,11,3,4,1,29,2,2,8,1,7,7,0.875,0.125,0.25,0.875,9.1,Critical,0,Senior,1,1,1.6825451570986214,0.2285820736891234,2,Stable Contributors
37,0,Travel_Rarely,124,Research & Development,3,3,Other,4,Female,35,3,2,Healthcare Representative,2,Single,4107,13848,3,No,15,3,1,0,8,3,2,4,3,0,1,0.0,0.75,0.75,0.25,11.5,Recent,0,Mid,0,0,-1.391628456674706,0.4739215243322911,2,Fast-track Performers
40,0,Travel_Rarely,300,Sales,26,3,Marketing,3,Male,74,3,2,Sales Executive,1,Married,8396,22217,1,No,14,3,2,1,8,3,2,7,7,7,5,1.0,1.0,0.4285714285714285,0.7142857142857143,4.4,Critical,0,Senior,1,1,2.293136832171253,-2.062121111727133,1,Stable Contributors
26,0,Travel_Frequently,921,Research & Development,1,1,Medical,1,Female,66,2,1,Research Scientist,3,Divorced,2007,25265,1,No,13,3,3,2,5,5,3,5,3,1,3,0.2,0.6,1.0,0.6,10.3,Recent,0,Mid,0,0,-1.0154743727146258,-0.05644341482872767,2,Fast-track Performers
46,0,Travel_Rarely,430,Research & Development,1,4,Medical,4,Male,40,3,5,Research Director,4,Divorced,19627,21445,9,No,17,3,4,2,23,0,3,2,2,2,2,1.0,1.0,0.0,1.0,12.7,Moderate,1,Early,0,0,0.9463334630543824,-0.621675803310012,2,Fast-track Performers
54,0,Travel_Rarely,1082,Sales,2,4,Life Sciences,3,Female,41,2,3,Sales Executive,3,Married,10686,8392,6,No,11,3,2,1,13,4,3,9,4,7,0,0.7777777777777778,0.4444444444444444,0.4444444444444444,0.0,7.1,Critical,0,Senior,1,0,0.43494452566770336,-0.40211219781420754,2,Fast-track Performers
56,0,Travel_Frequently,1240,Research & Development,9,3,Medical,1,Female,63,3,1,Research Scientist,3,Married,2942,12154,2,No,19,3,2,1,18,4,3,5,4,0,3,0.0,0.8,0.8,0.6,10.9,Recent,0,Mid,0,0,-0.934612141542504,0.12674074321189455,2,Fast-track Performers
36,0,Travel_Rarely,796,Research & Development,12,5,Medical,4,Female,51,2,3,Manufacturing Director,4,Single,8858,15669,0,No,11,3,2,0,15,2,2,14,8,7,8,0.5,0.5714285714285714,0.1428571428571428,0.5714285714285714,5.1,Critical,0,Senior,1,1,2.774439223404901,-0.095329490448429,1,Stable Contributors
55,0,Non-Travel,444,Research & Development,2,1,Medical,3,Male,40,2,4,Manager,1,Single,16756,17323,7,No,15,3,2,0,31,3,4,9,7,6,2,0.6666666666666666,0.7777777777777778,0.3333333333333333,0.2222222222222222,9.5,Delayed,0,Senior,1,1,1.3031828611085452,0.3526819714812272,1,Stable Contributors
43,0,Travel_Rarely,415,Sales,25,3,Medical,3,Male,79,2,3,Sales Executive,4,Divorced,10798,5268,5,No,13,3,3,1,18,5,3,1,0,0,0,0.0,0.0,5.0,0.0,15.3,Recent,0,Early,0,0,-4.290740038446807,1.8043794316985804,2,Fast-track Performers
20,1,Travel_Frequently,769,Sales,9,3,Marketing,4,Female,54,3,1,Sales Representative,4,Single,2323,17205,1,Yes,14,3,2,0,2,3,3,2,2,0,2,0.0,1.0,1.5,1.0,9.4,Recent,0,Early,0,0,-1.1197787386818627,-0.9219115996057315,2,Fast-track Performers
21,1,Travel_Rarely,1334,Research & Development,10,3,Life Sciences,3,Female,36,2,1,Laboratory Technician,1,Single,1416,17258,1,No,13,3,1,0,1,6,2,1,0,1,0,1.0,0.0,6.0,0.0,11.3,Recent,0,Early,0,0,-3.998934888658598,-0.9100100781972491,2,Fast-track Performers
46,0,Travel_Rarely,1003,Research & Development,8,4,Life Sciences,4,Female,74,2,2,Research Scientist,1,Divorced,4615,21029,8,Yes,23,4,1,3,19,2,3,16,13,1,7,0.0625,0.8125,0.125,0.4375,11.3,Recent,0,Veteran,0,1,1.8024732921704574,1.4907557968503224,1,Stable Contributors
51,1,Travel_Rarely,1323,Research & Development,4,4,Life Sciences,1,Male,34,3,1,Research Scientist,3,Married,2461,10332,9,Yes,12,3,3,3,18,2,4,10,0,2,7,0.2,0.0,0.2,0.7,6.199999999999999,Moderate,0,Senior,0,0,-0.07678315951334998,-0.49489634090000983,2,Fast-track Performers
28,1,Non-Travel,1366,Research & Development,24,2,Technical Degree,2,Male,72,2,3,Healthcare Representative,1,Single,8722,12355,1,No,12,3,1,0,10,2,2,10,7,1,9,0.1,0.7,0.2,0.9,11.2,Recent,0,Senior,0,1,1.3987077901487779,1.1802021025879226,1,Stable Contributors
26,0,Travel_Rarely,192,Research & Development,1,2,Medical,1,Male,59,2,1,Laboratory Technician,1,Married,3955,11141,1,No,16,3,1,2,6,2,3,5,3,1,3,0.2,0.6,0.4,0.6,7.6,Recent,0,Mid,0,0,-0.454529001517192,-0.90350589576692,2,Fast-track Performers
30,0,Travel_Rarely,1176,Research & Development,20,3,Other,3,Male,85,3,2,Manufacturing Director,1,Married,9957,9096,0,No,15,3,3,1,7,1,2,6,2,0,2,0.0,0.3333333333333333,0.1666666666666666,0.3333333333333333,9.5,Recent,1,Mid,0,0,-1.0432982801360404,0.21177790512214467,2,Fast-track Performers
41,0,Travel_Rarely,509,Research & Development,7,2,Technical Degree,2,Female,43,4,1,Research Scientist,3,Married,3376,18863,1,No,13,3,3,0,10,3,3,10,6,0,8,0.0,0.6,0.3,0.8,9.3,Recent,0,Senior,0,1,0.5167088932838014,0.41013396315825734,1,Stable Contributors
38,0,Travel_Rarely,330,Research & Development,17,1,Life Sciences,3,Female,65,2,3,Healthcare Representative,3,Married,8823,24608,0,No,18,3,1,1,20,4,2,19,9,1,9,0.0526315789473684,0.4736842105263157,0.2105263157894736,0.4736842105263157,13.8,Recent,0,Veteran,0,1,1.421938776080395,2.8654821269869246,1,Stable Contributors
40,0,Travel_Rarely,1492,Research & Development,20,4,Technical Degree,1,Male,61,3,3,Healthcare Representative,4,Married,10322,26542,4,No,20,4,4,1,14,6,3,11,10,11,1,1.0,0.9090909090909092,0.5454545454545454,0.0909090909090909,7.0,Critical,0,Senior,1,1,2.2183255881854547,-0.4736723085220131,2,Stable Contributors
27,0,Non-Travel,1277,Research & Development,8,5,Life Sciences,1,Male,87,1,1,Laboratory Technician,3,Married,4621,5869,1,No,19,3,4,3,3,4,3,3,2,1,2,0.3333333333333333,0.6666666666666666,1.3333333333333333,0.6666666666666666,9.9,Recent,0,Mid,0,0,-1.2153762562728851,-0.7531380626682681,2,Fast-track Performers
55,0,Travel_Frequently,1091,Research & Development,2,1,Life Sciences,4,Male,65,3,3,Manufacturing Director,2,Married,10976,15813,3,No,18,3,2,1,23,4,3,3,2,1,2,0.3333333333333333,0.6666666666666666,1.3333333333333333,0.6666666666666666,13.8,Recent,0,Mid,0,0,-1.1150286716025934,0.6570361865356601,2,Fast-track Performers
28,0,Travel_Rarely,857,Research & Development,10,3,Other,3,Female,59,3,2,Research Scientist,3,Single,3660,7909,3,No,13,3,4,0,10,4,4,8,7,1,7,0.125,0.875,0.5,0.875,11.3,Recent,0,Senior,0,1,0.7514531156407199,0.7377988255074148,1,Stable Contributors
44,1,Travel_Rarely,1376,Human Resources,1,2,Medical,2,Male,91,2,3,Human Resources,1,Married,10482,2326,9,No,14,3,4,1,24,1,3,20,6,3,6,0.15,0.3,0.05,0.3,8.4,Moderate,1,Veteran,0,1,1.4809055793287866,1.3070773222802357,1,Stable Contributors
33,0,Travel_Rarely,654,Research & Development,5,3,Life Sciences,4,Male,34,2,3,Healthcare Representative,4,Divorced,7119,21214,4,No,15,3,3,1,9,2,3,3,2,1,2,0.3333333333333333,0.6666666666666666,0.6666666666666666,0.6666666666666666,11.5,Recent,0,Mid,0,0,-0.6190476665445764,0.030703594405418717,2,Fast-track Performers
35,1,Travel_Rarely,1204,Sales,4,3,Technical Degree,4,Male,86,3,3,Sales Executive,1,Single,9582,10333,0,Yes,22,4,1,0,9,2,3,8,7,4,7,0.5,0.875,0.25,0.875,10.2,Delayed,0,Senior,0,1,1.8170314379257755,0.03788120552629844,1,Stable Contributors
33,1,Travel_Frequently,827,Research & Development,29,4,Medical,1,Female,54,2,2,Research Scientist,3,Single,4508,3129,1,No,22,4,2,0,14,4,3,13,7,3,8,0.2307692307692307,0.5384615384615384,0.3076923076923077,0.6153846153846154,11.2,Moderate,0,Senior,0,1,1.1553796414900248,1.1490321523301157,1,Stable Contributors
28,0,Travel_Rarely,895,Research & Development,15,2,Life Sciences,1,Male,50,3,1,Laboratory Technician,3,Divorced,2207,22482,1,No,16,3,4,1,4,5,2,4,2,2,2,0.5,0.5,1.25,0.5,9.6,Moderate,0,Mid,0,0,-1.1608199541681388,-0.6684048973161777,2,Fast-track Performers
34,0,Travel_Frequently,618,Research & Development,3,1,Life Sciences,1,Male,45,3,2,Healthcare Representative,4,Single,7756,22266,0,No,17,3,3,0,7,1,2,6,2,0,4,0.0,0.3333333333333333,0.1666666666666666,0.6666666666666666,9.7,Recent,1,Mid,0,0,-0.6029108995075109,0.18230785086641688,2,Fast-track Performers
37,0,Travel_Rarely,309,Sales,10,4,Life Sciences,4,Female,88,2,2,Sales Executive,4,Divorced,6694,24223,2,Yes,14,3,3,3,8,5,3,1,0,0,0,0.0,0.0,5.0,0.0,13.4,Recent,0,Early,0,0,-4.344510322168051,1.1066885325131706,2,Fast-track Performers
25,1,Travel_Rarely,1219,Research & Development,4,1,Technical Degree,4,Male,32,3,1,Laboratory Technician,4,Married,3691,4605,1,Yes,15,3,2,1,7,3,4,7,7,5,6,0.7142857142857143,1.0,0.4285714285714285,0.8571428571428571,4.5,Delayed,0,Senior,1,1,1.8836414765509715,-2.0006025403420233,1,Stable Contributors
26,1,Travel_Rarely,1330,Research & Development,21,3,Medical,1,Male,37,3,1,Laboratory Technician,3,Divorced,2377,19373,1,No,20,4,3,1,1,0,2,1,1,0,0,0.0,1.0,0.0,0.0,8.0,Recent,1,Early,0,0,-1.4487518964990558,-1.2346777555699686,2,Fast-track Performers
33,1,Travel_Rarely,1017,Research & Development,25,3,Medical,1,Male,55,2,1,Research Scientist,2,Single,2313,2993,4,Yes,20,4,2,0,5,0,3,2,2,2,2,1.0,1.0,0.0,1.0,6.0,Moderate,1,Early,0,0,0.6665154832196228,-3.2793073425536754,1,Fast-track Performers
42,0,Travel_Rarely,469,Research & Development,2,2,Medical,4,Male,35,3,4,Manager,1,Married,17665,14399,0,No,17,3,4,1,23,3,3,22,6,13,7,0.5909090909090909,0.2727272727272727,0.1363636363636363,0.3181818181818182,2.6999999999999997,Critical,0,Veteran,1,1,3.6508475975770738,0.2949306072106985,1,Stable Contributors
28,1,Travel_Frequently,1009,Research & Development,1,3,Medical,1,Male,45,2,1,Laboratory Technician,2,Divorced,2596,7160,1,No,15,3,1,2,1,2,3,1,0,0,0,0.0,0.0,2.0,0.0,8.5,Recent,0,Early,0,0,-3.041283692786621,-0.3714003561628969,2,Fast-track Performers
50,1,Travel_Frequently,959,Sales,1,4,Other,4,Male,81,3,2,Sales Executive,3,Single,4728,17251,3,Yes,14,3,4,0,5,4,3,0,0,0,0,0.0,0.0,0.0,0.0,12.4,Recent,0,Early,0,0,-2.665474715405021,0.9798956131736628,2,Fast-track Performers
33,0,Travel_Frequently,970,Sales,7,3,Life Sciences,4,Female,30,3,2,Sales Executive,2,Married,4302,13401,0,No,17,3,3,1,4,3,3,3,2,0,2,0.0,0.6666666666666666,1.0,0.6666666666666666,11.7,Recent,0,Mid,0,0,-1.3237348788220304,0.2851148177412828,2,Fast-track Performers
34,0,Non-Travel,697,Research & Development,3,4,Life Sciences,3,Male,40,2,1,Research Scientist,4,Married,2979,22478,3,No,17,3,4,3,6,2,3,0,0,0,0,0.0,0.0,0.0,0.0,8.7,Recent,0,Early,0,0,-2.474360183926084,-0.30101058062835184,2,Fast-track Performers
48,0,Non-Travel,1262,Research & Development,1,4,Medical,1,Male,35,4,4,Manager,4,Single,16885,16154,2,No,22,4,3,0,27,3,2,5,4,2,1,0.4,0.8,0.6,0.2,15.2,Moderate,0,Mid,0,0,-0.5536645786349602,1.3211877028288392,2,Fast-track Performers
45,0,Non-Travel,1050,Sales,9,4,Life Sciences,2,Female,65,2,2,Sales Executive,3,Married,5593,17970,1,No,13,3,4,1,15,2,3,15,10,4,12,0.2666666666666666,0.6666666666666666,0.1333333333333333,0.8,6.300000000000001,Delayed,0,Veteran,0,1,2.96015479187007,0.3193555388359473,1,Stable Contributors
52,0,Travel_Rarely,994,Research & Development,7,4,Life Sciences,2,Male,87,3,3,Healthcare Representative,2,Single,10445,15322,7,No,19,3,4,0,18,4,3,8,6,4,0,0.5,0.75,0.5,0.0,10.9,Delayed,0,Senior,0,0,-0.02148950457146142,0.5321487036027148,2,Fast-track Performers
38,0,Travel_Rarely,770,Sales,10,4,Marketing,3,Male,73,2,3,Sales Executive,3,Divorced,8740,5569,0,Yes,14,3,2,2,9,2,3,8,7,2,7,0.25,0.875,0.25,0.875,10.4,Moderate,0,Senior,0,1,1.4026900046490878,0.4997665560572386,1,Stable Contributors
29,0,Travel_Rarely,1107,Research & Development,28,4,Life Sciences,3,Female,93,3,1,Research Scientist,4,Divorced,2514,26968,4,No,22,4,1,1,11,1,3,7,5,1,7,0.1428571428571428,0.7142857142857143,0.1428571428571428,1.0,8.2,Recent,1,Senior,0,1,0.7677200215712473,-0.7348557979167648,2,Stable Contributors
28,0,Travel_Rarely,950,Research & Development,3,3,Medical,4,Female,93,3,3,Manufacturing Director,2,Divorced,7655,8039,0,No,17,3,2,3,10,3,2,9,7,1,7,0.1111111111111111,0.7777777777777778,0.3333333333333333,0.7777777777777778,12.7,Recent,0,Senior,0,1,0.8752570612576113,1.3907733542733536,1,Stable Contributors
46,0,Travel_Rarely,406,Sales,3,1,Marketing,1,Male,52,3,4,Manager,3,Married,17465,15596,3,No,12,3,4,1,23,3,3,12,9,4,9,0.3333333333333333,0.75,0.25,0.75,11.2,Delayed,0,Senior,0,1,2.3114355359243457,1.5433031265619468,1,Stable Contributors
38,0,Travel_Rarely,130,Sales,2,2,Marketing,4,Male,32,3,3,Sales Executive,2,Single,7351,20619,7,No,16,3,3,0,10,2,3,1,0,0,0,0.0,0.0,2.0,0.0,12.6,Recent,0,Early,0,0,-2.955322073660725,1.0683587947072481,2,Fast-track Performers
43,0,Travel_Frequently,1082,Research & Development,27,3,Life Sciences,3,Female,83,3,3,Manufacturing Director,1,Married,10820,11535,8,No,11,3,3,1,18,1,3,8,7,0,1,0.0,0.875,0.125,0.125,11.1,Recent,1,Senior,0,0,-0.14358681559582906,0.9319814709298276,2,Fast-track Performers
39,1,Travel_Frequently,203,Research & Development,2,3,Life Sciences,1,Male,84,3,4,Healthcare Representative,4,Divorced,12169,13547,7,No,11,3,4,3,21,4,3,18,7,11,5,0.6111111111111112,0.3888888888888889,0.2222222222222222,0.2777777777777778,5.100000000000001,Critical,0,Veteran,1,1,2.8489236324594076,0.5500277360708175,1,Stable Contributors
40,0,Travel_Rarely,1308,Research & Development,14,3,Medical,3,Male,44,2,5,Research Director,3,Single,19626,17544,1,No,14,3,1,0,21,2,4,20,7,4,9,0.2,0.35,0.1,0.45,12.4,Delayed,0,Veteran,0,1,2.2433906449048395,2.8823451317728823,1,Stable Contributors
21,0,Travel_Rarely,984,Research & Development,1,1,Technical Degree,4,Female,70,2,1,Research Scientist,2,Single,2070,25326,1,Yes,11,3,3,0,2,6,4,2,2,2,2,1.0,1.0,3.0,1.0,10.1,Moderate,0,Early,0,0,-0.9427209283281591,-1.8607656244678465,2,Fast-track Performers
39,0,Non-Travel,439,Research & Development,9,3,Life Sciences,3,Male,70,3,2,Laboratory Technician,2,Single,6782,8770,9,No,15,3,3,0,9,2,2,5,4,0,3,0.0,0.8,0.4,0.6,10.5,Recent,0,Mid,0,0,-0.47091336316198096,0.1857610676063008,2,Fast-track Performers
36,0,Non-Travel,217,Research & Development,18,4,Life Sciences,1,Male,78,3,2,Manufacturing Director,4,Single,7779,23238,2,No,20,4,1,0,18,0,3,11,9,0,9,0.0,0.8181818181818182,0.0,0.8181818181818182,10.0,Recent,1,Senior,0,1,1.6073081859690173,0.578963867081996,1,Stable Contributors
31,0,Travel_Frequently,793,Sales,20,3,Life Sciences,3,Male,67,4,1,Sales Representative,4,Married,2791,21981,0,No,12,3,1,1,3,4,3,2,2,2,2,1.0,1.0,2.0,1.0,8.2,Moderate,0,Early,0,0,-0.36794621636050995,-2.4125059349397007,2,Fast-track Performers
28,0,Travel_Rarely,1451,Research & Development,2,1,Life Sciences,1,Male,67,2,1,Research Scientist,2,Married,3201,19911,0,No,17,3,1,0,6,2,1,5,3,0,4,0.0,0.6,0.4,0.8,8.7,Recent,0,Mid,0,0,-0.531996815753206,-0.46963427487222137,2,Fast-track Performers
35,0,Travel_Frequently,1182,Sales,11,2,Marketing,4,Male,54,3,2,Sales Executive,4,Divorced,4968,18500,1,No,11,3,4,1,5,3,3,5,2,0,2,0.0,0.4,0.6,0.4,11.1,Recent,0,Mid,0,0,-1.3868393521042108,0.618568679910835,2,Fast-track Performers
49,0,Travel_Rarely,174,Sales,8,4,Technical Degree,4,Male,56,2,4,Sales Executive,2,Married,13120,11879,6,No,17,3,2,1,22,3,3,9,8,2,3,0.2222222222222222,0.8888888888888888,0.3333333333333333,0.3333333333333333,13.7,Moderate,0,Senior,0,1,0.6162028324106602,1.7426582184033594,2,Stable Contributors
34,0,Travel_Frequently,1003,Research & Development,2,2,Life Sciences,4,Male,95,3,2,Manufacturing Director,3,Single,4033,15834,2,No,11,3,4,0,5,3,2,3,2,0,2,0.0,0.6666666666666666,1.0,0.6666666666666666,11.1,Recent,0,Mid,0,0,-1.2805769821888433,0.19636011274263235,2,Fast-track Performers
29,0,Travel_Frequently,490,Research & Development,10,3,Life Sciences,4,Female,61,3,1,Research Scientist,2,Divorced,3291,17940,0,No,14,3,4,2,8,2,2,7,5,1,1,0.1428571428571428,0.7142857142857143,0.2857142857142857,0.1428571428571428,7.4,Recent,0,Senior,0,0,-0.5455430545556843,-0.5973676646603843,2,Fast-track Performers
42,0,Travel_Rarely,188,Research & Development,29,3,Medical,2,Male,56,1,2,Laboratory Technician,4,Single,4272,9558,4,No,19,3,1,0,16,3,3,1,0,0,0,0.0,0.0,3.0,0.0,11.9,Recent,0,Early,0,0,-3.475810627293924,0.6603854603516077,2,Fast-track Performers
29,0,Travel_Rarely,718,Research & Development,8,1,Medical,2,Male,79,2,2,Manufacturing Director,4,Married,5056,17689,1,Yes,15,3,3,1,10,2,2,10,7,1,2,0.1,0.7,0.2,0.2,9.5,Recent,0,Senior,0,0,0.05675102116662388,0.47965837611248835,2,Fast-track Performers
38,0,Travel_Rarely,433,Human Resources,1,3,Human Resources,3,Male,37,4,1,Human Resources,3,Married,2844,6004,1,No,13,3,4,1,7,2,4,7,6,5,0,0.7142857142857143,0.8571428571428571,0.2857142857142857,0.0,3.3000000000000007,Delayed,0,Senior,1,0,0.5955138082655361,-2.186961071741631,1,Fast-track Performers
28,0,Travel_Frequently,773,Research & Development,6,3,Life Sciences,3,Male,39,2,1,Research Scientist,3,Divorced,2703,22088,1,Yes,14,3,4,1,3,2,3,3,1,0,2,0.0,0.3333333333333333,0.6666666666666666,0.6666666666666666,8.4,Recent,0,Mid,0,0,-1.4526712282056367,-0.6068142791167787,2,Fast-track Performers
18,1,Non-Travel,247,Research & Development,8,1,Medical,3,Male,80,3,1,Laboratory Technician,3,Single,1904,13556,1,No,12,3,4,0,0,0,3,0,0,0,0,0.0,0.0,0.0,0.0,6.2,Recent,1,Early,0,0,-2.179124489320518,-0.9877730310767155,2,Fast-track Performers
33,1,Travel_Rarely,603,Sales,9,4,Marketing,1,Female,77,3,2,Sales Executive,1,Single,8224,18385,0,Yes,17,3,1,0,6,3,3,5,2,0,3,0.0,0.4,0.6,0.6,11.7,Recent,0,Mid,0,0,-1.1799029905160265,0.6607151873282956,2,Fast-track Performers
41,0,Travel_Rarely,167,Research & Development,12,4,Life Sciences,2,Male,46,3,1,Laboratory Technician,4,Married,4766,9051,3,Yes,11,3,1,1,6,4,3,1,0,0,0,0.0,0.0,4.0,0.0,10.1,Recent,0,Early,0,0,-3.917176370432947,0.08969516683177425,2,Fast-track Performers
31,1,Travel_Frequently,874,Research & Development,15,3,Medical,3,Male,72,3,1,Laboratory Technician,3,Married,2610,6233,1,No,12,3,3,1,2,5,2,2,2,2,2,1.0,1.0,2.5,1.0,9.2,Moderate,0,Early,0,0,-0.6589300637304335,-2.1292395542872193,2,Fast-track Performers
37,0,Travel_Rarely,367,Research & Development,25,2,Medical,3,Female,52,2,2,Healthcare Representative,4,Divorced,5731,17171,7,No,13,3,3,2,9,2,3,6,2,1,3,0.1666666666666666,0.3333333333333333,0.3333333333333333,0.5,9.3,Recent,0,Mid,0,0,-0.6861132181235227,0.03082818788809194,2,Fast-track Performers
27,0,Travel_Rarely,199,Research & Development,6,3,Life Sciences,4,Male,55,2,1,Research Scientist,3,Married,2539,7950,1,No,13,3,3,1,4,0,3,4,2,2,2,0.5,0.5,0.0,0.5,4.3,Moderate,1,Mid,0,0,-0.08769291149601566,-2.186948446800234,2,Fast-track Performers
34,0,Travel_Rarely,1400,Sales,9,1,Life Sciences,2,Female,70,3,2,Sales Executive,3,Married,5714,5829,1,No,20,4,1,0,6,3,2,6,5,1,3,0.1666666666666666,0.8333333333333334,0.5,0.5,12.0,Recent,0,Mid,0,0,-0.3093622372669571,0.4200032421796642,2,Fast-track Performers
35,0,Travel_Rarely,528,Human Resources,8,4,Technical Degree,3,Male,100,3,1,Human Resources,3,Single,4323,7108,1,No,17,3,2,0,6,2,1,5,4,1,4,0.2,0.8,0.4,0.8,7.699999999999999,Recent,0,Mid,0,0,0.03858671825113558,-1.009432945969971,2,Fast-track Performers
29,1,Travel_Rarely,408,Sales,23,1,Life Sciences,4,Female,45,2,3,Sales Executive,1,Married,7336,11162,1,No,13,3,1,1,11,3,1,11,8,3,10,0.2727272727272727,0.7272727272727273,0.2727272727272727,0.9090909090909092,10.3,Moderate,0,Senior,0,1,2.0488474760429636,1.0093740118909675,1,Stable Contributors
40,0,Travel_Frequently,593,Research & Development,9,4,Medical,2,Female,88,3,3,Research Director,3,Single,13499,13782,9,No,17,3,3,0,20,3,2,18,7,2,13,0.1111111111111111,0.3888888888888889,0.1666666666666666,0.7222222222222222,11.7,Moderate,0,Veteran,0,1,2.076987225859069,2.2716360763584516,1,Stable Contributors
42,1,Travel_Frequently,481,Sales,12,3,Life Sciences,3,Male,44,3,4,Sales Executive,1,Single,13758,2447,0,Yes,12,3,2,0,22,2,2,21,9,13,14,0.6190476190476191,0.4285714285714285,0.0952380952380952,0.6666666666666666,1.1999999999999993,Critical,0,Veteran,1,1,5.265913363965285,0.08932842487751326,1,Stable Contributors
42,0,Travel_Rarely,647,Sales,4,4,Marketing,2,Male,45,3,2,Sales Executive,1,Single,5155,2253,7,No,13,3,4,0,9,3,4,6,4,1,5,0.1666666666666666,0.6666666666666666,0.5,0.8333333333333334,10.3,Recent,0,Mid,0,0,0.04020851691485478,0.16313844504477829,2,Fast-track Performers
35,0,Travel_Rarely,982,Research & Development,1,4,Medical,4,Male,58,2,1,Laboratory Technician,3,Married,2258,16340,6,No,12,3,2,1,10,2,3,8,0,1,7,0.125,0.0,0.25,0.875,7.199999999999999,Recent,0,Senior,0,0,-0.34147176661614015,-0.3940105066525992,2,Fast-track Performers
24,0,Travel_Rarely,477,Research & Development,24,3,Medical,4,Male,49,3,1,Laboratory Technician,2,Single,3597,6409,8,No,22,4,4,0,6,2,3,4,3,1,2,0.25,0.75,0.5,0.5,9.2,Recent,0,Mid,0,0,-0.7133444348730458,-0.8875818021608496,2,Fast-track Performers
28,1,Travel_Rarely,1485,Research & Development,12,1,Life Sciences,3,Female,79,3,1,Laboratory Technician,4,Married,2515,22955,1,Yes,11,3,4,0,1,4,2,1,1,0,0,0.0,1.0,4.0,0.0,10.1,Recent,0,Early,0,0,-3.121414441297531,-0.475203668744819,2,Fast-track Performers
26,0,Travel_Rarely,1384,Research & Development,3,4,Medical,1,Male,82,4,1,Laboratory Technician,4,Married,4420,13421,1,No,22,4,2,1,8,2,3,8,7,0,7,0.0,0.875,0.25,0.875,10.2,Recent,0,Senior,0,1,0.6362465896751838,0.06921343654304524,1,Stable Contributors
30,0,Travel_Rarely,852,Sales,10,3,Marketing,3,Male,72,2,2,Sales Executive,3,Married,6578,2706,1,No,18,3,1,1,10,3,3,10,3,1,4,0.1,0.3,0.3,0.4,10.8,Recent,0,Senior,0,0,-0.49087403815698,0.8861284535734306,2,Fast-track Performers
40,0,Travel_Frequently,902,Research & Development,26,2,Medical,3,Female,92,2,2,Research Scientist,4,Married,4422,21203,3,Yes,13,3,4,1,16,3,1,1,1,0,0,0.0,1.0,3.0,0.0,11.3,Recent,0,Early,0,0,-2.636890801525321,0.006731919776363902,2,Fast-track Performers
35,0,Travel_Rarely,819,Research & Development,2,3,Life Sciences,3,Male,44,2,3,Manufacturing Director,2,Divorced,10274,19588,2,No,18,3,2,1,15,2,4,7,7,6,4,0.8571428571428571,1.0,0.2857142857142857,0.5714285714285714,6.800000000000001,Delayed,0,Senior,1,1,1.9920641614684547,-1.1846632417442697,1,Stable Contributors
34,0,Travel_Frequently,669,Research & Development,1,3,Medical,4,Male,97,2,2,Healthcare Representative,1,Single,5343,25755,0,No,20,4,3,0,14,3,3,13,9,4,9,0.3076923076923077,0.6923076923076923,0.2307692307692307,0.6923076923076923,9.0,Delayed,0,Senior,0,1,2.063885307452902,0.536915773926574,1,Stable Contributors
35,0,Travel_Frequently,636,Research & Development,4,4,Other,4,Male,47,2,1,Laboratory Technician,4,Married,2376,26537,1,No,13,3,2,1,2,2,4,2,2,2,2,1.0,1.0,1.0,1.0,6.300000000000001,Moderate,0,Early,0,0,0.20682849560713906,-2.9642462454115557,1,Fast-track Performers
43,1,Travel_Rarely,1372,Sales,9,3,Marketing,1,Female,85,1,2,Sales Executive,3,Single,5346,9489,8,No,13,3,2,0,7,2,2,4,3,1,3,0.25,0.75,0.5,0.75,9.3,Recent,0,Mid,0,0,-0.2459448253285054,-0.5283842949829076,2,Fast-track Performers
32,0,Non-Travel,862,Sales,2,1,Life Sciences,3,Female,76,3,1,Sales Representative,1,Divorced,2827,14947,1,No,12,3,3,3,1,3,3,1,0,0,0,0.0,0.0,3.0,0.0,9.2,Recent,0,Early,0,0,-3.472037048837586,-0.15564504549866987,2,Fast-track Performers
56,0,Travel_Rarely,718,Research & Development,4,4,Technical Degree,4,Female,92,3,5,Manager,1,Divorced,19943,18575,4,No,13,3,4,1,28,2,3,5,2,4,2,0.8,0.4,0.4,0.4,12.3,Delayed,0,Mid,0,0,0.21415771711062687,0.6257075499156473,2,Fast-track Performers
29,0,Travel_Rarely,1401,Research & Development,6,1,Medical,2,Female,54,3,1,Laboratory Technician,4,Married,3131,26342,1,No,13,3,1,1,10,5,3,10,8,0,8,0.0,0.8,0.5,0.8,11.3,Recent,0,Senior,0,1,0.556940747174413,0.9881549485659744,1,Stable Contributors
19,0,Travel_Rarely,645,Research & Development,9,2,Life Sciences,3,Male,54,3,1,Research Scientist,1,Single,2552,7172,1,No,25,4,3,0,1,4,3,1,1,0,0,0.0,1.0,4.0,0.0,12.5,Recent,0,Early,0,0,-3.294046027830279,-0.12018484875021651,2,Fast-track Performers
45,0,Travel_Rarely,1457,Research & Development,7,3,Medical,1,Female,83,3,1,Research Scientist,3,Married,4477,20100,4,Yes,19,3,3,1,7,2,2,3,2,0,2,0.0,0.6666666666666666,0.6666666666666666,0.6666666666666666,8.9,Recent,0,Mid,0,0,-1.1474971169447614,-0.6887612504264765,2,Fast-track Performers
37,0,Travel_Rarely,977,Research & Development,1,3,Life Sciences,4,Female,56,2,2,Manufacturing Director,4,Married,6474,9961,1,No,13,3,2,1,14,2,2,14,8,3,11,0.2142857142857142,0.5714285714285714,0.1428571428571428,0.7857142857142857,7.300000000000001,Moderate,0,Senior,0,1,2.251830794653595,0.4455729126024757,1,Stable Contributors
20,0,Travel_Rarely,805,Research & Development,3,3,Life Sciences,1,Male,87,2,1,Laboratory Technician,3,Single,3033,12828,1,No,12,3,1,0,2,2,2,2,2,1,2,0.5,1.0,1.0,1.0,7.199999999999999,Recent,0,Early,0,0,-0.30019372369410313,-2.106900789084547,2,Fast-track Performers
44,1,Travel_Rarely,1097,Research & Development,10,4,Life Sciences,3,Male,96,3,1,Research Scientist,3,Single,2936,10826,1,Yes,11,3,3,0,6,4,3,6,4,0,2,0.0,0.6666666666666666,0.6666666666666666,0.3333333333333333,10.1,Recent,0,Mid,0,0,-1.1563916798738436,0.22886768280669245,2,Fast-track Performers
53,0,Travel_Rarely,1223,Research & Development,7,2,Medical,4,Female,50,3,5,Manager,3,Divorced,18606,18640,3,No,18,3,2,1,26,6,3,7,7,4,7,0.5714285714285714,1.0,0.8571428571428571,1.0,16.8,Delayed,0,Senior,0,1,1.4488878322469725,2.1640208592628056,2,Stable Contributors
29,0,Travel_Rarely,942,Research & Development,15,1,Life Sciences,2,Female,69,1,1,Research Scientist,4,Married,2168,26933,0,Yes,18,3,1,1,6,2,2,5,4,1,3,0.2,0.8,0.4,0.6,7.800000000000001,Recent,0,Mid,0,0,-0.21870052274243376,-0.9480322975556723,2,Fast-track Performers
22,1,Travel_Frequently,1256,Research & Development,3,4,Life Sciences,3,Male,48,2,1,Research Scientist,4,Married,2853,4223,0,Yes,11,3,2,1,1,5,3,0,0,0,0,0.0,0.0,0.0,0.0,11.1,Recent,0,Early,0,0,-2.8201084584097624,0.5294350087972299,2,Fast-track Performers
46,0,Travel_Rarely,1402,Sales,2,3,Marketing,3,Female,69,3,4,Manager,1,Married,17048,24097,8,No,23,4,1,0,28,2,3,26,15,15,9,0.5769230769230769,0.5769230769230769,0.0769230769230769,0.3461538461538461,1.3000000000000007,Critical,0,Veteran,1,1,5.792796083318741,0.41245752989322737,1,Stable Contributors
44,0,Non-Travel,111,Research & Development,17,3,Life Sciences,4,Male,74,1,1,Research Scientist,3,Single,2290,4279,2,No,13,3,4,0,6,3,3,0,0,0,0,0.0,0.0,0.0,0.0,9.3,Recent,0,Early,0,0,-2.575223643209581,-0.05378028581937461,2,Fast-track Performers
33,0,Travel_Rarely,147,Human Resources,2,3,Human Resources,2,Male,99,3,1,Human Resources,3,Married,3600,8429,1,No,13,3,4,1,5,2,3,5,4,1,4,0.2,0.8,0.4,0.8,7.300000000000001,Recent,0,Mid,0,0,0.06735864933992684,-1.0686027493024044,2,Fast-track Performers
41,1,Non-Travel,906,Research & Development,5,2,Life Sciences,1,Male,95,2,1,Research Scientist,1,Divorced,2107,20293,6,No,17,3,1,1,5,2,1,1,0,0,0,0.0,0.0,2.0,0.0,8.7,Recent,0,Early,0,0,-3.0556696583310163,-0.34181545449668016,2,Fast-track Performers
30,0,Travel_Rarely,1329,Sales,29,4,Life Sciences,3,Male,61,3,2,Sales Executive,1,Divorced,4115,13192,8,No,19,3,3,3,8,3,3,4,3,0,3,0.0,0.75,0.75,0.75,11.9,Recent,0,Mid,0,0,-0.8520891159160282,0.388632773641692,2,Fast-track Performers
40,0,Travel_Frequently,1184,Sales,2,4,Medical,2,Male,62,3,2,Sales Executive,2,Married,4327,25440,5,No,12,3,4,3,5,2,3,0,0,0,0,0.0,0.0,0.0,0.0,10.2,Recent,0,Early,0,0,-2.3918179691160484,0.3375105152246243,2,Fast-track Performers
50,0,Travel_Frequently,1421,Research & Development,2,3,Medical,4,Female,30,3,4,Manager,1,Married,17856,9490,2,No,22,4,3,1,32,3,3,2,2,2,2,1.0,1.0,1.5,1.0,15.2,Moderate,0,Early,0,0,-0.08109012158740256,-0.2624732488744592,2,Fast-track Performers
28,0,Travel_Rarely,1179,Research & Development,19,4,Medical,4,Male,78,2,1,Laboratory Technician,1,Married,3196,12449,1,No,12,3,3,3,6,2,3,6,5,3,3,0.5,0.8333333333333334,0.3333333333333333,0.5,5.199999999999999,Moderate,0,Mid,0,0,0.5546136265613764,-1.6984854749838367,1,Fast-track Performers
46,0,Travel_Rarely,1450,Research & Development,15,2,Life Sciences,4,Male,52,3,5,Research Director,2,Married,19081,10849,5,No,11,3,1,1,25,2,3,4,2,0,3,0.0,0.5,0.5,0.75,16.1,Recent,0,Mid,0,0,-0.7288148941403687,2.2176955018480045,2,Fast-track Performers
35,0,Travel_Rarely,1361,Sales,17,4,Life Sciences,3,Male,94,3,2,Sales Executive,1,Married,8966,21026,3,Yes,15,3,4,3,15,2,3,7,7,1,7,0.1428571428571428,1.0,0.2857142857142857,1.0,9.5,Recent,0,Senior,0,1,1.1833366137977437,-0.05216374980907962,1,Stable Contributors
24,1,Travel_Rarely,984,Research & Development,17,2,Life Sciences,4,Female,97,3,1,Laboratory Technician,2,Married,2210,3372,1,No,13,3,1,1,1,3,1,1,0,0,0,0.0,0.0,3.0,0.0,9.3,Recent,0,Early,0,0,-3.4792300316097835,-0.14085259466556121,2,Fast-track Performers
33,0,Travel_Frequently,1146,Sales,25,3,Medical,2,Female,82,3,2,Sales Executive,3,Married,4539,4905,1,No,12,3,1,1,10,3,2,10,7,0,1,0.0,0.7,0.3,0.1,11.2,Recent,0,Senior,0,0,-0.5213003339943462,1.0626242714476597,2,Fast-track Performers
36,0,Travel_Rarely,917,Research & Development,6,4,Life Sciences,3,Male,60,1,1,Laboratory Technician,3,Divorced,2741,6865,1,No,14,3,3,1,7,4,3,7,7,1,7,0.1428571428571428,1.0,0.5714285714285714,1.0,9.4,Recent,0,Senior,0,1,0.792482396591955,-0.17985862151441567,1,Stable Contributors
30,0,Travel_Rarely,853,Research & Development,7,4,Life Sciences,3,Male,49,3,2,Laboratory Technician,3,Divorced,3491,11309,1,No,13,3,1,3,10,4,2,10,7,8,9,0.8,0.7,0.4,0.9,4.300000000000001,Critical,0,Senior,1,1,2.8114033751076253,-1.2253690686025784,1,Stable Contributors
44,0,Travel_Rarely,200,Research & Development,29,4,Other,4,Male,32,3,2,Research Scientist,4,Single,4541,7744,1,No,25,4,2,0,20,3,3,20,11,13,17,0.65,0.55,0.15,0.85,0.5,Critical,0,Veteran,1,1,5.592828333767715,-0.6888498444022264,1,Stable Contributors
20,0,Travel_Rarely,654,Sales,21,3,Marketing,3,Male,43,4,1,Sales Representative,4,Single,2678,5050,1,No,17,3,4,0,2,2,3,2,1,2,2,1.0,0.5,1.0,1.0,6.699999999999999,Moderate,0,Early,0,0,-0.27673818660690436,-2.646919814078544,1,Fast-track Performers
46,0,Travel_Rarely,150,Research & Development,2,4,Technical Degree,4,Male,60,3,2,Manufacturing Director,4,Divorced,7379,17433,2,No,11,3,3,1,12,3,2,6,3,1,4,0.1666666666666666,0.5,0.5,0.6666666666666666,10.1,Recent,0,Mid,0,0,-0.4002754897456882,0.2167428442894353,2,Fast-track Performers
42,0,Non-Travel,179,Human Resources,2,5,Medical,4,Male,79,4,2,Human Resources,1,Married,6272,12858,7,No,16,3,1,1,10,3,4,4,3,0,3,0.0,0.75,0.75,0.75,11.6,Recent,0,Mid,0,0,-0.8305101675994346,0.3442554211423666,2,Fast-track Performers
60,0,Travel_Rarely,696,Sales,7,4,Marketing,2,Male,52,4,2,Sales Executive,4,Divorced,5220,10893,0,Yes,18,3,2,1,12,3,3,11,7,1,9,0.0909090909090909,0.6363636363636364,0.2727272727272727,0.8181818181818182,10.8,Recent,0,Senior,0,1,1.1149459421572208,1.0045206504825321,1,Stable Contributors
32,0,Travel_Frequently,116,Research & Development,13,3,Other,3,Female,77,2,1,Laboratory Technician,2,Married,2743,7331,1,No,20,4,3,1,2,2,3,2,2,2,2,1.0,1.0,1.0,1.0,8.0,Moderate,0,Early,0,0,0.08454778847977583,-2.7127745812487127,1,Fast-track Performers
32,0,Travel_Frequently,1316,Research & Development,2,2,Life Sciences,4,Female,38,3,2,Research Scientist,3,Single,4998,2338,4,Yes,14,3,4,0,10,2,3,8,7,0,7,0.0,0.875,0.25,0.875,10.4,Recent,0,Senior,0,1,0.8122975805237918,0.515432671565612,1,Stable Contributors
36,0,Travel_Rarely,363,Research & Development,1,3,Technical Degree,3,Female,77,1,3,Manufacturing Director,1,Divorced,10252,4235,2,Yes,21,4,3,1,17,2,3,7,7,7,7,1.0,1.0,0.2857142857142857,1.0,7.1,Critical,0,Senior,1,1,2.8155023143447475,-1.4326104900119792,1,Stable Contributors
33,0,Travel_Rarely,117,Research & Development,9,3,Medical,1,Male,60,3,1,Research Scientist,4,Married,2781,6311,0,No,13,3,2,1,15,5,3,14,10,4,10,0.2857142857142857,0.7142857142857143,0.3571428571428571,0.7142857142857143,7.300000000000001,Delayed,0,Senior,0,1,2.14705664978242,0.3411370776956605,1,Stable Contributors
40,0,Travel_Rarely,107,Sales,10,3,Technical Degree,2,Female,84,2,2,Sales Executive,2,Divorced,6852,11591,7,No,12,3,2,1,7,2,4,5,1,1,3,0.2,0.2,0.4,0.6,9.2,Recent,0,Mid,0,0,-0.8796086581176615,-0.1019697421708966,2,Fast-track Performers
25,0,Travel_Rarely,1356,Sales,10,4,Life Sciences,3,Male,57,3,2,Sales Executive,4,Single,4950,20623,0,No,14,3,2,0,5,4,3,4,3,1,1,0.25,0.75,1.0,0.25,11.4,Recent,0,Mid,0,0,-1.2420683176903842,0.22053318866712604,2,Fast-track Performers
30,0,Travel_Rarely,1465,Research & Development,1,3,Medical,4,Male,63,3,1,Research Scientist,2,Married,3579,9369,0,Yes,21,4,1,1,12,2,3,11,9,5,7,0.4545454545454545,0.8181818181818182,0.1818181818181818,0.6363636363636364,5.1,Delayed,0,Senior,1,1,2.1334358765734676,-1.1223596327143532,1,Stable Contributors
42,0,Travel_Frequently,458,Research & Development,26,5,Medical,1,Female,60,3,3,Research Director,1,Married,13191,23281,3,Yes,17,3,3,0,20,6,3,1,0,0,0,0.0,0.0,6.0,0.0,16.7,Recent,0,Early,0,0,-4.771844273903159,2.123681898194566,2,Fast-track Performers
35,0,Non-Travel,1212,Sales,8,2,Marketing,3,Female,78,2,3,Sales Executive,4,Married,10377,13755,4,Yes,11,3,2,1,16,6,2,13,2,4,12,0.3076923076923077,0.1538461538461538,0.4615384615384615,0.9230769230769232,12.1,Delayed,0,Senior,0,1,1.1185187579264941,1.9164816817257135,1,Stable Contributors
27,0,Travel_Rarely,1103,Research & Development,14,3,Life Sciences,1,Male,42,3,1,Research Scientist,1,Married,2235,14377,1,Yes,14,3,4,2,9,3,2,9,7,6,8,0.6666666666666666,0.7777777777777778,0.3333333333333333,0.8888888888888888,3.4000000000000004,Delayed,0,Senior,1,1,2.307888128203289,-1.8059182009710932,1,Stable Contributors
54,0,Travel_Frequently,966,Research & Development,1,4,Life Sciences,4,Female,53,3,3,Manufacturing Director,3,Divorced,10502,9659,7,No,17,3,1,1,33,2,1,5,4,1,4,0.2,0.8,0.4,0.8,11.7,Recent,0,Mid,0,0,0.1317413201492294,0.41553375406706566,2,Fast-track Performers
44,0,Travel_Rarely,1117,Research & Development,2,1,Life Sciences,1,Female,72,4,1,Research Scientist,4,Married,2011,19982,1,No,13,3,4,1,10,5,3,10,5,7,7,0.7,0.5,0.5,0.7,4.300000000000001,Critical,0,Senior,1,1,1.6191822504301283,-1.2896174081865306,2,Stable Contributors
19,1,Non-Travel,504,Research & Development,10,3,Medical,1,Female,96,2,1,Research Scientist,2,Single,1859,6148,1,Yes,25,4,2,0,1,2,4,1,1,0,0,0.0,1.0,2.0,0.0,10.5,Recent,0,Early,0,0,-2.3893814190951623,-0.6404501750773215,2,Fast-track Performers
29,0,Travel_Rarely,1010,Research & Development,1,3,Life Sciences,1,Female,97,3,1,Research Scientist,4,Divorced,3760,5598,1,No,15,3,1,3,3,5,3,3,2,1,2,0.3333333333333333,0.6666666666666666,1.6666666666666667,0.6666666666666666,10.5,Recent,0,Mid,0,0,-1.4238053535548056,-0.5213302461852439,2,Fast-track Performers
54,0,Travel_Rarely,685,Research & Development,3,3,Life Sciences,4,Male,85,3,4,Research Director,4,Married,17779,23474,3,No,14,3,1,0,36,2,3,10,9,0,9,0.0,0.9,0.2,0.9,14.4,Recent,0,Senior,0,1,1.539187424098568,2.2269484848634593,1,Stable Contributors
31,0,Travel_Rarely,1332,Research & Development,11,2,Medical,3,Male,80,3,2,Healthcare Representative,1,Married,6833,17089,1,Yes,12,3,4,0,6,2,2,6,5,0,1,0.0,0.8333333333333334,0.3333333333333333,0.1666666666666666,10.2,Recent,0,Mid,0,0,-0.7500743169219803,0.3346314207125208,2,Fast-track Performers
31,0,Travel_Rarely,1062,Research & Development,24,3,Medical,3,Female,96,2,2,Healthcare Representative,1,Single,6812,17198,1,No,19,3,2,0,10,2,3,10,9,1,8,0.1,0.9,0.2,0.8,9.9,Recent,0,Senior,0,1,1.483850124411944,0.5411062232421674,1,Stable Contributors
59,0,Travel_Rarely,326,Sales,3,3,Life Sciences,3,Female,48,2,2,Sales Executive,4,Single,5171,16490,5,No,17,3,4,0,13,2,3,6,1,0,5,0.0,0.1666666666666666,0.3333333333333333,0.8333333333333334,10.7,Recent,0,Mid,0,0,-0.786425734911025,0.5051310548337808,2,Fast-track Performers
43,0,Travel_Rarely,920,Research & Development,3,3,Life Sciences,3,Male,96,1,5,Research Director,4,Married,19740,18625,3,No,14,3,2,1,25,2,3,8,7,0,7,0.0,0.875,0.25,0.875,16.4,Recent,0,Senior,0,1,0.9520294833709326,2.652882721621167,2,Stable Contributors
49,0,Travel_Rarely,1098,Research & Development,4,2,Medical,1,Male,85,2,5,Manager,3,Married,18711,12124,2,No,13,3,3,1,23,2,4,1,0,0,0,0.0,0.0,2.0,0.0,16.3,Recent,0,Early,0,0,-2.8405885234460375,2.44894814224496,2,Fast-track Performers
36,0,Travel_Frequently,469,Research & Development,3,3,Technical Degree,3,Male,46,3,1,Research Scientist,2,Married,3692,9256,1,No,12,3,3,0,12,2,2,11,10,0,7,0.0,0.9090909090909092,0.1818181818181818,0.6363636363636364,8.2,Recent,0,Senior,0,1,1.1965261833694119,0.1788339278369444,1,Stable Contributors
48,0,Travel_Rarely,969,Research & Development,2,2,Technical Degree,4,Male,76,4,1,Laboratory Technician,2,Single,2559,16620,5,No,11,3,3,0,7,4,2,1,0,0,0,0.0,0.0,4.0,0.0,10.1,Recent,0,Early,0,0,-3.917176370432947,0.08969516683177425,2,Fast-track Performers
27,0,Travel_Rarely,1167,Research & Development,4,2,Life Sciences,1,Male,76,3,1,Research Scientist,3,Divorced,2517,3208,1,No,11,3,2,3,5,2,3,5,3,0,3,0.0,0.6,0.4,0.6,8.1,Recent,0,Mid,0,0,-0.7389331773413904,-0.5117807822896819,2,Fast-track Performers
29,0,Travel_Rarely,1329,Research & Development,7,3,Life Sciences,3,Male,82,3,2,Healthcare Representative,4,Divorced,6623,4204,1,Yes,11,3,2,2,6,2,3,6,0,1,0,0.1666666666666666,0.0,0.3333333333333333,0.0,9.1,Recent,0,Mid,0,0,-1.808853870075467,0.19714936600459526,2,Fast-track Performers
48,0,Travel_Rarely,715,Research & Development,1,3,Life Sciences,4,Male,76,2,5,Research Director,4,Single,18265,8733,6,No,12,3,3,0,25,3,4,1,0,0,0,0.0,0.0,3.0,0.0,17.2,Recent,0,Early,0,0,-3.2857278450413983,2.6942883545754035,2,Fast-track Performers
29,0,Travel_Rarely,694,Research & Development,1,3,Life Sciences,4,Female,87,2,4,Research Director,4,Divorced,16124,3423,3,No,14,3,2,2,9,2,2,7,7,1,7,0.1428571428571428,1.0,0.2857142857142857,1.0,13.4,Recent,0,Senior,0,1,1.2836841984680352,1.3580104993948487,1,Stable Contributors
34,0,Travel_Rarely,1320,Research & Development,20,3,Technical Degree,3,Female,89,4,1,Research Scientist,3,Married,2585,21643,0,No,17,3,4,0,2,5,2,1,0,0,0,0.0,0.0,5.0,0.0,11.7,Recent,0,Early,0,0,-4.412666571433692,0.43858253499397726,2,Fast-track Performers
44,0,Travel_Rarely,1099,Sales,5,3,Marketing,2,Male,88,3,5,Manager,2,Married,18213,8751,7,No,11,3,3,1,26,5,3,22,9,3,10,0.1363636363636363,0.4090909090909091,0.2272727272727272,0.4545454545454545,16.1,Moderate,0,Veteran,0,1,2.1158008960930057,4.250143344094078,1,Stable Contributors
33,0,Travel_Rarely,536,Sales,10,5,Marketing,4,Male,82,4,3,Sales Executive,3,Divorced,8380,21708,0,Yes,14,3,4,2,10,3,3,9,8,0,8,0.0,0.8888888888888888,0.3333333333333333,0.8888888888888888,13.4,Recent,0,Senior,0,1,1.013041560020053,1.6710146125614584,1,Stable Contributors
19,0,Travel_Rarely,265,Research & Development,25,3,Life Sciences,2,Female,57,4,1,Research Scientist,4,Single,2994,21221,1,Yes,12,3,4,0,1,2,3,1,0,0,1,0.0,0.0,2.0,1.0,8.2,Recent,0,Early,0,0,-2.224628443010844,-0.8723231771286362,2,Fast-track Performers
23,0,Travel_Rarely,373,Research & Development,1,2,Life Sciences,4,Male,47,3,1,Research Scientist,3,Married,1223,16901,1,No,22,4,4,1,1,2,3,1,0,0,1,0.0,0.0,2.0,1.0,10.2,Recent,0,Early,0,0,-2.368488098454801,-0.5764741604664675,2,Fast-track Performers
25,1,Travel_Frequently,599,Sales,24,1,Life Sciences,3,Male,73,1,1,Sales Representative,4,Single,1118,8040,1,Yes,14,3,4,0,1,4,3,1,0,1,0,1.0,0.0,4.0,0.0,9.4,Recent,0,Early,0,0,-3.1014632626956793,-1.4154829536912457,2,Fast-track Performers
26,0,Travel_Rarely,583,Research & Development,4,2,Life Sciences,3,Male,53,3,1,Research Scientist,4,Single,2875,9973,1,Yes,20,4,2,0,8,2,2,8,5,2,2,0.25,0.625,0.25,0.25,8.0,Moderate,0,Senior,0,0,-0.19870201517856245,-0.5914380938344278,2,Fast-track Performers
45,1,Travel_Rarely,1449,Sales,2,3,Marketing,1,Female,94,1,5,Manager,2,Single,18824,2493,2,Yes,16,3,1,0,26,2,3,24,10,1,11,0.0416666666666666,0.4166666666666667,0.0833333333333333,0.4583333333333333,15.6,Recent,0,Veteran,0,1,2.4353170617507898,4.130637566213007,1,Stable Contributors
55,0,Non-Travel,177,Research & Development,8,1,Medical,4,Male,37,2,4,Healthcare Representative,2,Divorced,13577,25592,1,Yes,15,3,4,1,34,3,3,33,9,15,0,0.4545454545454545,0.2727272727272727,0.0909090909090909,0.0,0.5,Critical,0,Veteran,1,1,4.006781586746573,0.5494554208553343,1,Stable Contributors
21,1,Travel_Frequently,251,Research & Development,10,2,Life Sciences,1,Female,45,2,1,Laboratory Technician,3,Single,2625,25308,1,No,20,4,3,0,2,2,1,2,2,2,2,1.0,1.0,1.0,1.0,8.0,Moderate,0,Early,0,0,0.08454778847977583,-2.7127745812487127,1,Fast-track Performers
46,0,Travel_Rarely,168,Sales,4,2,Marketing,4,Female,33,2,5,Manager,2,Married,18789,9946,2,No,14,3,3,1,26,2,3,11,4,0,8,0.0,0.3636363636363636,0.1818181818181818,0.7272727272727273,16.4,Recent,0,Senior,0,1,0.48929831379034633,3.110758954292518,2,Stable Contributors
34,0,Travel_Rarely,131,Sales,2,3,Marketing,3,Female,86,3,2,Sales Executive,1,Single,4538,6039,0,Yes,12,3,4,0,4,3,3,3,2,0,2,0.0,0.6666666666666666,1.0,0.6666666666666666,11.2,Recent,0,Mid,0,0,-1.2877699649610412,0.21115256357574072,2,Fast-track Performers
51,0,Travel_Frequently,237,Sales,9,3,Life Sciences,4,Male,83,3,5,Manager,2,Divorced,19847,19196,4,Yes,24,4,1,1,31,5,2,29,10,11,10,0.3793103448275862,0.3448275862068966,0.1724137931034483,0.3448275862068966,10.4,Critical,0,Veteran,1,1,4.09800464777312,3.2123343329132603,1,Stable Contributors
59,0,Travel_Rarely,1429,Research & Development,18,4,Medical,4,Male,67,3,3,Manufacturing Director,4,Single,10512,20002,6,No,12,3,4,0,25,6,2,9,7,5,4,0.5555555555555556,0.7777777777777778,0.6666666666666666,0.4444444444444444,11.2,Delayed,0,Senior,1,1,0.8978608905509196,0.8427374393632724,2,Stable Contributors
34,0,Travel_Frequently,135,Research & Development,19,3,Medical,3,Female,46,3,2,Laboratory Technician,2,Divorced,4444,22534,4,No,13,3,3,2,15,2,4,11,8,5,10,0.4545454545454545,0.7272727272727273,0.1818181818181818,0.9090909090909092,5.300000000000001,Delayed,0,Senior,1,1,2.661000837099239,-0.6410776487257444,1,Stable Contributors
28,0,Travel_Frequently,791,Research & Development,1,4,Medical,4,Male,44,3,1,Laboratory Technician,3,Single,2154,6842,0,Yes,11,3,3,0,5,2,2,4,2,0,2,0.0,0.5,0.5,0.5,8.1,Recent,0,Mid,0,0,-1.199279733860291,-0.5600086212145527,2,Fast-track Performers
44,0,Travel_Rarely,1199,Research & Development,4,2,Life Sciences,3,Male,92,4,5,Manager,1,Divorced,19190,17477,1,No,14,3,4,2,26,4,2,25,9,14,13,0.56,0.36,0.16,0.52,4.399999999999999,Critical,0,Veteran,1,1,5.166734041266043,1.5947464863516412,1,Stable Contributors
34,0,Travel_Frequently,648,Human Resources,11,3,Life Sciences,3,Male,56,2,2,Human Resources,2,Married,4490,21833,4,No,11,3,4,2,14,5,4,10,9,1,8,0.1,0.9,0.5,0.8,12.1,Recent,0,Senior,0,1,1.0556787412740805,1.328086680508175,1,Stable Contributors
35,0,Travel_Rarely,735,Research & Development,6,1,Life Sciences,3,Male,66,3,1,Research Scientist,3,Married,3506,6020,0,Yes,14,3,4,0,4,3,3,3,2,2,2,0.6666666666666666,0.6666666666666666,1.0,0.6666666666666666,7.4,Moderate,0,Mid,0,0,-0.5356873966278843,-1.764409988521976,1,Fast-track Performers
42,0,Travel_Rarely,603,Research & Development,7,4,Medical,2,Female,78,4,2,Research Scientist,2,Married,2372,5628,6,Yes,16,3,4,0,18,2,3,1,0,0,0,0.0,0.0,2.0,0.0,10.6,Recent,0,Early,0,0,-3.001899374609772,0.3558754446887297,2,Fast-track Performers
43,0,Travel_Rarely,531,Sales,4,4,Marketing,4,Female,56,2,3,Sales Executive,4,Single,10231,20364,3,No,14,3,4,0,23,3,4,21,7,15,17,0.7142857142857143,0.3333333333333333,0.1428571428571428,0.8095238095238095,-1.5999999999999996,Critical,0,Veteran,1,1,5.650026520816293,-0.752164532085504,1,Stable Contributors
36,0,Travel_Rarely,429,Research & Development,2,4,Life Sciences,3,Female,53,3,2,Manufacturing Director,2,Single,5410,2323,9,Yes,11,3,4,0,18,2,3,16,14,5,12,0.3125,0.875,0.125,0.75,5.1,Delayed,0,Veteran,1,1,3.8253865505868183,0.17722338828874107,1,Stable Contributors
44,1,Travel_Rarely,621,Research & Development,15,3,Medical,1,Female,73,3,3,Healthcare Representative,4,Married,7978,14075,1,No,11,3,4,1,10,2,3,10,7,0,5,0.0,0.7,0.2,0.5,12.1,Recent,0,Senior,0,1,0.4222610427652932,1.4770776611072967,1,Stable Contributors
28,0,Travel_Frequently,193,Research & Development,2,3,Life Sciences,4,Male,52,2,1,Laboratory Technician,4,Married,3867,14222,1,Yes,12,3,2,1,2,2,3,2,2,2,2,1.0,1.0,1.0,1.0,6.199999999999999,Moderate,0,Early,0,0,0.214021478379337,-2.979038696244664,1,Fast-track Performers
51,0,Travel_Frequently,968,Research & Development,6,2,Medical,2,Female,40,2,1,Laboratory Technician,3,Single,2838,4257,0,No,14,3,2,0,8,6,2,7,0,7,7,1.0,0.0,0.8571428571428571,1.0,5.4,Critical,0,Senior,1,1,0.6629612536901914,-1.6365016377953046,2,Stable Contributors
30,0,Non-Travel,879,Research & Development,9,2,Medical,3,Female,72,3,2,Manufacturing Director,3,Single,4695,12858,7,Yes,18,3,3,0,10,3,3,8,4,1,7,0.125,0.5,0.375,0.875,10.8,Recent,0,Senior,0,0,0.28825260354853977,0.59544432785948,1,Fast-track Performers
29,1,Travel_Rarely,806,Research & Development,7,3,Technical Degree,2,Female,39,3,1,Laboratory Technician,3,Divorced,3339,17285,3,Yes,13,3,1,2,10,2,3,7,7,7,7,1.0,1.0,0.2857142857142857,1.0,1.3000000000000007,Critical,0,Senior,1,1,2.8518214023462147,-3.1238413050449676,1,Stable Contributors
28,0,Travel_Rarely,640,Research & Development,1,3,Technical Degree,4,Male,84,3,1,Research Scientist,1,Single,2080,4732,2,No,11,3,2,0,5,2,2,3,2,1,2,0.3333333333333333,0.6666666666666666,0.6666666666666666,0.6666666666666666,7.1,Recent,0,Mid,0,0,-0.6834303373538788,-1.4534329089640519,2,Fast-track Performers
25,0,Travel_Rarely,266,Research & Development,1,3,Medical,4,Female,40,3,1,Research Scientist,2,Single,2096,18830,1,No,18,3,4,0,2,3,2,2,2,2,1,1.0,1.0,1.5,0.5,7.800000000000001,Moderate,0,Early,0,0,-0.5745827900593246,-2.406682936430383,1,Fast-track Performers
32,0,Travel_Rarely,604,Sales,8,3,Medical,3,Male,56,4,2,Sales Executive,4,Married,6209,11693,1,No,15,3,3,2,10,4,4,10,7,0,8,0.0,0.7,0.4,0.8,12.5,Recent,0,Senior,0,1,0.5690161556337584,1.441212707546851,1,Stable Contributors
45,0,Travel_Frequently,364,Research & Development,25,3,Medical,2,Female,83,3,5,Manager,2,Single,18061,13035,3,No,22,4,3,0,22,4,3,0,0,0,0,0.0,0.0,0.0,0.0,20.2,Recent,0,Early,0,0,-2.6552165024574412,3.3836097782251695,2,Fast-track Performers
39,0,Travel_Rarely,412,Research & Development,13,4,Medical,3,Female,94,2,4,Manager,2,Divorced,17123,17334,6,Yes,13,3,4,2,21,4,3,19,9,15,2,0.7894736842105263,0.4736842105263157,0.2105263157894736,0.1052631578947368,1.3000000000000007,Critical,0,Veteran,1,1,3.6086113182630046,-0.4227270659901279,1,Stable Contributors
58,0,Travel_Rarely,848,Research & Development,23,4,Life Sciences,1,Male,88,3,1,Research Scientist,3,Divorced,2372,26076,1,No,12,3,4,2,2,3,3,2,2,2,2,1.0,1.0,1.5,1.0,7.199999999999999,Moderate,0,Early,0,0,-0.07696236899058649,-2.695772315592183,1,Fast-track Performers
32,1,Travel_Rarely,1089,Research & Development,7,2,Life Sciences,4,Male,79,3,2,Laboratory Technician,3,Married,4883,22845,1,No,18,3,1,1,10,3,3,10,4,1,1,0.1,0.4,0.3,0.1,10.8,Recent,0,Senior,0,0,-0.8547675378897933,0.8594637077952751,2,Fast-track Performers
39,1,Travel_Rarely,360,Research & Development,23,3,Medical,3,Male,93,3,1,Research Scientist,1,Single,3904,22154,0,No,13,3,1,0,6,2,3,5,2,0,3,0.0,0.4,0.4,0.6,8.3,Recent,0,Mid,0,0,-1.00353358720494,-0.4080845771684955,2,Fast-track Performers
30,0,Travel_Rarely,1138,Research & Development,6,3,Technical Degree,1,Female,48,2,2,Laboratory Technician,4,Married,4627,23631,0,No,12,3,1,1,10,6,3,9,2,6,7,0.6666666666666666,0.2222222222222222,0.6666666666666666,0.7777777777777778,8.2,Delayed,0,Senior,1,1,0.7348486021330937,-0.12028554738595788,2,Stable Contributors
36,0,Travel_Rarely,325,Research & Development,10,4,Technical Degree,4,Female,63,3,3,Healthcare Representative,3,Married,7094,5747,3,No,12,3,1,0,10,0,3,7,7,1,7,0.1428571428571428,1.0,0.0,1.0,9.2,Recent,1,Senior,0,1,1.6029627620923237,0.01636131856382263,1,Stable Contributors
46,0,Travel_Rarely,991,Human Resources,1,2,Life Sciences,4,Female,44,3,1,Human Resources,1,Single,3423,22957,6,No,12,3,3,0,10,3,4,7,6,5,7,0.7142857142857143,0.8571428571428571,0.4285714285714285,1.0,4.199999999999999,Delayed,0,Senior,1,1,1.9051406274539575,-2.023251805627312,1,Stable Contributors
28,0,Non-Travel,1476,Research & Development,1,3,Life Sciences,3,Female,55,1,2,Laboratory Technician,4,Married,6674,16392,0,No,11,3,1,3,10,6,3,9,8,7,5,0.7777777777777778,0.8888888888888888,0.6666666666666666,0.5555555555555556,7.1,Critical,0,Senior,1,1,1.7634817364192579,-0.5956924851694096,2,Stable Contributors
50,0,Travel_Rarely,1322,Research & Development,28,3,Life Sciences,4,Female,43,3,4,Research Director,1,Married,16880,22422,4,Yes,11,3,2,0,25,2,3,3,2,1,2,0.3333333333333333,0.6666666666666666,0.6666666666666666,0.6666666666666666,13.1,Recent,0,Mid,0,0,-0.5436984345067382,0.6840171410915032,2,Fast-track Performers
40,1,Travel_Rarely,299,Sales,25,4,Marketing,4,Male,57,2,3,Sales Executive,2,Single,9094,17235,2,Yes,12,3,3,0,9,2,3,5,4,1,0,0.2,0.8,0.4,0.0,11.2,Recent,0,Mid,0,0,-0.8326707988752666,0.5280042902262834,2,Fast-track Performers
52,1,Travel_Rarely,1030,Sales,5,3,Life Sciences,2,Male,64,3,3,Sales Executive,2,Single,8446,21534,9,Yes,19,3,3,0,10,2,2,8,7,7,7,0.875,0.875,0.25,0.875,5.9,Critical,0,Senior,1,1,2.7262628987287205,-1.2466448535944485,1,Stable Contributors
30,0,Travel_Rarely,634,Research & Development,17,4,Medical,2,Female,95,3,3,Manager,1,Married,11916,25927,1,Yes,23,4,4,2,9,2,3,9,1,0,8,0.0,0.1111111111111111,0.2222222222222222,0.8888888888888888,14.3,Recent,0,Senior,0,0,-0.28532090943470506,1.7878673944479484,2,Fast-track Performers
39,0,Travel_Rarely,524,Research & Development,18,2,Life Sciences,1,Male,32,3,2,Manufacturing Director,3,Single,4534,13352,0,No,11,3,1,0,9,6,3,8,7,1,7,0.125,0.875,0.75,0.875,13.1,Recent,0,Senior,0,1,0.4258940719417213,1.309447261379555,1,Stable Contributors
31,0,Non-Travel,587,Sales,2,4,Life Sciences,4,Female,57,3,3,Sales Executive,3,Divorced,9852,8935,1,Yes,19,3,1,1,10,5,2,10,8,9,6,0.9,0.8,0.5,0.6,6.9,Critical,0,Senior,1,1,2.5447779168079605,-0.4792262591902749,2,Stable Contributors
41,0,Non-Travel,256,Sales,10,2,Medical,3,Male,40,1,2,Sales Executive,2,Single,6151,22074,1,No,13,3,1,0,19,4,3,19,2,11,9,0.5789473684210527,0.1052631578947368,0.2105263157894736,0.4736842105263157,1.3000000000000007,Critical,0,Veteran,1,1,2.6147587837730217,-0.6953164951609411,1,Stable Contributors
31,1,Travel_Frequently,1060,Sales,1,3,Life Sciences,4,Female,54,3,1,Sales Representative,2,Single,2302,8319,1,Yes,11,3,1,0,3,2,4,3,2,2,2,0.6666666666666666,0.6666666666666666,0.6666666666666666,0.6666666666666666,6.1,Moderate,0,Mid,0,0,-0.27690741994057894,-2.099764960836759,1,Fast-track Performers
44,1,Travel_Rarely,935,Research & Development,3,3,Life Sciences,1,Male,89,3,1,Laboratory Technician,1,Married,2362,14669,4,No,12,3,3,0,10,4,4,3,2,1,2,0.3333333333333333,0.6666666666666666,1.3333333333333333,0.6666666666666666,9.2,Recent,0,Mid,0,0,-1.1650253768675003,-0.8566852185000273,2,Fast-track Performers
42,0,Non-Travel,495,Research & Development,2,1,Life Sciences,3,Male,37,3,4,Manager,3,Married,17861,26582,0,Yes,13,3,4,0,21,3,2,20,8,2,10,0.1,0.4,0.15,0.5,13.3,Moderate,0,Veteran,0,1,1.9071784397042026,3.032246652609621,1,Stable Contributors
55,0,Travel_Rarely,282,Research & Development,2,2,Medical,4,Female,58,1,5,Manager,3,Married,19187,6992,4,No,14,3,4,1,23,5,3,19,9,9,11,0.4736842105263157,0.4736842105263157,0.2631578947368421,0.5789473684210527,10.4,Critical,0,Veteran,1,1,3.497823032883297,2.464837491414977,1,Stable Contributors
56,0,Travel_Rarely,206,Human Resources,8,4,Life Sciences,4,Male,99,3,5,Manager,2,Single,19717,4022,6,No,14,3,1,0,36,4,3,7,3,7,7,1.0,0.4285714285714285,0.5714285714285714,1.0,11.4,Critical,0,Senior,1,1,1.834480657012153,0.49668567965077554,2,Stable Contributors
40,0,Non-Travel,458,Research & Development,16,2,Life Sciences,3,Male,74,3,1,Research Scientist,3,Divorced,3544,8532,9,No,16,3,2,1,6,0,3,4,2,0,0,0.0,0.5,0.0,0.0,6.6,Recent,1,Mid,0,0,-1.3829366818265378,-0.9312542918198702,2,Fast-track Performers
34,0,Travel_Rarely,943,Research & Development,9,3,Life Sciences,4,Male,86,3,3,Healthcare Representative,4,Divorced,8500,5494,0,No,11,3,4,1,10,0,2,9,7,1,6,0.1111111111111111,0.7777777777777778,0.0,0.6666666666666666,9.1,Recent,1,Senior,0,1,1.2253460691444722,0.39930044510369955,1,Stable Contributors
40,0,Travel_Rarely,523,Research & Development,2,3,Life Sciences,3,Male,98,3,2,Research Scientist,4,Single,4661,22455,1,No,13,3,3,0,9,4,3,9,8,8,8,0.8888888888888888,0.8888888888888888,0.4444444444444444,0.8888888888888888,4.300000000000001,Critical,0,Senior,1,1,2.9116322750696764,-1.5170625415067023,1,Stable Contributors
41,0,Travel_Frequently,1018,Sales,1,3,Marketing,3,Female,66,3,2,Sales Executive,1,Divorced,4103,4297,0,No,17,3,4,1,10,2,3,9,3,1,7,0.1111111111111111,0.3333333333333333,0.2222222222222222,0.7777777777777778,9.7,Recent,0,Senior,0,0,0.23577813487760596,0.4553481539878978,2,Fast-track Performers
35,0,Travel_Frequently,482,Research & Development,4,4,Life Sciences,3,Male,87,3,2,Research Scientist,3,Single,4249,2690,1,Yes,11,3,2,0,9,3,3,9,6,1,1,0.1111111111111111,0.6666666666666666,0.3333333333333333,0.1111111111111111,10.1,Recent,0,Senior,0,0,-0.45500458734528215,0.6154723262612977,2,Fast-track Performers
51,0,Travel_Rarely,770,Human Resources,5,3,Life Sciences,3,Male,84,3,4,Manager,2,Divorced,14026,17588,1,Yes,11,3,2,1,33,2,3,33,9,0,10,0.0,0.2727272727272727,0.0606060606060606,0.303030303030303,14.1,Recent,0,Veteran,0,1,2.359106216539284,4.1254087652442974,1,Stable Contributors
38,0,Travel_Rarely,1009,Sales,2,2,Life Sciences,2,Female,31,3,2,Sales Executive,1,Divorced,6893,19461,3,No,15,3,4,1,11,3,3,7,7,1,7,0.1428571428571428,1.0,0.4285714285714285,1.0,10.5,Recent,0,Senior,0,1,1.007601664283274,0.24762671476406573,1,Stable Contributors
34,0,Travel_Rarely,507,Sales,15,2,Medical,3,Female,66,3,2,Sales Executive,1,Single,6125,23553,1,No,12,3,4,0,10,6,4,10,8,9,6,0.9,0.8,0.6,0.6,5.199999999999999,Critical,0,Senior,1,1,2.386646413492483,-0.9934834103969274,2,Stable Contributors
25,0,Travel_Rarely,882,Research & Development,19,1,Medical,4,Male,67,3,1,Laboratory Technician,4,Married,3669,9075,3,No,11,3,3,3,7,6,2,3,2,1,2,0.3333333333333333,0.6666666666666666,2.0,0.6666666666666666,11.1,Recent,0,Mid,0,0,-1.632234450836726,-0.2895224297022196,2,Fast-track Performers
58,1,Travel_Rarely,601,Research & Development,7,4,Medical,3,Female,53,2,3,Manufacturing Director,1,Married,10008,12023,7,Yes,14,3,4,0,31,0,2,10,9,5,9,0.5,0.9,0.0,0.9,5.4,Delayed,1,Senior,1,1,3.0951888811386685,-0.7401008467939812,1,Stable Contributors
40,0,Travel_Rarely,329,Research & Development,1,4,Life Sciences,2,Male,88,3,1,Laboratory Technician,2,Married,2387,6762,3,No,22,4,3,1,7,3,3,4,2,0,3,0.0,0.5,0.75,0.75,11.2,Recent,0,Mid,0,0,-1.2764863550238168,-0.026763191333845915,2,Fast-track Performers
36,0,Travel_Frequently,607,Sales,7,3,Marketing,1,Female,83,4,2,Sales Executive,1,Married,4639,2261,2,No,16,3,4,1,17,2,2,15,7,6,13,0.4,0.4666666666666667,0.1333333333333333,0.8666666666666667,4.6,Delayed,0,Veteran,1,1,3.088400694600033,-0.20769765028665557,1,Stable Contributors
48,0,Travel_Rarely,855,Research & Development,4,3,Life Sciences,4,Male,54,3,3,Manufacturing Director,4,Single,7898,18706,1,No,11,3,3,0,11,2,3,10,9,0,8,0.0,0.9,0.2,0.8,12.1,Recent,0,Senior,0,1,1.3322175686494702,1.4654538210661525,1,Stable Contributors
27,0,Travel_Rarely,1291,Sales,11,3,Medical,3,Female,98,4,1,Sales Representative,4,Married,2534,6527,8,No,14,3,2,1,5,4,3,1,0,0,0,0.0,0.0,4.0,0.0,10.4,Recent,0,Early,0,0,-3.9387553187495405,0.13407251933109965,2,Fast-track Performers
51,0,Travel_Rarely,1405,Research & Development,11,2,Technical Degree,4,Female,82,2,4,Manufacturing Director,2,Single,13142,24439,3,No,16,3,2,0,29,1,2,5,2,0,3,0.0,0.4,0.2,0.6,13.6,Recent,1,Mid,0,0,-0.6912058595030504,1.4765962142405455,2,Fast-track Performers
18,0,Non-Travel,1124,Research & Development,1,3,Life Sciences,4,Female,97,3,1,Laboratory Technician,4,Single,1611,19305,1,No,15,3,3,0,0,5,4,0,0,0,0,0.0,0.0,0.0,0.0,11.5,Recent,0,Early,0,0,-2.8488803894985537,0.5886048121296639,2,Fast-track Performers
35,0,Travel_Rarely,817,Research & Development,1,3,Medical,4,Female,60,2,2,Laboratory Technician,4,Married,5363,10846,0,No,12,3,2,1,10,0,3,9,7,0,0,0.0,0.7777777777777778,0.0,0.0,8.2,Recent,1,Senior,0,0,-0.22860160627957157,0.05322479563810855,2,Fast-track Performers
27,0,Travel_Frequently,793,Sales,2,1,Life Sciences,4,Male,43,1,2,Sales Executive,4,Single,5071,20392,3,No,20,4,2,0,8,3,3,6,2,0,0,0.0,0.3333333333333333,0.5,0.0,13.0,Recent,0,Mid,0,0,-1.972802786634933,1.0900973414975847,2,Fast-track Performers
55,1,Travel_Rarely,267,Sales,13,4,Marketing,1,Male,85,4,4,Sales Executive,3,Single,13695,9277,6,Yes,17,3,3,0,24,2,2,19,7,3,8,0.1578947368421052,0.3684210526315789,0.1052631578947368,0.4210526315789473,11.7,Moderate,0,Veteran,0,1,1.7701002735019653,2.3616877640773457,1,Stable Contributors
56,0,Travel_Rarely,1369,Research & Development,23,3,Life Sciences,4,Male,68,3,4,Manufacturing Director,2,Married,13402,18235,4,Yes,12,3,1,1,33,0,3,19,16,15,9,0.7894736842105263,0.8421052631578947,0.0,0.4736842105263157,-2.8000000000000007,Critical,1,Veteran,1,1,6.298233844447837,-1.3369549738220372,1,Stable Contributors
34,0,Non-Travel,999,Research & Development,26,1,Technical Degree,1,Female,92,2,1,Research Scientist,3,Divorced,2029,15891,1,No,20,4,3,3,5,2,3,5,4,0,0,0.0,0.8,0.4,0.0,10.0,Recent,0,Mid,0,0,-1.3756681803581092,-0.16501092717202115,2,Fast-track Performers
40,0,Travel_Rarely,1202,Research & Development,2,1,Medical,2,Female,89,4,2,Healthcare Representative,3,Divorced,6377,13888,5,No,20,4,2,3,15,0,3,12,11,11,8,0.9166666666666666,0.9166666666666666,0.0,0.6666666666666666,-1.0,Critical,1,Senior,1,1,4.443972238688374,-2.694646341214097,1,Stable Contributors
34,0,Travel_Rarely,285,Research & Development,29,3,Medical,2,Male,86,3,2,Laboratory Technician,3,Married,5429,17491,4,No,13,3,1,2,10,1,3,8,7,7,7,0.875,0.875,0.125,0.875,2.3000000000000007,Critical,1,Senior,1,1,2.892815999034558,-2.3484995773807964,1,Stable Contributors
31,1,Travel_Frequently,703,Sales,2,3,Life Sciences,3,Female,90,2,1,Sales Representative,4,Single,2785,11882,7,No,14,3,3,0,3,3,4,1,0,0,0,0.0,0.0,3.0,0.0,9.4,Recent,0,Early,0,0,-3.4864230143819817,-0.12606014383245284,2,Fast-track Performers
35,1,Travel_Frequently,662,Sales,18,4,Marketing,4,Female,67,3,2,Sales Executive,3,Married,4614,23288,0,Yes,18,3,3,1,5,0,2,4,2,3,2,0.75,0.5,0.0,0.5,5.800000000000001,Moderate,1,Mid,0,0,0.27559625067527177,-1.9339319668451762,1,Fast-track Performers
38,0,Travel_Frequently,693,Research & Development,7,3,Life Sciences,4,Male,57,4,1,Research Scientist,3,Divorced,2610,15748,1,No,11,3,4,3,4,2,3,4,2,0,3,0.0,0.5,0.5,0.75,8.1,Recent,0,Mid,0,0,-0.9151240979365564,-0.6322378982260691,2,Fast-track Performers
34,0,Travel_Rarely,404,Research & Development,2,4,Technical Degree,3,Female,98,3,2,Healthcare Representative,4,Single,6687,6163,1,No,11,3,4,0,14,2,4,14,11,4,11,0.2857142857142857,0.7857142857142857,0.1428571428571428,0.7857142857142857,6.1,Delayed,0,Senior,0,1,2.9911204544949777,0.13878952428035468,1,Stable Contributors
28,0,Travel_Rarely,736,Sales,26,3,Life Sciences,3,Male,48,2,2,Sales Executive,1,Married,4724,24232,1,No,11,3,3,1,5,0,3,5,3,0,4,0.0,0.6,0.0,0.8,8.1,Recent,1,Mid,0,0,-0.05391207182828721,-0.4401988521440319,2,Fast-track Performers
31,1,Travel_Rarely,330,Research & Development,22,4,Medical,4,Male,98,3,2,Manufacturing Director,3,Married,6179,21057,1,Yes,15,3,4,2,10,3,2,10,2,6,7,0.6,0.2,0.3,0.7,5.5,Delayed,0,Senior,1,1,1.1733670043379438,-0.7826034254994118,1,Stable Contributors
39,0,Travel_Rarely,1498,Sales,21,4,Life Sciences,1,Male,44,2,2,Sales Executive,4,Married,6120,3567,3,Yes,12,3,4,2,8,2,4,5,4,1,4,0.2,0.8,0.4,0.8,9.2,Recent,0,Mid,0,0,0.12112893306117169,-0.37091185011699485,2,Fast-track Performers
51,0,Travel_Frequently,541,Sales,2,3,Marketing,2,Male,52,3,3,Sales Executive,2,Married,10596,15395,2,No,11,3,2,0,14,5,3,4,2,3,2,0.75,0.5,1.25,0.5,12.1,Moderate,0,Mid,0,0,-0.6790236633258261,0.1491704243263139,2,Fast-track Performers
41,0,Travel_Frequently,1200,Research & Development,22,3,Life Sciences,4,Female,75,3,2,Research Scientist,4,Divorced,5467,13953,3,Yes,14,3,1,2,12,4,2,6,2,3,3,0.5,0.3333333333333333,0.6666666666666666,0.5,9.4,Moderate,0,Mid,0,0,-0.46248135413240155,-0.19805403649252745,1,Fast-track Performers
37,0,Travel_Rarely,1439,Research & Development,4,1,Life Sciences,3,Male,54,3,1,Research Scientist,3,Married,2996,5182,7,Yes,15,3,4,0,8,2,3,6,4,1,3,0.1666666666666666,0.6666666666666666,0.3333333333333333,0.5,7.5,Recent,0,Mid,0,0,-0.2921098863800127,-0.7593939063640132,2,Fast-track Performers
33,0,Travel_Frequently,1111,Sales,5,1,Life Sciences,2,Male,61,3,2,Sales Executive,4,Married,9998,19293,6,No,13,3,1,0,8,2,4,5,4,1,2,0.2,0.8,0.4,0.4,9.3,Recent,0,Mid,0,0,-0.3862525661537689,-0.26290300412150625,2,Fast-track Performers
32,0,Travel_Rarely,499,Sales,2,1,Marketing,3,Male,36,3,2,Sales Executive,2,Married,4078,20497,0,Yes,13,3,1,3,4,3,2,3,2,1,2,0.3333333333333333,0.6666666666666666,1.0,0.6666666666666666,10.3,Recent,0,Mid,0,0,-0.8884400303199395,-0.4203870374638584,2,Fast-track Performers
39,0,Non-Travel,1485,Research & Development,25,2,Life Sciences,3,Male,71,3,3,Healthcare Representative,3,Married,10920,3449,3,No,21,4,2,1,13,2,3,6,4,0,5,0.0,0.6666666666666666,0.3333333333333333,0.8333333333333334,14.1,Recent,0,Mid,0,0,-0.15810029541731882,1.263723247666112,2,Fast-track Performers
25,0,Travel_Rarely,1372,Sales,18,1,Life Sciences,1,Male,93,4,2,Sales Executive,3,Married,6232,12477,2,No,11,3,2,0,6,3,2,3,2,1,2,0.3333333333333333,0.6666666666666666,1.0,0.6666666666666666,10.1,Recent,0,Mid,0,0,-0.8740540647755437,-0.4499719391300754,2,Fast-track Performers
52,0,Travel_Frequently,322,Research & Development,28,2,Medical,4,Female,59,4,4,Manufacturing Director,3,Married,13247,9731,2,Yes,11,3,2,1,24,3,2,5,3,0,2,0.0,0.6,0.6,0.4,15.1,Recent,0,Mid,0,0,-1.0434703058869634,1.969424076492902,2,Fast-track Performers
43,0,Travel_Rarely,930,Research & Development,6,3,Medical,1,Female,73,2,2,Research Scientist,3,Single,4081,20003,1,Yes,14,3,1,0,20,3,1,20,7,1,8,0.05,0.35,0.15,0.4,10.4,Recent,0,Veteran,0,1,1.1396402803981815,1.8061130610523908,1,Stable Contributors
27,0,Travel_Rarely,205,Sales,10,3,Marketing,4,Female,98,2,2,Sales Executive,4,Married,5769,7100,1,Yes,11,3,4,0,6,3,3,6,2,4,4,0.6666666666666666,0.3333333333333333,0.5,0.6666666666666666,7.1,Delayed,0,Mid,0,0,0.2687331093953141,-0.9911739225165578,1,Fast-track Performers
27,1,Travel_Rarely,135,Research & Development,17,4,Life Sciences,4,Female,51,3,1,Research Scientist,3,Single,2394,25681,1,Yes,13,3,4,0,8,2,3,8,2,7,7,0.875,0.25,0.25,0.875,1.3000000000000007,Critical,0,Senior,1,1,1.6809193553756674,-2.6198663970373004,1,Stable Contributors
26,0,Travel_Rarely,683,Research & Development,2,1,Medical,1,Male,36,2,1,Research Scientist,4,Single,3904,4050,0,No,12,3,4,0,5,2,3,4,3,1,1,0.25,0.75,0.5,0.25,7.199999999999999,Recent,0,Mid,0,0,-0.8536404153528235,-1.1112015418115018,2,Fast-track Performers
42,0,Travel_Rarely,1147,Human Resources,10,3,Human Resources,3,Female,31,3,4,Manager,1,Married,16799,16616,0,No,14,3,3,1,21,5,3,20,7,0,9,0.0,0.35,0.25,0.45,17.4,Recent,0,Veteran,0,1,0.8657185017753918,4.131970352468364,1,Stable Contributors
52,0,Travel_Rarely,258,Research & Development,8,4,Other,3,Female,54,3,1,Laboratory Technician,1,Married,2950,17363,9,No,13,3,3,0,12,2,1,5,4,0,4,0.0,0.8,0.4,0.8,8.3,Recent,0,Mid,0,0,-0.25301044034526077,-0.6029153816596243,2,Fast-track Performers
37,0,Travel_Rarely,1462,Research & Development,11,3,Medical,1,Female,94,3,1,Laboratory Technician,3,Single,3629,19106,4,No,18,3,1,0,8,6,3,3,2,0,2,0.0,0.6666666666666666,2.0,0.6666666666666666,12.8,Recent,0,Mid,0,0,-2.089108247655411,0.46035677800224717,2,Fast-track Performers
35,0,Travel_Frequently,200,Research & Development,18,2,Life Sciences,3,Male,60,3,3,Manufacturing Director,4,Single,9362,19944,2,No,11,3,3,0,10,2,3,2,2,2,2,1.0,1.0,1.0,1.0,10.1,Moderate,0,Early,0,0,0.3143690630496287,-1.568864447040736,1,Fast-track Performers
25,0,Travel_Rarely,949,Research & Development,1,3,Technical Degree,1,Male,81,3,1,Laboratory Technician,4,Married,3229,4910,4,No,11,3,2,1,7,2,2,3,2,0,2,0.0,0.6666666666666666,0.6666666666666666,0.6666666666666666,8.1,Recent,0,Mid,0,0,-1.0899532547671786,-0.807100857091344,2,Fast-track Performers
26,0,Travel_Rarely,652,Research & Development,7,3,Other,3,Male,100,4,1,Laboratory Technician,1,Single,3578,23577,0,No,12,3,4,0,8,2,3,7,7,0,7,0.0,1.0,0.2857142857142857,1.0,8.2,Recent,0,Senior,0,1,0.8748922405064368,-0.420756235068398,1,Stable Contributors
29,0,Travel_Rarely,332,Human Resources,17,3,Other,2,Male,51,2,3,Human Resources,1,Single,7988,9769,1,No,13,3,1,0,10,3,2,10,9,0,9,0.0,0.9,0.3,0.9,13.3,Recent,0,Senior,0,1,1.3378980241499032,1.8014460386554578,1,Stable Contributors
49,1,Travel_Frequently,1475,Research & Development,28,2,Life Sciences,1,Male,97,2,2,Laboratory Technician,1,Single,4284,22710,3,No,20,4,1,0,20,2,3,4,3,1,3,0.25,0.75,0.5,0.75,11.0,Recent,0,Mid,0,0,-0.36822553245586864,-0.27691263082006445,2,Fast-track Performers
29,1,Travel_Frequently,337,Research & Development,14,1,Other,3,Female,84,3,3,Healthcare Representative,4,Single,7553,22930,0,Yes,12,3,1,0,9,1,3,8,7,7,7,0.875,0.875,0.125,0.875,4.199999999999999,Critical,1,Senior,1,1,2.946586282755803,-1.6508086781953863,1,Stable Contributors
54,0,Travel_Rarely,971,Research & Development,1,3,Medical,4,Female,54,3,4,Research Director,4,Single,17328,5652,6,No,19,3,4,0,29,3,2,20,7,12,7,0.6,0.35,0.15,0.35,3.9,Critical,0,Veteran,1,1,3.5068262117226787,0.3877038978199518,1,Stable Contributors
58,0,Travel_Rarely,1055,Research & Development,1,3,Medical,4,Female,76,3,5,Research Director,1,Married,19701,22456,3,Yes,21,4,3,1,32,3,3,9,8,1,5,0.1111111111111111,0.8888888888888888,0.3333333333333333,0.5555555555555556,18.1,Recent,0,Senior,0,1,0.6782265657390533,3.0053742343870056,2,Stable Contributors
55,0,Travel_Rarely,1136,Research & Development,1,4,Medical,2,Male,81,4,4,Research Director,4,Divorced,14732,12414,2,No,13,3,4,2,31,4,4,7,7,0,0,0.0,1.0,0.5714285714285714,0.0,16.3,Recent,0,Senior,0,0,-0.8222075243782536,2.4523559425922743,2,Fast-track Performers
36,0,Travel_Rarely,1174,Sales,3,4,Marketing,1,Female,99,3,2,Sales Executive,2,Single,9278,20763,3,Yes,16,3,4,0,15,3,3,5,4,0,1,0.0,0.8,0.6,0.2,11.6,Recent,0,Mid,0,0,-1.1724696355482636,0.5909165247476282,2,Fast-track Performers
31,1,Travel_Frequently,667,Sales,1,4,Life Sciences,2,Female,50,1,1,Sales Representative,3,Single,1359,16154,1,No,12,3,2,0,1,3,3,1,0,0,0,0.0,0.0,3.0,0.0,9.2,Recent,0,Early,0,0,-3.472037048837586,-0.15564504549866987,2,Fast-track Performers
30,0,Travel_Rarely,855,Sales,7,4,Marketing,4,Female,73,3,2,Sales Executive,1,Divorced,4779,12761,7,No,14,3,2,2,8,3,3,3,2,0,2,0.0,0.6666666666666666,1.0,0.6666666666666666,11.4,Recent,0,Mid,0,0,-1.3021559305054369,0.24073746524195772,2,Fast-track Performers
31,0,Travel_Rarely,182,Research & Development,8,5,Life Sciences,1,Female,93,3,4,Research Director,2,Single,16422,8847,3,No,11,3,3,0,9,3,4,3,2,1,0,0.3333333333333333,0.6666666666666666,1.0,0.0,14.1,Recent,0,Mid,0,0,-1.462748660399463,1.2048569130310824,2,Fast-track Performers
34,0,Travel_Frequently,560,Research & Development,1,4,Other,4,Male,91,3,1,Research Scientist,1,Divorced,2996,20284,5,No,14,3,3,2,10,2,3,4,3,1,3,0.25,0.75,0.5,0.75,7.4,Recent,0,Mid,0,0,-0.29971510904975013,-1.2260751941683175,2,Fast-track Performers
31,1,Travel_Rarely,202,Research & Development,8,3,Life Sciences,1,Female,34,2,1,Research Scientist,2,Single,1261,22262,1,No,12,3,3,0,1,3,4,1,0,0,0,0.0,0.0,3.0,0.0,9.2,Recent,0,Early,0,0,-3.472037048837586,-0.15564504549866987,2,Fast-track Performers
27,0,Travel_Rarely,1377,Research & Development,11,1,Life Sciences,2,Male,91,3,1,Laboratory Technician,1,Married,2099,7679,0,No,14,3,2,0,6,3,4,5,0,1,4,0.2,0.0,0.6,0.8,8.4,Recent,0,Mid,0,0,-1.1348668838802292,-0.4602184735035793,2,Fast-track Performers
36,0,Travel_Rarely,172,Research & Development,4,4,Life Sciences,1,Male,37,2,2,Laboratory Technician,4,Single,5810,22604,1,No,16,3,3,0,10,2,2,10,4,1,8,0.1,0.4,0.2,0.8,9.6,Recent,0,Senior,0,1,0.5953240291429316,0.5605431804416741,2,Stable Contributors
36,0,Travel_Rarely,329,Sales,16,4,Marketing,3,Female,98,2,2,Sales Executive,1,Married,5647,13494,4,No,13,3,1,2,11,3,2,3,2,0,2,0.0,0.6666666666666666,1.0,0.6666666666666666,11.3,Recent,0,Mid,0,0,-1.2949629477332392,0.22594501440884934,2,Fast-track Performers
47,0,Travel_Rarely,465,Research & Development,1,3,Technical Degree,1,Male,74,3,1,Research Scientist,4,Married,3420,10205,7,No,12,3,3,1,17,2,2,6,5,1,2,0.1666666666666666,0.8333333333333334,0.3333333333333333,0.3333333333333333,7.199999999999999,Recent,0,Mid,0,0,-0.2704343120314052,-0.8279056038522681,2,Fast-track Performers
25,1,Travel_Rarely,383,Sales,9,2,Life Sciences,1,Male,68,2,1,Sales Representative,1,Married,4400,15182,3,No,12,3,1,0,6,2,3,3,2,2,2,0.6666666666666666,0.6666666666666666,0.6666666666666666,0.6666666666666666,6.199999999999999,Moderate,0,Mid,0,0,-0.28410040271277676,-2.084972510003651,1,Fast-track Performers
37,0,Non-Travel,1413,Research & Development,5,2,Technical Degree,3,Male,84,4,1,Laboratory Technician,3,Single,3500,25470,0,No,14,3,1,0,7,2,1,6,5,1,3,0.1666666666666666,0.8333333333333334,0.3333333333333333,0.5,7.4,Recent,0,Mid,0,0,-0.057433604489338486,-0.8278481801470233,2,Fast-track Performers
56,0,Travel_Rarely,1255,Research & Development,1,2,Life Sciences,1,Female,90,3,1,Research Scientist,1,Married,2066,10494,2,No,22,4,4,1,5,3,4,3,2,1,0,0.3333333333333333,0.6666666666666666,1.0,0.0,10.2,Recent,0,Mid,0,0,-1.7535332014627585,-0.6219516695291955,2,Fast-track Performers
47,0,Travel_Rarely,359,Research & Development,2,4,Medical,1,Female,82,3,4,Research Director,3,Married,17169,26703,3,No,19,3,2,2,26,2,4,20,17,5,6,0.25,0.85,0.1,0.3,9.9,Delayed,0,Veteran,1,1,3.419806997404067,2.0697104040847765,1,Stable Contributors
24,0,Travel_Rarely,1476,Sales,4,1,Medical,4,Female,42,3,2,Sales Executive,3,Married,4162,15211,1,Yes,12,3,3,2,5,3,3,5,4,0,3,0.0,0.8,0.6,0.6,11.2,Recent,0,Mid,0,0,-0.6435091880167298,0.43853032625281446,2,Fast-track Performers
32,0,Travel_Rarely,601,Sales,7,5,Marketing,4,Male,97,3,2,Sales Executive,4,Married,9204,23343,4,No,12,3,3,1,7,3,2,4,3,0,3,0.0,0.75,0.75,0.75,11.2,Recent,0,Mid,0,0,-0.8017382365106432,0.28508561780993286,2,Fast-track Performers
34,0,Travel_Rarely,401,Research & Development,1,3,Life Sciences,4,Female,86,2,1,Laboratory Technician,2,Married,3294,3708,5,No,17,3,1,1,7,2,2,5,4,0,2,0.0,0.8,0.4,0.4,8.7,Recent,0,Mid,0,0,-0.7819708878767948,-0.4505291831648109,2,Fast-track Performers
41,0,Travel_Rarely,1283,Research & Development,5,5,Medical,2,Male,90,4,1,Research Scientist,3,Married,2127,5561,2,Yes,12,3,1,0,7,5,2,4,2,0,3,0.0,0.5,1.25,0.75,11.2,Recent,0,Mid,0,0,-1.5532459373220722,0.2670542707978779,2,Fast-track Performers
40,0,Non-Travel,663,Research & Development,9,4,Other,3,Male,81,3,2,Laboratory Technician,3,Divorced,3975,23099,3,No,11,3,3,2,11,2,4,8,7,0,7,0.0,0.875,0.25,0.875,10.1,Recent,0,Senior,0,1,0.8338765288403853,0.47105531906628656,1,Stable Contributors
31,0,Travel_Rarely,326,Sales,8,2,Life Sciences,1,Male,31,3,3,Sales Executive,4,Divorced,10793,8386,1,No,18,3,1,1,13,5,3,13,7,9,9,0.6923076923076923,0.5384615384615384,0.3846153846153846,0.6923076923076923,6.800000000000001,Critical,0,Senior,1,1,2.7595062151412053,0.18009076010768466,2,Stable Contributors
46,1,Travel_Rarely,377,Sales,9,3,Marketing,1,Male,52,3,3,Sales Executive,4,Divorced,10096,15986,4,No,11,3,1,1,28,1,4,7,7,4,3,0.5714285714285714,1.0,0.1428571428571428,0.4285714285714285,7.1,Delayed,1,Senior,0,1,1.440090979651931,-0.7941374636855926,1,Stable Contributors
39,1,Non-Travel,592,Research & Development,2,3,Life Sciences,1,Female,54,2,1,Laboratory Technician,1,Single,3646,17181,2,Yes,23,4,2,0,11,2,4,1,0,0,0,0.0,0.0,2.0,0.0,10.3,Recent,0,Early,0,0,-3.170757382686182,-0.10513624116694503,2,Fast-track Performers
31,1,Travel_Frequently,1445,Research & Development,1,5,Life Sciences,3,Female,100,4,3,Manufacturing Director,2,Single,7446,8931,1,No,11,3,1,0,10,2,3,10,8,4,7,0.4,0.8,0.2,0.7,8.1,Delayed,0,Senior,0,1,1.9912399326721175,0.1527673038451182,1,Stable Contributors
45,0,Travel_Rarely,1038,Research & Development,20,3,Medical,2,Male,95,1,3,Healthcare Representative,1,Divorced,10851,19863,2,Yes,18,3,2,1,24,2,3,7,7,0,7,0.0,1.0,0.2857142857142857,1.0,12.8,Recent,0,Senior,0,1,0.9248889457713432,1.0929651699672895,1,Stable Contributors
31,0,Travel_Rarely,1398,Human Resources,8,2,Medical,4,Female,96,4,1,Human Resources,2,Single,2109,24609,9,No,18,3,4,0,8,3,3,3,2,0,2,0.0,0.6666666666666666,1.0,0.6666666666666666,9.8,Recent,0,Mid,0,0,-1.3775051625432753,-0.4125760814441269,2,Fast-track Performers
31,1,Travel_Frequently,523,Research & Development,2,3,Life Sciences,2,Male,94,3,1,Laboratory Technician,4,Married,3722,21081,6,Yes,13,3,3,1,7,2,1,2,2,2,2,1.0,1.0,1.0,1.0,6.300000000000001,Moderate,0,Early,0,0,0.20682849560713906,-2.9642462454115557,1,Fast-track Performers
45,0,Travel_Rarely,1448,Research & Development,29,3,Technical Degree,2,Male,55,3,3,Manufacturing Director,4,Married,9380,14720,4,Yes,18,3,4,2,10,4,4,3,1,1,2,0.3333333333333333,0.3333333333333333,1.3333333333333333,0.6666666666666666,13.8,Recent,0,Mid,0,0,-1.4561676967244577,0.8129454120109001,2,Fast-track Performers
48,0,Travel_Rarely,1221,Sales,7,3,Marketing,3,Male,96,3,2,Sales Executive,1,Divorced,5486,24795,4,No,11,3,1,3,15,3,3,2,2,2,2,1.0,1.0,1.5,1.0,9.1,Moderate,0,Early,0,0,-0.023192085269341765,-1.9980814164067724,1,Fast-track Performers
34,1,Travel_Rarely,1107,Human Resources,9,4,Technical Degree,1,Female,52,3,1,Human Resources,3,Married,2742,3072,1,No,15,3,4,0,2,0,3,2,2,2,2,1.0,1.0,0.0,1.0,4.5,Moderate,1,Early,0,0,0.7744102248025905,-3.501194105050302,1,Fast-track Performers
40,0,Non-Travel,218,Research & Development,8,1,Medical,4,Male,55,2,3,Research Director,2,Divorced,13757,25178,2,No,11,3,3,1,16,5,3,9,8,4,8,0.4444444444444444,0.8888888888888888,0.5555555555555556,0.8888888888888888,11.1,Delayed,0,Senior,0,1,1.755372120392239,0.8481254915030056,1,Stable Contributors
28,0,Travel_Rarely,866,Sales,5,3,Medical,4,Male,84,3,2,Sales Executive,1,Single,8463,23490,0,No,18,3,4,0,6,4,3,5,4,1,3,0.2,0.8,0.8,0.6,11.8,Recent,0,Mid,0,0,-0.5604727681360717,0.35874427475452425,2,Fast-track Performers
44,0,Non-Travel,981,Research & Development,5,3,Life Sciences,3,Male,90,2,1,Laboratory Technician,3,Single,3162,7973,3,No,14,3,4,0,7,5,3,5,2,0,3,0.0,0.4,1.0,0.6,11.4,Recent,0,Mid,0,0,-1.5932508894911648,0.4981477071021303,2,Fast-track Performers
53,0,Travel_Rarely,447,Research & Development,2,3,Medical,4,Male,39,4,4,Research Director,2,Single,16598,19764,4,No,12,3,2,0,35,2,2,9,8,8,8,0.8888888888888888,0.8888888888888888,0.2222222222222222,0.8888888888888888,6.199999999999999,Critical,0,Senior,1,1,3.3429610658168274,-0.7094068363682942,1,Stable Contributors
49,0,Travel_Rarely,1495,Research & Development,5,4,Technical Degree,1,Male,96,3,2,Healthcare Representative,3,Married,6651,21534,2,No,14,3,2,1,20,0,2,3,2,1,2,0.3333333333333333,0.6666666666666666,0.0,0.6666666666666666,7.4,Recent,1,Mid,0,0,-0.1840299279800018,-1.2785274460771239,2,Fast-track Performers
40,0,Travel_Rarely,896,Research & Development,2,3,Medical,3,Male,68,3,1,Research Scientist,3,Divorced,2345,8045,2,No,14,3,3,1,8,3,4,3,1,1,2,0.3333333333333333,0.3333333333333333,1.0,0.6666666666666666,8.4,Recent,0,Mid,0,0,-1.2833493391630484,-0.9621687111740282,2,Fast-track Performers
44,0,Travel_Rarely,1467,Research & Development,20,3,Life Sciences,4,Male,49,3,1,Research Scientist,2,Single,3420,21158,1,No,13,3,3,0,6,3,2,5,2,1,3,0.2,0.4,0.6,0.6,8.3,Recent,0,Mid,0,0,-0.8773392706910947,-0.5766253336654366,2,Fast-track Performers
33,0,Travel_Frequently,430,Sales,7,3,Medical,4,Male,54,3,2,Sales Executive,1,Married,4373,17456,0,No,14,3,1,2,5,2,3,4,3,0,3,0.0,0.75,0.5,0.75,10.4,Recent,0,Mid,0,0,-0.605814583183933,0.019837280079203712,2,Fast-track Performers
34,0,Travel_Rarely,1326,Sales,3,3,Other,4,Male,81,1,2,Sales Executive,1,Single,4759,15891,3,No,18,3,4,0,15,2,3,13,9,3,12,0.2307692307692307,0.6923076923076923,0.1538461538461538,0.9230769230769232,7.800000000000001,Moderate,0,Senior,0,1,2.5625694520170863,0.4048809521893852,1,Stable Contributors
30,0,Travel_Rarely,1358,Sales,16,1,Life Sciences,4,Male,96,3,2,Sales Executive,3,Married,5301,2939,8,No,15,3,3,2,4,2,2,2,1,2,2,1.0,0.5,1.0,1.0,8.5,Moderate,0,Early,0,0,-0.21577492011346186,-1.9640213657262422,1,Fast-track Performers
42,0,Travel_Frequently,748,Research & Development,9,2,Medical,1,Female,74,3,1,Laboratory Technician,4,Single,3673,16458,1,No,13,3,3,0,12,3,3,12,9,5,8,0.4166666666666667,0.75,0.25,0.6666666666666666,4.300000000000001,Delayed,0,Senior,1,1,2.2388774304789063,-0.9001520626916649,1,Stable Contributors
44,0,Travel_Frequently,383,Sales,1,5,Marketing,1,Female,79,3,2,Sales Executive,3,Married,4768,9282,7,No,12,3,3,1,11,4,2,1,0,0,0,0.0,0.0,4.0,0.0,12.2,Recent,0,Early,0,0,-3.877792052256098,0.816970967683401,2,Fast-track Performers
30,0,Non-Travel,990,Research & Development,7,3,Technical Degree,3,Male,64,3,1,Research Scientist,3,Divorced,1274,7152,1,No,13,3,2,2,1,2,2,1,0,0,0,0.0,0.0,2.0,0.0,8.3,Recent,0,Early,0,0,-3.026897727242225,-0.4009852578291137,2,Fast-track Performers
57,0,Travel_Rarely,405,Research & Development,1,2,Life Sciences,2,Male,93,4,2,Research Scientist,3,Married,4900,2721,0,No,24,4,1,1,13,2,2,12,9,2,8,0.1666666666666666,0.75,0.1666666666666666,0.6666666666666666,10.4,Moderate,0,Senior,0,1,1.5559754218144248,0.7432980830869887,1,Stable Contributors
49,0,Travel_Rarely,1490,Research & Development,7,4,Life Sciences,3,Male,35,3,3,Healthcare Representative,2,Divorced,10466,20948,3,No,14,3,2,2,29,3,3,8,7,0,7,0.0,0.875,0.375,0.875,13.4,Recent,0,Senior,0,1,0.6889023768511414,1.528532690353309,1,Stable Contributors
34,0,Travel_Frequently,829,Research & Development,15,3,Medical,2,Male,71,3,4,Research Director,1,Divorced,17007,11929,7,No,14,3,4,2,16,3,2,14,8,6,9,0.4285714285714285,0.5714285714285714,0.2142857142857142,0.6428571428571429,9.4,Delayed,0,Senior,1,1,2.5719680801333333,1.2753953508016924,1,Stable Contributors
28,1,Travel_Frequently,1496,Sales,1,3,Technical Degree,1,Male,92,3,1,Sales Representative,3,Married,2909,15747,3,No,15,3,4,1,5,3,4,3,2,1,2,0.3333333333333333,0.6666666666666666,1.0,0.6666666666666666,8.5,Recent,0,Mid,0,0,-0.949403296813382,-1.1032854858161598,2,Fast-track Performers
29,1,Travel_Frequently,115,Sales,13,3,Technical Degree,1,Female,51,3,2,Sales Executive,2,Single,5765,17485,5,No,11,3,1,0,7,4,1,5,3,0,0,0.0,0.6,0.8,0.0,12.1,Recent,0,Mid,0,0,-1.8309881973991422,0.9348203827640846,2,Fast-track Performers
34,1,Travel_Rarely,790,Sales,24,4,Medical,1,Female,40,2,2,Sales Executive,2,Single,4599,7815,0,Yes,23,4,3,0,16,2,4,15,9,10,10,0.6666666666666666,0.6,0.1333333333333333,0.6666666666666666,2.3000000000000007,Critical,0,Veteran,1,1,3.74376900928865,-1.1461675253436618,1,Stable Contributors
35,0,Travel_Rarely,660,Sales,7,1,Life Sciences,4,Male,76,3,1,Sales Representative,3,Married,2404,16192,1,No,13,3,1,1,1,3,3,1,0,0,0,0.0,0.0,3.0,0.0,9.3,Recent,0,Early,0,0,-3.4792300316097835,-0.14085259466556121,2,Fast-track Performers
24,1,Travel_Frequently,381,Research & Development,9,3,Medical,2,Male,89,3,1,Laboratory Technician,1,Single,3172,16998,2,Yes,11,3,3,0,4,2,2,0,0,0,0,0.0,0.0,0.0,0.0,8.1,Recent,0,Early,0,0,-2.4312022872928973,-0.38976528562700247,2,Fast-track Performers
24,0,Non-Travel,830,Sales,13,2,Life Sciences,4,Female,78,3,1,Sales Representative,2,Married,2033,7103,1,No,13,3,3,1,1,2,3,1,0,0,0,0.0,0.0,2.0,0.0,8.3,Recent,0,Early,0,0,-3.026897727242225,-0.4009852578291137,2,Fast-track Performers
44,0,Travel_Frequently,1193,Research & Development,2,1,Medical,2,Male,86,3,3,Manufacturing Director,3,Single,10209,19719,5,Yes,18,3,2,0,16,2,2,2,2,2,2,1.0,1.0,1.0,1.0,10.8,Moderate,0,Early,0,0,0.26401818364424373,-1.4653172912089767,1,Fast-track Performers
29,0,Travel_Rarely,1246,Sales,19,3,Life Sciences,3,Male,77,2,2,Sales Executive,3,Divorced,8620,23757,1,No,14,3,3,2,10,3,3,10,7,0,4,0.0,0.7,0.3,0.4,11.4,Recent,0,Senior,0,0,0.010228208911192496,1.1061110569522659,2,Fast-track Performers
30,0,Travel_Rarely,330,Human Resources,1,3,Life Sciences,3,Male,46,3,1,Human Resources,3,Divorced,2064,15428,0,No,21,4,1,1,6,3,4,5,3,1,3,0.2,0.6,0.6,0.6,10.1,Recent,0,Mid,0,0,-0.7565985162715021,-0.3844725221244543,2,Fast-track Performers
55,0,Travel_Rarely,1229,Research & Development,4,4,Life Sciences,4,Male,30,3,2,Healthcare Representative,3,Married,4035,16143,0,Yes,16,3,2,0,4,2,3,3,2,1,2,0.3333333333333333,0.6666666666666666,0.6666666666666666,0.6666666666666666,9.6,Recent,0,Mid,0,0,-0.6728179502658211,-0.6669873047799911,2,Fast-track Performers
33,0,Travel_Rarely,1099,Research & Development,4,4,Medical,1,Female,82,2,1,Laboratory Technician,2,Married,3838,8192,8,No,11,3,4,0,8,5,3,5,4,0,2,0.0,0.8,1.0,0.4,11.1,Recent,0,Mid,0,0,-1.321337310757635,0.352155945274056,2,Fast-track Performers
47,0,Travel_Rarely,571,Sales,14,3,Medical,3,Female,78,3,2,Sales Executive,3,Married,4591,24200,3,Yes,17,3,3,1,11,4,2,5,4,1,2,0.2,0.8,0.8,0.4,11.7,Recent,0,Mid,0,0,-0.803374043585245,0.39056002150260555,2,Fast-track Performers
28,1,Travel_Frequently,289,Research & Development,2,2,Medical,3,Male,38,2,1,Laboratory Technician,1,Single,2561,5355,7,No,11,3,3,0,8,2,2,0,0,0,0,0.0,0.0,0.0,0.0,8.1,Recent,0,Early,0,0,-2.4312022872928973,-0.38976528562700247,2,Fast-track Performers
28,0,Travel_Rarely,1423,Research & Development,1,3,Life Sciences,1,Male,72,2,1,Research Scientist,3,Divorced,1563,12530,1,No,14,3,4,1,1,2,1,1,0,0,0,0.0,0.0,2.0,0.0,8.4,Recent,0,Early,0,0,-3.034090710014423,-0.3861928069960053,2,Fast-track Performers
28,0,Travel_Frequently,467,Sales,7,3,Life Sciences,3,Male,55,3,2,Sales Executive,1,Single,4898,11827,0,No,14,3,4,0,5,5,3,4,2,1,3,0.25,0.5,1.25,0.75,12.4,Recent,0,Mid,0,0,-1.1683778268341913,0.4756933982536102,2,Fast-track Performers
49,0,Travel_Rarely,271,Research & Development,3,2,Medical,3,Female,43,2,2,Laboratory Technician,1,Married,4789,23070,4,No,25,4,1,1,10,3,3,3,2,1,2,0.3333333333333333,0.6666666666666666,1.0,0.6666666666666666,12.5,Recent,0,Mid,0,0,-1.0466856513082918,-0.09495311913547291,2,Fast-track Performers
29,0,Travel_Frequently,410,Research & Development,2,1,Life Sciences,4,Female,97,3,1,Laboratory Technician,2,Married,3180,4668,0,No,13,3,3,3,4,3,3,3,2,0,2,0.0,0.6666666666666666,1.0,0.6666666666666666,9.3,Recent,0,Mid,0,0,-1.341540248682286,-0.486538335609669,2,Fast-track Performers
28,0,Travel_Rarely,1083,Research & Development,29,1,Life Sciences,3,Male,96,1,2,Manufacturing Director,2,Married,6549,3173,1,No,14,3,2,2,8,2,2,8,6,1,7,0.125,0.75,0.25,0.875,9.4,Recent,0,Senior,0,1,0.8851357744942869,0.17945791112073334,1,Stable Contributors
33,0,Travel_Rarely,516,Research & Development,8,5,Life Sciences,4,Male,69,3,2,Healthcare Representative,3,Single,6388,22049,2,Yes,17,3,1,0,14,6,3,0,0,0,0,0.0,0.0,0.0,0.0,14.7,Recent,0,Early,0,0,-2.9463244444661907,1.6370731619558097,2,Fast-track Performers
32,0,Travel_Rarely,495,Research & Development,10,3,Medical,3,Male,64,3,3,Manager,4,Single,11244,21072,2,No,25,4,2,0,10,5,4,5,2,0,0,0.0,0.4,1.0,0.0,17.5,Recent,0,Mid,0,0,-2.40143170047334,2.373580467378014,2,Fast-track Performers
54,0,Travel_Frequently,1050,Research & Development,11,4,Medical,2,Female,87,3,4,Manager,4,Divorced,16032,24456,3,No,20,4,1,1,26,2,3,14,9,1,12,0.0714285714285714,0.6428571428571429,0.1428571428571428,0.8571428571428571,15.0,Recent,0,Senior,0,1,2.073165349061431,2.729039677662997,1,Stable Contributors
29,1,Travel_Rarely,224,Research & Development,1,4,Technical Degree,1,Male,100,2,1,Research Scientist,1,Single,2362,7568,6,No,13,3,3,0,11,2,1,9,7,0,7,0.0,0.7777777777777778,0.2222222222222222,0.7777777777777778,8.3,Recent,0,Senior,0,1,0.7134317889536255,-0.049364842972714706,1,Stable Contributors
44,0,Travel_Rarely,136,Research & Development,28,3,Life Sciences,4,Male,32,3,4,Research Director,1,Married,16328,22074,3,No,13,3,3,1,24,1,4,20,6,14,17,0.7,0.3,0.05,0.85,-0.6999999999999993,Critical,1,Veteran,1,1,5.619593607708802,-0.5495094074518978,1,Stable Contributors
39,0,Travel_Rarely,1089,Research & Development,6,3,Life Sciences,2,Female,32,3,3,Manufacturing Director,2,Single,8376,9150,4,No,18,3,4,0,9,3,3,2,0,2,2,1.0,0.0,1.5,1.0,11.8,Moderate,0,Early,0,0,-0.9365551659761842,-0.6657376545553385,2,Fast-track Performers
46,0,Travel_Rarely,228,Sales,3,3,Life Sciences,3,Female,51,3,4,Manager,2,Married,16606,11380,8,No,12,3,4,1,23,2,4,13,12,5,1,0.3846153846153846,0.9230769230769232,0.1538461538461538,0.0769230769230769,9.2,Delayed,0,Senior,1,1,1.8506595591226283,0.966349679183706,1,Stable Contributors
35,0,Travel_Rarely,1029,Research & Development,16,3,Life Sciences,4,Female,91,2,3,Healthcare Representative,2,Single,8606,21195,1,No,19,3,4,0,11,3,1,11,8,3,3,0.2727272727272727,0.7272727272727273,0.2727272727272727,0.2727272727272727,10.9,Moderate,0,Senior,0,1,0.775239904041725,1.0330823413856887,2,Stable Contributors
23,0,Travel_Rarely,507,Research & Development,20,1,Life Sciences,1,Male,97,3,2,Laboratory Technician,3,Single,2272,24812,0,No,14,3,2,0,5,2,3,4,3,1,2,0.25,0.75,0.5,0.5,9.4,Recent,0,Mid,0,0,-0.5372934440244378,-0.4413625671382829,2,Fast-track Performers
40,1,Travel_Rarely,676,Research & Development,9,4,Life Sciences,4,Male,86,3,1,Laboratory Technician,1,Single,2018,21831,3,No,14,3,2,0,15,3,1,5,4,1,0,0.2,0.8,0.6,0.0,8.4,Recent,0,Mid,0,0,-1.1343861394890988,-0.5702308969986971,2,Fast-track Performers
34,0,Travel_Rarely,971,Sales,1,3,Technical Degree,4,Male,64,2,3,Sales Executive,3,Married,7083,12288,1,Yes,14,3,4,0,10,3,3,10,9,8,6,0.8,0.9,0.3,0.6,5.4,Critical,0,Senior,1,1,2.8308202840405987,-0.8392942301124989,1,Stable Contributors
31,1,Travel_Frequently,561,Research & Development,3,3,Life Sciences,4,Female,33,3,1,Research Scientist,3,Single,4084,4156,1,No,12,3,1,0,7,2,1,7,2,7,7,1.0,0.2857142857142857,0.2857142857142857,1.0,1.1999999999999993,Critical,0,Senior,1,1,1.802780550957023,-2.943358500075238,1,Stable Contributors
50,0,Travel_Frequently,333,Research & Development,22,5,Medical,3,Male,88,1,4,Research Director,4,Single,14411,24450,1,Yes,13,3,4,0,32,2,3,32,6,13,9,0.40625,0.1875,0.0625,0.28125,1.3000000000000007,Critical,0,Veteran,1,1,4.499034983420335,0.8832232761465373,1,Stable Contributors
34,0,Travel_Rarely,1440,Sales,7,2,Technical Degree,2,Male,55,3,1,Sales Representative,3,Married,2308,4944,0,Yes,25,4,2,1,12,4,3,11,10,5,7,0.4545454545454545,0.9090909090909092,0.3636363636363636,0.6363636363636364,7.5,Delayed,0,Senior,1,1,1.9625426040397138,-0.465987624897093,1,Stable Contributors
42,0,Travel_Rarely,1210,Research & Development,2,3,Medical,3,Male,68,2,1,Laboratory Technician,2,Married,4841,24052,4,No,14,3,2,1,4,3,3,1,0,0,0,0.0,0.0,3.0,0.0,9.4,Recent,0,Early,0,0,-3.4864230143819817,-0.12606014383245284,2,Fast-track Performers
37,0,Travel_Rarely,674,Research & Development,13,3,Medical,1,Male,47,3,2,Research Scientist,4,Married,4285,3031,1,No,17,3,1,0,10,2,3,10,8,3,7,0.3,0.8,0.2,0.7,7.699999999999999,Moderate,0,Senior,0,1,1.6457510162007802,-0.1407574867044151,1,Stable Contributors
29,0,Travel_Rarely,441,Research & Development,8,1,Other,3,Female,39,1,2,Healthcare Representative,1,Married,9715,7288,3,No,13,3,3,1,9,3,3,7,7,0,7,0.0,1.0,0.4285714285714285,1.0,11.3,Recent,0,Senior,0,1,0.7385416091688156,0.6063100303563745,1,Stable Contributors
33,0,Travel_Rarely,575,Research & Development,25,3,Life Sciences,4,Male,44,2,2,Manufacturing Director,2,Single,4320,24152,1,No,13,3,4,0,5,2,3,5,3,0,2,0.0,0.6,0.4,0.4,10.3,Recent,0,Mid,0,0,-0.9568361001581106,0.2768956669762433,2,Fast-track Performers
45,0,Travel_Rarely,950,Research & Development,28,3,Technical Degree,4,Male,97,3,1,Research Scientist,4,Married,2132,4585,4,No,20,4,4,1,8,3,3,5,4,0,3,0.0,0.8,0.6,0.6,11.0,Recent,0,Mid,0,0,-0.8195601788653379,-0.0076889087697519795,2,Fast-track Performers
42,0,Travel_Frequently,288,Research & Development,2,3,Life Sciences,4,Male,40,3,3,Healthcare Representative,4,Married,10124,18611,2,Yes,14,3,3,1,24,3,1,20,8,13,9,0.65,0.4,0.15,0.45,0.4000000000000003,Critical,0,Veteran,1,1,4.163404399270349,-0.5827823640108064,1,Stable Contributors
40,0,Travel_Rarely,1342,Sales,9,2,Medical,1,Male,47,3,2,Sales Executive,1,Married,5473,19345,0,No,12,3,4,0,9,5,4,8,4,7,1,0.875,0.5,0.625,0.125,6.199999999999999,Critical,0,Senior,1,0,0.4288977104601205,-1.0274659655672875,2,Fast-track Performers
33,0,Travel_Rarely,589,Research & Development,28,4,Life Sciences,2,Male,79,3,2,Laboratory Technician,3,Married,5207,22949,1,Yes,12,3,2,1,15,3,3,15,14,5,7,0.3333333333333333,0.9333333333333332,0.2,0.4666666666666667,6.199999999999999,Delayed,0,Veteran,1,1,2.8912543842844656,0.24500907682900824,1,Stable Contributors
40,0,Travel_Rarely,898,Human Resources,6,2,Medical,3,Male,38,3,4,Manager,4,Single,16437,17381,1,Yes,21,4,4,0,21,2,3,21,7,7,7,0.3333333333333333,0.3333333333333333,0.0952380952380952,0.3333333333333333,9.1,Critical,0,Veteran,1,1,2.4811828989962565,1.6667330736430073,1,Stable Contributors
24,0,Travel_Rarely,350,Research & Development,21,2,Technical Degree,3,Male,57,2,1,Laboratory Technician,1,Divorced,2296,10036,0,No,14,3,2,3,2,3,3,1,1,0,0,0.0,1.0,3.0,0.0,9.4,Recent,0,Early,0,0,-2.6906610852465658,-0.690958979409046,2,Fast-track Performers
40,0,Non-Travel,1142,Research & Development,8,2,Life Sciences,4,Male,72,3,2,Healthcare Representative,4,Divorced,4069,8841,3,Yes,18,3,3,0,8,2,3,2,2,2,2,1.0,1.0,1.0,1.0,8.8,Moderate,0,Early,0,0,0.2174408826951968,-2.177800641227495,1,Fast-track Performers
45,0,Travel_Rarely,538,Research & Development,1,4,Technical Degree,1,Male,66,3,3,Healthcare Representative,2,Divorced,7441,20933,1,No,12,3,1,3,10,4,3,10,8,7,7,0.7,0.8,0.4,0.7,7.199999999999999,Critical,0,Senior,1,1,2.4274979430235986,-0.2195050994455268,1,Stable Contributors
35,0,Travel_Rarely,1402,Sales,28,4,Life Sciences,2,Female,98,2,1,Sales Representative,3,Married,2430,26204,0,No,23,4,1,2,6,5,3,5,3,4,2,0.8,0.6,1.0,0.4,9.3,Delayed,0,Mid,0,0,-0.4483210173243911,-1.1110483035137093,2,Fast-track Performers
32,0,Travel_Rarely,824,Research & Development,5,2,Life Sciences,4,Female,67,2,2,Research Scientist,2,Married,5878,15624,3,No,12,3,1,1,12,2,3,7,1,2,5,0.2857142857142857,0.1428571428571428,0.2857142857142857,0.7142857142857143,8.2,Moderate,0,Senior,0,0,-0.201452957057818,-0.2158250847104622,2,Fast-track Performers
36,0,Travel_Rarely,1157,Sales,2,4,Life Sciences,3,Male,70,3,1,Sales Representative,4,Single,2644,17001,3,Yes,21,4,4,0,7,3,2,3,2,1,2,0.3333333333333333,0.6666666666666666,1.0,0.6666666666666666,10.1,Recent,0,Mid,0,0,-1.0644910211685474,-0.8666062724864251,2,Fast-track Performers
48,0,Travel_Rarely,492,Sales,16,4,Life Sciences,3,Female,96,3,2,Sales Executive,3,Divorced,6439,13693,8,No,14,3,3,1,18,2,3,8,7,7,7,0.875,0.875,0.25,0.875,3.4000000000000004,Critical,0,Senior,1,1,2.7156505116406624,-2.0330904577785094,1,Stable Contributors
29,0,Travel_Rarely,598,Research & Development,9,3,Life Sciences,3,Male,91,4,1,Research Scientist,3,Married,2451,22376,6,No,18,3,1,2,5,2,2,1,0,0,0,0.0,0.0,2.0,0.0,8.8,Recent,0,Early,0,0,-3.0628626411032145,-0.3270230036635715,2,Fast-track Performers
33,0,Travel_Rarely,1242,Sales,8,4,Life Sciences,1,Male,46,3,2,Sales Executive,1,Married,6392,10589,2,No,13,3,4,1,8,6,1,2,2,2,2,1.0,1.0,3.0,1.0,12.3,Moderate,0,Early,0,0,-0.910529592923508,-1.1186973727831109,2,Fast-track Performers
30,1,Travel_Rarely,740,Sales,1,3,Life Sciences,2,Male,64,2,2,Sales Executive,1,Married,9714,5323,1,No,11,3,4,1,10,4,3,10,8,6,7,0.6,0.8,0.4,0.7,6.1,Delayed,0,Senior,1,1,2.1323599059576464,-0.616577045826819,1,Stable Contributors
38,0,Travel_Frequently,888,Human Resources,10,4,Human Resources,3,Male,71,3,2,Human Resources,3,Married,6077,14814,3,No,11,3,3,0,10,2,3,6,3,1,2,0.1666666666666666,0.5,0.3333333333333333,0.3333333333333333,9.1,Recent,0,Mid,0,0,-0.6716306265471131,-0.022891058767054523,2,Fast-track Performers
35,0,Travel_Rarely,992,Research & Development,1,3,Medical,4,Male,68,2,1,Laboratory Technician,1,Single,2450,21731,1,No,19,3,2,0,3,3,3,3,0,1,2,0.3333333333333333,0.0,1.0,0.6666666666666666,8.9,Recent,0,Mid,0,0,-1.6604532781459016,-0.7322972315332461,2,Fast-track Performers
30,0,Travel_Rarely,1288,Sales,29,4,Technical Degree,3,Male,33,3,3,Sales Executive,2,Married,9250,17799,3,No,12,3,2,1,9,3,3,4,2,1,3,0.25,0.5,0.75,0.75,12.2,Recent,0,Mid,0,0,-0.6867953225985367,0.5689253678120191,2,Fast-track Performers
35,1,Travel_Rarely,104,Research & Development,2,3,Life Sciences,1,Female,69,3,1,Laboratory Technician,1,Divorced,2074,26619,1,Yes,12,3,4,1,1,2,3,1,0,0,0,0.0,0.0,2.0,0.0,8.2,Recent,0,Early,0,0,-3.0197047444700273,-0.41577770866222236,2,Fast-track Performers
53,1,Travel_Rarely,607,Research & Development,2,5,Technical Degree,3,Female,78,2,3,Manufacturing Director,4,Married,10169,14618,0,No,16,3,2,1,34,4,3,33,7,1,9,0.0303030303030303,0.2121212121212121,0.1212121212121212,0.2727272727272727,13.6,Recent,0,Veteran,0,1,1.8049780879774848,3.760769348637702,1,Stable Contributors
38,1,Travel_Rarely,903,Research & Development,2,3,Medical,3,Male,81,3,2,Manufacturing Director,2,Married,4855,7653,4,No,11,3,1,2,7,2,3,5,2,1,4,0.2,0.4,0.4,0.8,9.1,Recent,0,Mid,0,0,-0.3721069728049382,-0.23748169404016434,2,Fast-track Performers
32,0,Non-Travel,1200,Research & Development,1,4,Technical Degree,4,Male,62,3,2,Research Scientist,1,Married,4087,25174,4,No,14,3,2,1,9,3,2,6,5,1,2,0.1666666666666666,0.8333333333333334,0.5,0.3333333333333333,10.4,Recent,0,Mid,0,0,-0.4216611859982542,0.21285150681090179,2,Fast-track Performers
48,0,Travel_Rarely,1108,Research & Development,15,4,Other,3,Female,65,3,1,Research Scientist,1,Married,2367,16530,8,No,12,3,4,1,10,3,2,8,2,7,6,0.875,0.25,0.375,0.75,2.1999999999999997,Critical,0,Senior,1,1,1.3191376418583416,-2.32586560066553,1,Stable Contributors
34,0,Travel_Rarely,479,Research & Development,7,4,Medical,1,Male,35,3,1,Research Scientist,4,Single,2972,22061,1,No,13,3,3,0,1,4,1,1,0,0,0,0.0,0.0,4.0,0.0,10.3,Recent,0,Early,0,0,-3.9315623359773424,0.11928006849799133,2,Fast-track Performers
55,0,Travel_Rarely,685,Sales,26,5,Marketing,3,Male,60,2,5,Manager,4,Married,19586,23037,1,No,21,4,3,1,36,3,3,36,6,2,13,0.0555555555555555,0.1666666666666666,0.0833333333333333,0.3611111111111111,17.1,Moderate,0,Veteran,0,1,2.702585034685776,5.186746675319995,1,Stable Contributors
34,0,Travel_Rarely,1351,Research & Development,1,4,Life Sciences,2,Male,45,3,2,Research Scientist,4,Married,5484,13008,9,No,17,3,2,1,9,3,2,2,2,2,1,1.0,1.0,1.5,0.5,9.7,Moderate,0,Early,0,0,-0.5208125063380797,-1.7089920372449732,1,Fast-track Performers
26,0,Travel_Rarely,474,Research & Development,3,3,Life Sciences,1,Female,89,3,1,Research Scientist,4,Married,2061,11133,1,No,21,4,1,0,1,5,3,1,0,0,0,0.0,0.0,5.0,0.0,13.1,Recent,0,Early,0,0,-4.513368330244462,0.6456768466574954,2,Fast-track Performers
38,0,Travel_Rarely,1245,Sales,14,3,Life Sciences,3,Male,80,3,2,Sales Executive,2,Married,9924,12355,0,No,11,3,4,1,10,3,3,9,8,7,7,0.7777777777777778,0.8888888888888888,0.3333333333333333,0.7777777777777778,4.1,Critical,0,Senior,1,1,2.6390349412577745,-1.5015895251222415,1,Stable Contributors
38,0,Travel_Rarely,437,Sales,16,3,Life Sciences,2,Female,90,3,2,Sales Executive,2,Single,4198,16379,2,No,12,3,2,0,8,5,4,3,2,1,2,0.3333333333333333,0.6666666666666666,1.6666666666666667,0.6666666666666666,12.2,Recent,0,Mid,0,0,-1.3556491042891652,0.14677575133394907,2,Fast-track Performers
36,0,Travel_Rarely,884,Sales,1,4,Life Sciences,2,Female,73,3,2,Sales Executive,3,Single,6815,21447,6,No,13,3,1,0,15,5,3,1,0,0,0,0.0,0.0,5.0,0.0,13.3,Recent,0,Early,0,0,-4.337317339395853,1.0918960816800622,2,Fast-track Performers
29,0,Travel_Rarely,1370,Research & Development,3,1,Medical,2,Male,87,3,1,Laboratory Technician,1,Single,4723,16213,1,Yes,18,3,4,0,10,3,3,10,9,1,5,0.1,0.9,0.3,0.5,8.8,Recent,0,Senior,0,1,0.7366462160133448,0.10170189319577672,1,Stable Contributors
35,0,Travel_Rarely,670,Research & Development,10,4,Medical,1,Female,51,3,2,Healthcare Representative,3,Single,6142,4223,3,Yes,16,3,3,0,10,4,3,5,2,0,4,0.0,0.4,0.8,0.8,12.6,Recent,0,Mid,0,0,-1.1167905226938,0.8964611500598363,2,Fast-track Performers
39,0,Travel_Rarely,1462,Sales,6,3,Medical,4,Male,38,4,3,Sales Executive,3,Married,8237,4658,2,No,11,3,1,1,11,3,3,7,6,7,6,1.0,0.8571428571428571,0.4285714285714285,0.8571428571428571,6.1,Critical,0,Senior,1,1,2.361213284023286,-1.3722870269939038,1,Stable Contributors
29,0,Travel_Frequently,995,Research & Development,2,1,Life Sciences,1,Male,87,3,2,Healthcare Representative,4,Divorced,8853,24483,1,No,19,3,4,1,6,0,4,6,4,1,3,0.1666666666666666,0.6666666666666666,0.0,0.5,7.9,Recent,1,Mid,0,0,0.09253190222324302,-0.5851184709699299,2,Fast-track Performers
50,0,Travel_Rarely,264,Sales,9,3,Marketing,3,Male,59,3,5,Manager,3,Married,19331,19519,4,Yes,16,3,3,1,27,2,3,1,0,0,0,0.0,0.0,2.0,0.0,16.6,Recent,0,Early,0,0,-2.862167471762631,2.493325494744285,2,Fast-track Performers
23,0,Travel_Rarely,977,Research & Development,10,3,Technical Degree,4,Male,45,4,1,Research Scientist,3,Married,2073,12826,2,No,16,3,4,1,4,2,3,2,2,2,2,1.0,1.0,1.0,1.0,6.6,Moderate,0,Early,0,0,0.1852495472905456,-2.9198688929122305,1,Fast-track Performers
36,0,Travel_Frequently,1302,Research & Development,6,4,Life Sciences,1,Male,80,4,2,Laboratory Technician,1,Married,5562,19711,3,Yes,13,3,4,1,9,3,3,3,2,0,2,0.0,0.6666666666666666,1.0,0.6666666666666666,11.3,Recent,0,Mid,0,0,-1.2949629477332392,0.22594501440884934,2,Fast-track Performers
42,0,Travel_Rarely,1059,Research & Development,9,2,Other,4,Male,93,2,5,Manager,4,Single,19613,26362,8,No,22,4,4,0,24,2,3,1,0,0,1,0.0,0.0,2.0,1.0,18.2,Recent,0,Early,0,0,-2.1821788946586134,2.273459239607606,2,Fast-track Performers
35,0,Travel_Rarely,750,Research & Development,28,3,Life Sciences,2,Male,46,4,2,Laboratory Technician,3,Married,3407,25348,1,No,17,3,4,2,10,3,2,10,9,6,8,0.6,0.9,0.3,0.8,5.699999999999999,Delayed,0,Senior,1,1,2.615099602630041,-0.8377245961320969,1,Stable Contributors
34,0,Travel_Frequently,653,Research & Development,10,4,Technical Degree,4,Male,92,2,2,Healthcare Representative,3,Married,5063,15332,1,No,14,3,2,1,8,3,2,8,2,7,7,0.875,0.25,0.375,0.875,4.4,Critical,0,Senior,1,1,1.550331168930819,-1.5919739274164948,1,Stable Contributors
40,0,Travel_Rarely,118,Sales,14,2,Life Sciences,4,Female,84,3,2,Sales Executive,1,Married,4639,11262,1,No,15,3,3,1,5,2,3,5,4,1,2,0.2,0.8,0.4,0.4,9.5,Recent,0,Mid,0,0,-0.40063853169816455,-0.23331810245528947,2,Fast-track Performers
43,0,Travel_Rarely,990,Research & Development,27,3,Technical Degree,4,Male,87,4,1,Laboratory Technician,2,Divorced,4876,5855,5,No,12,3,3,1,8,0,3,6,4,0,2,0.0,0.6666666666666666,0.0,0.3333333333333333,6.2,Recent,1,Mid,0,0,-0.429911825160041,-0.9510953022739368,2,Fast-track Performers
35,0,Travel_Rarely,1349,Research & Development,7,2,Life Sciences,3,Male,63,2,1,Laboratory Technician,4,Married,2690,7713,1,No,18,3,4,1,1,5,2,1,0,0,1,0.0,0.0,5.0,1.0,11.8,Recent,0,Early,0,0,-3.624783252746707,-0.003170482639327899,2,Fast-track Performers
46,0,Travel_Rarely,563,Sales,1,4,Life Sciences,4,Male,56,4,4,Manager,1,Single,17567,3156,1,No,15,3,2,0,27,5,1,26,0,0,12,0.0,0.0,0.1923076923076923,0.4615384615384615,17.5,Recent,0,Veteran,0,1,0.5755852939247503,4.496148346824568,1,Stable Contributors
28,1,Travel_Rarely,329,Research & Development,24,3,Medical,3,Male,51,3,1,Laboratory Technician,2,Married,2408,7324,1,Yes,17,3,3,3,1,3,3,1,1,0,0,0.0,1.0,3.0,0.0,9.7,Recent,0,Early,0,0,-2.712240033563159,-0.6465816269097209,2,Fast-track Performers
22,0,Non-Travel,457,Research & Development,26,2,Other,2,Female,85,2,1,Research Scientist,3,Married,2814,10293,1,Yes,14,3,2,0,4,2,2,4,2,1,3,0.25,0.5,0.5,0.75,7.4,Recent,0,Mid,0,0,-0.5840262711699203,-1.1212896699557466,2,Fast-track Performers
50,0,Travel_Frequently,1234,Research & Development,20,5,Medical,2,Male,41,3,4,Healthcare Representative,3,Married,11245,20689,2,Yes,15,3,3,1,32,3,3,30,8,12,13,0.4,0.2666666666666666,0.1,0.4333333333333333,3.5,Critical,0,Veteran,1,1,4.860206940197321,1.5113786560834437,1,Stable Contributors
32,0,Travel_Rarely,634,Research & Development,5,4,Other,2,Female,35,4,1,Research Scientist,4,Married,3312,18783,3,No,17,3,4,2,6,3,3,3,2,0,2,0.0,0.6666666666666666,1.0,0.6666666666666666,9.7,Recent,0,Mid,0,0,-1.3703121797710773,-0.4273685322772355,2,Fast-track Performers
44,0,Travel_Rarely,1313,Research & Development,7,3,Medical,2,Female,31,3,5,Research Director,4,Divorced,19049,3549,0,Yes,14,3,4,1,23,4,2,22,7,1,10,0.0454545454545454,0.3181818181818182,0.1818181818181818,0.4545454545454545,17.4,Recent,0,Veteran,0,1,1.5078582587339824,4.461431327748299,1,Stable Contributors
30,0,Travel_Rarely,241,Research & Development,7,3,Medical,2,Male,48,2,1,Research Scientist,2,Married,2141,5348,1,No,12,3,2,1,6,3,2,6,4,1,1,0.1666666666666666,0.6666666666666666,0.5,0.1666666666666666,8.2,Recent,0,Mid,0,0,-0.9087224936078441,-0.4460274439629595,2,Fast-track Performers
45,0,Travel_Rarely,1015,Research & Development,5,5,Medical,3,Female,50,1,2,Laboratory Technician,1,Single,5769,23447,1,Yes,14,3,1,0,10,3,3,10,7,1,4,0.1,0.7,0.3,0.4,10.4,Recent,0,Senior,0,0,0.2659819278002959,0.7759072024819312,2,Fast-track Performers
45,0,Non-Travel,336,Sales,26,3,Marketing,1,Male,52,2,2,Sales Executive,1,Married,4385,24162,1,No,15,3,1,1,10,2,3,10,7,4,5,0.4,0.7,0.2,0.5,6.5,Delayed,0,Senior,0,1,1.3699266862838686,-0.497051303460126,1,Stable Contributors
31,0,Travel_Frequently,715,Sales,2,4,Other,4,Male,54,3,2,Sales Executive,1,Single,5332,21602,7,No,13,3,4,0,10,3,3,5,2,0,3,0.0,0.4,0.6,0.6,11.3,Recent,0,Mid,0,0,-1.1511310594272353,0.6015453839958621,2,Fast-track Performers
36,0,Travel_Rarely,559,Research & Development,12,4,Life Sciences,3,Female,76,3,2,Manufacturing Director,3,Married,4663,12421,9,Yes,12,3,2,2,7,2,3,3,2,1,1,0.3333333333333333,0.6666666666666666,0.6666666666666666,0.3333333333333333,9.2,Recent,0,Mid,0,0,-0.9849706179380363,-0.6112260320503644,2,Fast-track Performers
34,0,Travel_Frequently,426,Research & Development,10,4,Life Sciences,3,Male,42,4,2,Manufacturing Director,4,Divorced,4724,17000,1,No,13,3,1,1,9,3,3,9,7,7,2,0.7777777777777778,0.7777777777777778,0.3333333333333333,0.2222222222222222,4.300000000000001,Critical,0,Senior,1,1,1.48734742928796,-1.4471272083781879,1,Stable Contributors
49,0,Travel_Rarely,722,Research & Development,25,4,Life Sciences,3,Female,84,3,1,Laboratory Technician,1,Married,3211,22102,1,No,14,3,4,1,10,3,2,9,6,1,4,0.1111111111111111,0.6666666666666666,0.3333333333333333,0.4444444444444444,8.4,Recent,0,Senior,0,0,0.04546125697392056,-0.05581250703972401,1,Fast-track Performers
39,0,Travel_Rarely,1387,Research & Development,10,5,Medical,2,Male,76,3,2,Manufacturing Director,1,Married,5377,3835,2,No,13,3,4,3,10,3,3,7,7,7,7,1.0,1.0,0.4285714285714285,1.0,4.300000000000001,Critical,0,Senior,1,1,2.722663753780792,-2.1115674904533037,1,Stable Contributors
27,0,Travel_Rarely,1302,Research & Development,19,3,Other,4,Male,67,2,1,Laboratory Technician,1,Divorced,4066,16290,1,No,11,3,1,2,7,3,3,7,7,0,7,0.0,1.0,0.4285714285714285,1.0,9.1,Recent,0,Senior,0,1,0.7063502737641645,-0.1357582213283609,1,Stable Contributors
35,0,Travel_Rarely,819,Research & Development,18,5,Life Sciences,2,Male,48,4,2,Research Scientist,1,Married,5208,26312,1,No,11,3,4,0,16,2,3,16,15,1,10,0.0625,0.9375,0.125,0.625,9.1,Recent,0,Veteran,0,1,2.742892262511145,1.2573567983354297,1,Stable Contributors
28,0,Travel_Rarely,580,Research & Development,27,3,Medical,2,Female,39,1,2,Manufacturing Director,1,Divorced,4877,20460,0,No,21,4,2,1,6,5,2,5,3,0,0,0.0,0.6,1.0,0.0,15.1,Recent,0,Mid,0,0,-2.1690226260144416,1.5278160105720926,2,Fast-track Performers
21,0,Travel_Rarely,546,Research & Development,5,1,Medical,3,Male,97,3,1,Research Scientist,4,Single,3117,26009,1,No,18,3,3,0,3,2,3,2,2,2,2,1.0,1.0,1.0,1.0,6.800000000000001,Moderate,0,Early,0,0,0.17086358174614985,-2.8902839912460134,1,Fast-track Performers
18,1,Travel_Frequently,544,Sales,3,2,Medical,2,Female,70,3,1,Sales Representative,4,Single,1569,18420,1,Yes,12,3,3,0,0,2,4,0,0,0,0,0.0,0.0,0.0,0.0,8.2,Recent,0,Early,0,0,-2.438395270065095,-0.3749728347938941,2,Fast-track Performers
47,0,Travel_Rarely,1176,Human Resources,26,4,Life Sciences,4,Female,98,3,5,Manager,3,Married,19658,5220,3,No,11,3,3,1,27,2,3,5,2,1,0,0.2,0.4,0.4,0.0,15.1,Recent,0,Mid,0,0,-1.2327521028432826,2.0864011463401506,2,Fast-track Performers
39,0,Travel_Rarely,170,Research & Development,3,2,Medical,3,Male,76,2,2,Laboratory Technician,3,Divorced,3069,10302,0,No,15,3,4,1,11,3,3,10,8,0,7,0.0,0.8,0.3,0.7,11.5,Recent,0,Senior,0,1,0.7309707433060503,1.1220425296839966,1,Stable Contributors
40,0,Travel_Rarely,884,Research & Development,15,3,Life Sciences,1,Female,80,2,3,Manufacturing Director,3,Married,10435,25800,1,No,13,3,4,2,18,2,3,18,15,14,12,0.7777777777777778,0.8333333333333334,0.1111111111111111,0.6666666666666666,-1.6999999999999993,Critical,0,Veteran,1,1,6.039759267702986,-1.2426142863558676,1,Stable Contributors
35,0,Non-Travel,208,Research & Development,8,4,Life Sciences,3,Female,52,3,2,Healthcare Representative,3,Married,4148,12250,1,No,12,3,4,1,15,5,3,14,11,2,9,0.1428571428571428,0.7857142857142857,0.3571428571428571,0.6428571428571429,11.2,Moderate,0,Senior,0,1,1.7262718763101808,1.607307221548127,1,Stable Contributors
37,0,Travel_Rarely,671,Research & Development,19,3,Life Sciences,3,Male,85,3,2,Manufacturing Director,3,Married,5768,26493,3,No,17,3,1,3,9,2,2,4,3,0,2,0.0,0.75,0.5,0.5,10.7,Recent,0,Mid,0,0,-0.9115491674242611,0.13644390959004526,2,Fast-track Performers
39,0,Travel_Frequently,711,Research & Development,4,3,Medical,1,Female,81,3,2,Manufacturing Director,3,Single,5042,3140,0,No,13,3,4,0,10,2,1,9,2,3,8,0.3333333333333333,0.2222222222222222,0.2222222222222222,0.8888888888888888,7.300000000000001,Moderate,0,Senior,0,1,0.79035911577689,-0.2758170621426797,2,Stable Contributors
45,0,Travel_Rarely,1329,Research & Development,2,2,Other,4,Female,59,2,2,Manufacturing Director,4,Divorced,5770,5388,1,No,19,3,1,2,10,3,3,10,7,3,9,0.3,0.7,0.3,0.9,8.9,Moderate,0,Senior,0,1,1.6513819658007374,0.21263155410411927,1,Stable Contributors
38,0,Travel_Rarely,397,Research & Development,2,2,Medical,4,Female,54,2,3,Manufacturing Director,3,Married,7756,14199,3,Yes,19,3,4,1,10,6,4,5,4,0,2,0.0,0.8,1.2,0.4,16.9,Recent,0,Mid,0,0,-1.4799013442084663,2.1926088631217993,2,Fast-track Performers
35,1,Travel_Rarely,737,Sales,10,3,Medical,4,Male,55,2,3,Sales Executive,1,Married,10306,21530,9,No,17,3,3,0,15,3,3,13,12,6,0,0.4615384615384615,0.9230769230769232,0.2307692307692307,0.0,7.699999999999999,Delayed,0,Senior,1,1,1.6882507269228124,0.3152721447959986,1,Stable Contributors
37,0,Travel_Rarely,1470,Research & Development,10,3,Medical,2,Female,71,3,1,Research Scientist,2,Married,3936,9953,1,No,11,3,1,1,8,2,1,8,4,7,7,0.875,0.5,0.25,0.875,1.0999999999999996,Critical,0,Senior,1,1,2.0934440561553216,-2.7056512433406517,1,Stable Contributors
40,0,Travel_Rarely,448,Research & Development,16,3,Life Sciences,3,Female,84,3,3,Manufacturing Director,4,Single,7945,19948,6,Yes,15,3,4,0,18,2,2,4,2,3,3,0.75,0.5,0.5,0.75,9.5,Moderate,0,Mid,0,0,0.20728889812243498,-0.7483887675436073,1,Fast-track Performers
44,0,Travel_Frequently,602,Human Resources,1,5,Human Resources,1,Male,37,3,2,Human Resources,4,Married,5743,10503,4,Yes,11,3,3,0,14,3,3,10,7,0,2,0.0,0.7,0.3,0.2,11.1,Recent,0,Senior,0,0,-0.3321358484055035,1.0524657818940144,2,Fast-track Performers
48,0,Travel_Frequently,365,Research & Development,4,5,Medical,3,Male,89,2,4,Manager,4,Married,15202,5602,2,No,25,4,2,1,23,3,3,2,2,2,2,1.0,1.0,1.5,1.0,15.5,Moderate,0,Early,0,0,-0.10266906990399619,-0.2180958963751336,2,Fast-track Performers
35,1,Travel_Rarely,763,Sales,15,2,Medical,1,Male,59,1,2,Sales Executive,4,Divorced,5440,22098,6,Yes,14,3,4,2,7,2,2,2,2,2,2,1.0,1.0,1.0,1.0,8.4,Moderate,0,Early,0,0,0.2462128137839882,-2.2369704445599288,1,Fast-track Performers
24,0,Travel_Frequently,567,Research & Development,2,1,Technical Degree,1,Female,32,3,1,Research Scientist,4,Single,3760,17218,1,Yes,13,3,3,0,6,2,3,6,3,1,3,0.1666666666666666,0.5,0.3333333333333333,0.5,7.300000000000001,Recent,0,Mid,0,0,-0.5052072199540932,-0.7353169850803282,2,Fast-track Performers
27,0,Travel_Rarely,486,Research & Development,8,3,Medical,2,Female,86,4,1,Research Scientist,3,Married,3517,22490,7,No,17,3,1,0,5,0,3,3,2,0,2,0.0,0.6666666666666666,0.0,0.6666666666666666,6.7,Recent,1,Mid,0,0,-0.6587090946589422,-1.3003013917236093,2,Fast-track Performers
27,0,Travel_Frequently,591,Research & Development,2,3,Medical,4,Male,87,3,1,Research Scientist,4,Single,2580,6297,2,No,13,3,3,0,6,0,2,4,2,1,2,0.25,0.5,0.0,0.5,5.3,Recent,1,Mid,0,0,-0.4403696865792453,-1.6535193225712312,2,Fast-track Performers
40,1,Travel_Rarely,1329,Research & Development,7,3,Life Sciences,1,Male,73,3,1,Laboratory Technician,1,Single,2166,3339,3,Yes,14,3,2,0,10,3,1,4,2,0,3,0.0,0.5,0.75,0.75,9.4,Recent,0,Mid,0,0,-1.147012665124256,-0.29302730632979757,2,Fast-track Performers
29,0,Travel_Rarely,469,Sales,10,3,Medical,3,Male,42,2,2,Sales Executive,3,Single,5869,23413,9,No,11,3,3,0,8,2,3,5,2,1,4,0.2,0.4,0.4,0.8,9.1,Recent,0,Mid,0,0,-0.3721069728049382,-0.23748169404016434,2,Fast-track Performers
36,0,Travel_Rarely,711,Research & Development,5,4,Life Sciences,2,Female,42,3,3,Healthcare Representative,1,Married,8008,22792,4,No,12,3,3,2,9,6,3,3,2,0,2,0.0,0.6666666666666666,2.0,0.6666666666666666,16.2,Recent,0,Mid,0,0,-1.95279574912413,1.796568773040633,2,Fast-track Performers
25,0,Travel_Frequently,772,Research & Development,2,1,Life Sciences,4,Male,77,4,2,Manufacturing Director,3,Divorced,5206,4973,1,No,17,3,3,2,7,6,3,7,7,0,7,0.0,1.0,0.8571428571428571,1.0,14.7,Recent,0,Senior,0,1,0.18256482953661493,1.564851227408244,1,Stable Contributors
39,0,Travel_Rarely,492,Research & Development,12,3,Medical,4,Male,66,3,2,Manufacturing Director,2,Married,5295,7693,4,No,21,4,3,0,7,3,3,5,4,1,0,0.2,0.8,0.6,0.0,12.1,Recent,0,Mid,0,0,-1.210089545667415,0.3937241171826644,2,Fast-track Performers
49,0,Travel_Rarely,301,Research & Development,22,4,Other,1,Female,72,3,4,Research Director,2,Married,16413,3498,3,No,16,3,2,2,27,2,3,4,2,1,2,0.25,0.5,0.5,0.5,13.6,Recent,0,Mid,0,0,-0.7428359697909097,1.1179745587775414,2,Fast-track Performers
50,0,Travel_Rarely,813,Research & Development,17,5,Life Sciences,4,Female,50,2,3,Research Director,1,Divorced,13269,21981,5,No,15,3,3,3,19,3,3,14,11,1,11,0.0714285714285714,0.7857142857142857,0.2142857142857142,0.7857142857142857,12.5,Recent,0,Senior,0,1,2.144364101284045,2.0880207968232067,1,Stable Contributors
20,0,Travel_Rarely,1141,Sales,2,3,Medical,3,Female,31,3,1,Sales Representative,3,Single,2783,13251,1,No,19,3,1,0,2,3,3,2,2,2,2,1.0,1.0,1.5,1.0,7.9,Moderate,0,Early,0,0,-0.12731324839597147,-2.5922251597604236,1,Fast-track Performers
34,0,Travel_Rarely,1130,Research & Development,3,3,Life Sciences,4,Female,66,3,2,Research Scientist,2,Divorced,5433,19332,1,No,12,3,3,1,11,2,3,11,8,7,9,0.6363636363636364,0.7272727272727273,0.1818181818181818,0.8181818181818182,3.1999999999999997,Critical,0,Senior,1,1,2.9921744833614135,-1.3009367818258724,1,Stable Contributors
36,0,Travel_Rarely,311,Research & Development,7,3,Life Sciences,1,Male,77,3,1,Laboratory Technician,2,Single,2013,10950,2,No,11,3,3,0,15,4,3,4,3,1,3,0.25,0.75,1.0,0.75,9.1,Recent,0,Mid,0,0,-0.6987553984753685,-0.6807860678737506,2,Fast-track Performers
49,0,Travel_Rarely,465,Research & Development,6,1,Life Sciences,3,Female,41,2,4,Healthcare Representative,3,Married,13966,11652,2,Yes,19,3,2,1,30,3,3,15,11,2,12,0.1333333333333333,0.7333333333333333,0.2,0.8,13.9,Moderate,0,Veteran,0,1,2.5498623187652973,2.714164531738861,1,Stable Contributors
36,0,Non-Travel,894,Research & Development,1,4,Medical,4,Female,33,2,2,Manufacturing Director,3,Married,4374,15411,0,No,15,3,3,0,4,6,3,3,2,1,2,0.3333333333333333,0.6666666666666666,2.0,0.6666666666666666,13.5,Recent,0,Mid,0,0,-1.6144290809764705,0.4821307236487324,2,Fast-track Performers
36,0,Travel_Rarely,1040,Research & Development,3,2,Life Sciences,4,Male,79,4,2,Healthcare Representative,1,Divorced,6842,26308,6,No,20,4,1,1,13,3,3,5,4,0,4,0.0,0.8,0.6,0.8,13.0,Recent,0,Mid,0,0,-0.5228886196949195,0.6581862436675764,2,Fast-track Performers
54,0,Travel_Rarely,584,Research & Development,22,5,Medical,2,Female,91,3,4,Manager,3,Married,17426,18685,3,No,25,4,3,1,36,6,3,10,8,4,7,0.4,0.8,0.6,0.7,16.5,Delayed,0,Senior,0,1,1.2175653200011542,2.427362892432739,2,Stable Contributors
43,0,Travel_Rarely,1291,Research & Development,15,2,Life Sciences,3,Male,65,2,4,Research Director,3,Married,17603,3525,1,No,24,4,1,1,14,3,3,14,10,6,11,0.4285714285714285,0.7142857142857143,0.2142857142857142,0.7857142857142857,11.4,Delayed,0,Senior,1,1,3.0781984814673318,1.619324052072315,1,Stable Contributors
35,1,Travel_Frequently,880,Sales,12,4,Other,4,Male,36,3,2,Sales Executive,4,Single,4581,10414,3,Yes,24,4,1,0,13,2,4,11,9,6,7,0.5454545454545454,0.8181818181818182,0.1818181818181818,0.6363636363636364,6.4,Delayed,0,Senior,1,1,2.4083138234771986,-0.6833861016511674,1,Stable Contributors
38,0,Travel_Frequently,1189,Research & Development,1,3,Life Sciences,4,Male,90,3,2,Research Scientist,4,Married,4735,9867,7,No,15,3,4,2,19,4,4,13,11,2,9,0.1538461538461538,0.8461538461538461,0.3076923076923077,0.6923076923076923,10.5,Moderate,0,Senior,0,1,1.868204984255697,1.2185358742539316,1,Stable Contributors
29,0,Travel_Rarely,991,Sales,5,3,Medical,1,Male,43,2,2,Sales Executive,2,Divorced,4187,3356,1,Yes,13,3,2,1,10,3,2,10,0,0,9,0.0,0.0,0.3,0.9,11.3,Recent,0,Senior,0,0,-0.34686835525323356,1.2038284460948374,2,Fast-track Performers
33,0,Travel_Rarely,392,Sales,2,4,Medical,4,Male,93,3,2,Sales Executive,4,Divorced,5505,3921,1,No,14,3,3,2,6,5,3,6,2,0,4,0.0,0.3333333333333333,0.8333333333333334,0.6666666666666666,13.4,Recent,0,Mid,0,0,-1.3150047886769178,1.3326859342808297,2,Fast-track Performers
32,0,Travel_Rarely,977,Research & Development,2,3,Medical,4,Male,45,3,2,Research Scientist,2,Divorced,5470,25518,0,No,13,3,3,2,10,4,2,9,5,1,6,0.1111111111111111,0.5555555555555556,0.4444444444444444,0.6666666666666666,11.3,Recent,0,Senior,0,0,0.12322427626261774,0.9605977957653491,1,Fast-track Performers
31,0,Travel_Rarely,1112,Sales,5,4,Life Sciences,1,Female,67,3,2,Sales Executive,4,Married,5476,22589,1,No,11,3,1,2,10,2,3,10,0,0,2,0.0,0.0,0.2,0.2,10.1,Recent,0,Senior,0,0,-1.444377827653536,0.840032460828754,2,Fast-track Performers
49,0,Travel_Rarely,464,Research & Development,16,3,Medical,4,Female,74,3,1,Laboratory Technician,1,Divorced,2587,24941,4,Yes,16,3,2,1,17,2,2,2,2,2,2,1.0,1.0,1.0,1.0,6.6,Moderate,0,Early,0,0,0.1852495472905456,-2.9198688929122305,1,Fast-track Performers
38,0,Travel_Frequently,148,Research & Development,2,3,Medical,4,Female,42,2,1,Laboratory Technician,2,Single,2440,23826,1,No,22,4,2,0,4,3,3,4,3,3,3,0.75,0.75,0.75,0.75,8.2,Moderate,0,Mid,0,0,0.06585513234604222,-1.7318360882334256,1,Fast-track Performers
47,0,Travel_Rarely,1225,Sales,2,4,Life Sciences,2,Female,47,4,4,Manager,2,Divorced,15972,21086,6,No,14,3,3,3,29,2,3,3,2,1,2,0.3333333333333333,0.6666666666666666,0.6666666666666666,0.6666666666666666,13.4,Recent,0,Mid,0,0,-0.5652773828233317,0.7283944935908286,2,Fast-track Performers
49,0,Travel_Rarely,809,Research & Development,1,3,Life Sciences,3,Male,36,3,4,Manager,3,Single,15379,22384,4,No,14,3,1,0,23,2,3,8,7,0,0,0.0,0.875,0.25,0.0,14.4,Recent,0,Senior,0,0,-0.48756315925289956,1.9976354206525502,2,Fast-track Performers
41,0,Travel_Rarely,1206,Sales,23,2,Life Sciences,4,Male,80,3,3,Sales Executive,3,Single,7082,11591,3,Yes,16,3,4,0,21,2,3,2,0,0,2,0.0,0.0,1.0,1.0,12.6,Recent,0,Early,0,0,-1.659615757208745,0.7656868774461969,2,Fast-track Performers
20,0,Travel_Rarely,727,Sales,9,1,Life Sciences,4,Male,54,3,1,Sales Representative,1,Single,2728,21082,1,No,11,3,1,0,2,3,3,2,2,0,2,0.0,1.0,1.5,1.0,9.1,Recent,0,Early,0,0,-1.0981997903652692,-0.9662889521050568,2,Fast-track Performers
33,0,Non-Travel,530,Sales,16,3,Life Sciences,3,Female,36,3,2,Sales Executive,4,Divorced,5368,16130,1,Yes,25,4,3,1,7,2,3,6,5,1,2,0.1666666666666666,0.8333333333333334,0.3333333333333333,0.3333333333333333,11.5,Recent,0,Mid,0,0,-0.3892956148429087,0.22480411532774436,2,Fast-track Performers
36,0,Travel_Rarely,1351,Research & Development,26,4,Life Sciences,1,Male,80,3,2,Healthcare Representative,3,Married,5347,7419,6,No,14,3,2,2,10,2,2,3,2,0,2,0.0,0.6666666666666666,0.6666666666666666,0.6666666666666666,10.4,Recent,0,Mid,0,0,-1.064954902134725,-0.05024015457350031,2,Fast-track Performers
44,0,Travel_Rarely,528,Human Resources,1,3,Life Sciences,3,Female,44,3,1,Human Resources,4,Divorced,3195,4167,4,Yes,18,3,1,3,8,2,3,2,2,2,2,1.0,1.0,1.0,1.0,6.800000000000001,Moderate,0,Early,0,0,0.17086358174614985,-2.8902839912460134,1,Fast-track Performers
23,1,Travel_Rarely,1320,Research & Development,8,1,Medical,4,Male,93,2,1,Laboratory Technician,3,Single,3989,20586,1,Yes,11,3,1,0,5,2,3,5,4,1,2,0.2,0.8,0.4,0.4,7.1,Recent,0,Mid,0,0,-0.41844390155842004,-1.0049712558062416,2,Fast-track Performers
38,0,Travel_Rarely,1495,Research & Development,4,2,Medical,4,Female,87,3,1,Laboratory Technician,3,Married,3306,26176,7,No,19,3,4,1,7,5,2,0,0,0,0,0.0,0.0,0.0,0.0,11.9,Recent,0,Early,0,0,-2.877652320587345,0.6477746154620976,2,Fast-track Performers
53,0,Travel_Rarely,1395,Research & Development,24,4,Medical,2,Male,48,4,3,Healthcare Representative,4,Married,7005,3458,3,No,15,3,3,0,11,2,3,4,3,1,2,0.25,0.75,0.5,0.5,11.5,Recent,0,Mid,0,0,-0.4979091258475887,0.28591323371334376,2,Fast-track Performers
48,1,Travel_Frequently,708,Sales,7,2,Medical,4,Female,95,3,1,Sales Representative,3,Married,2655,11740,2,Yes,11,3,3,2,19,3,3,9,7,7,7,0.7777777777777778,0.7777777777777778,0.3333333333333333,0.7777777777777778,2.1,Critical,0,Senior,1,1,2.402859583191381,-2.194493519699304,1,Stable Contributors
32,1,Travel_Rarely,1259,Research & Development,2,4,Life Sciences,4,Male,95,3,1,Laboratory Technician,2,Single,1393,24852,1,No,12,3,1,0,1,2,3,1,0,0,0,0.0,0.0,2.0,0.0,8.2,Recent,0,Early,0,0,-3.0197047444700273,-0.41577770866222236,2,Fast-track Performers
26,0,Non-Travel,786,Research & Development,7,3,Medical,4,Male,76,3,1,Laboratory Technician,4,Single,2570,11925,1,No,20,4,3,0,7,5,3,7,7,5,7,0.7142857142857143,1.0,0.7142857142857143,1.0,8.0,Delayed,0,Senior,1,1,1.6354438053577347,-1.1964618126456374,1,Stable Contributors
55,0,Travel_Rarely,1441,Research & Development,22,3,Technical Degree,1,Male,94,2,1,Research Scientist,2,Divorced,3537,23737,5,No,12,3,4,1,8,1,3,4,2,1,2,0.25,0.5,0.25,0.5,6.2,Recent,1,Mid,0,0,-0.6434863226781534,-1.3734785340073934,2,Fast-track Performers
34,0,Travel_Rarely,1157,Research & Development,5,2,Medical,2,Male,57,2,2,Laboratory Technician,4,Married,3986,11912,1,No,14,3,3,1,15,3,4,15,10,4,13,0.2666666666666666,0.6666666666666666,0.2,0.8666666666666667,7.4,Delayed,0,Veteran,0,1,2.9610772088076356,0.6591782730449569,1,Stable Contributors
60,0,Travel_Rarely,370,Research & Development,1,4,Medical,3,Male,92,1,3,Healthcare Representative,4,Divorced,10883,20467,3,No,20,4,3,1,19,2,4,1,0,0,0,0.0,0.0,2.0,0.0,14.0,Recent,0,Early,0,0,-3.0560238324714946,1.2754531063707664,2,Fast-track Performers
33,0,Travel_Rarely,267,Research & Development,21,3,Medical,2,Male,79,4,1,Laboratory Technician,2,Married,2028,13637,1,No,18,3,4,3,14,6,3,14,11,2,13,0.1428571428571428,0.7857142857142857,0.4285714285714285,0.9285714285714286,10.8,Moderate,0,Senior,0,1,2.1338829424457453,1.3637721702727068,1,Stable Contributors
37,0,Travel_Frequently,1278,Sales,1,4,Medical,3,Male,31,1,2,Sales Executive,4,Divorced,9525,7677,1,No,14,3,3,2,6,2,2,6,3,1,3,0.1666666666666666,0.5,0.3333333333333333,0.5,9.4,Recent,0,Mid,0,0,-0.46582290177724417,-0.008041184228701453,2,Fast-track Performers
34,0,Travel_Rarely,678,Research & Development,19,3,Life Sciences,2,Female,35,2,1,Research Scientist,4,Married,2929,20338,1,No,12,3,2,0,10,3,3,10,9,8,7,0.8,0.9,0.3,0.7,1.1999999999999993,Critical,0,Senior,1,1,2.9340231505035455,-2.289211870536289,1,Stable Contributors
23,1,Travel_Rarely,427,Sales,7,3,Life Sciences,3,Male,99,3,1,Sales Representative,4,Divorced,2275,25103,1,Yes,21,4,2,1,3,2,3,3,2,0,2,0.0,0.6666666666666666,0.6666666666666666,0.6666666666666666,10.1,Recent,0,Mid,0,0,-1.2338129102111353,-0.5112518404291754,2,Fast-track Performers
44,0,Travel_Rarely,921,Research & Development,2,3,Life Sciences,3,Female,96,4,3,Healthcare Representative,4,Married,7879,14810,1,Yes,19,3,2,1,9,2,3,8,7,6,7,0.75,0.875,0.25,0.875,6.9,Delayed,0,Senior,1,1,2.454355337140596,-0.882570120831003,1,Stable Contributors
35,0,Travel_Frequently,146,Research & Development,2,4,Medical,1,Male,79,2,1,Research Scientist,4,Single,4930,13970,0,Yes,14,3,3,0,6,2,4,5,4,1,4,0.2,0.8,0.4,0.8,7.4,Recent,0,Mid,0,0,0.06016566656772904,-1.053810298469296,2,Fast-track Performers
43,0,Travel_Rarely,1179,Sales,2,3,Medical,4,Male,73,3,2,Sales Executive,4,Married,7847,6069,1,Yes,17,3,1,1,10,3,3,10,9,8,8,0.8,0.9,0.3,0.8,3.6999999999999993,Critical,0,Senior,1,1,3.1266070404082478,-1.498132305072766,1,Stable Contributors
24,0,Travel_Rarely,581,Research & Development,9,3,Medical,3,Male,62,4,1,Research Scientist,3,Married,4401,17616,1,No,16,3,4,1,5,1,3,5,3,0,4,0.0,0.6,0.2,0.8,7.6,Recent,1,Mid,0,0,-0.3306290598096657,-0.7815733368511689,2,Fast-track Performers
41,0,Travel_Rarely,918,Sales,6,3,Marketing,4,Male,35,3,3,Sales Executive,3,Single,9241,15869,1,No,12,3,2,0,10,3,3,10,8,8,7,0.8,0.8,0.3,0.7,5.199999999999999,Critical,0,Senior,1,1,2.8451567436845178,-0.8514823085594866,1,Stable Contributors
29,0,Travel_Rarely,1082,Research & Development,9,4,Medical,4,Female,43,3,1,Laboratory Technician,3,Married,2974,25412,9,No,17,3,3,1,9,2,3,5,3,1,2,0.2,0.6,0.4,0.4,7.699999999999999,Recent,0,Mid,0,0,-0.7118162425107611,-0.8421052473526216,2,Fast-track Performers
36,0,Travel_Rarely,530,Sales,2,4,Life Sciences,3,Female,51,3,2,Sales Representative,4,Single,4502,7439,3,No,15,3,3,0,17,2,2,13,7,6,7,0.4615384615384615,0.5384615384615384,0.1538461538461538,0.5384615384615384,4.5,Delayed,0,Senior,1,1,2.1428533799080114,-0.6213960011194182,1,Stable Contributors
45,0,Non-Travel,1238,Research & Development,1,1,Life Sciences,3,Male,74,2,3,Healthcare Representative,3,Married,10748,3395,3,No,23,4,4,1,25,3,2,23,15,14,4,0.6086956521739131,0.6521739130434783,0.1304347826086956,0.1739130434782608,1.3000000000000007,Critical,0,Veteran,1,1,4.601191100866323,-0.23690372964443043,1,Stable Contributors
24,1,Travel_Rarely,240,Human Resources,22,1,Human Resources,4,Male,58,1,1,Human Resources,3,Married,1555,11585,1,No,11,3,3,1,1,2,3,1,0,0,0,0.0,0.0,2.0,0.0,8.1,Recent,0,Early,0,0,-3.0125117616978296,-0.43057015949533073,2,Fast-track Performers
47,1,Travel_Frequently,1093,Sales,9,3,Life Sciences,3,Male,82,1,4,Sales Executive,3,Married,12936,24164,7,No,11,3,3,0,25,3,1,23,5,14,10,0.6086956521739131,0.217391304347826,0.1304347826086956,0.4347826086956521,1.0999999999999996,Critical,0,Veteran,1,1,4.2320491136930585,0.13260378451816845,1,Stable Contributors
26,0,Travel_Rarely,390,Research & Development,17,4,Medical,4,Male,62,1,1,Laboratory Technician,3,Married,2305,6217,1,No,15,3,3,3,3,3,4,3,2,0,2,0.0,0.6666666666666666,1.0,0.6666666666666666,9.5,Recent,0,Mid,0,0,-1.3559262142266817,-0.4569534339434523,2,Fast-track Performers
45,0,Travel_Rarely,1005,Research & Development,28,2,Technical Degree,4,Female,48,2,4,Research Director,2,Single,16704,17119,1,No,11,3,3,0,21,2,3,21,6,8,6,0.3809523809523809,0.2857142857142857,0.0952380952380952,0.2857142857142857,6.1,Critical,0,Veteran,1,1,2.5543613342868565,1.0608006289214025,1,Stable Contributors
32,0,Travel_Frequently,585,Research & Development,10,3,Life Sciences,1,Male,56,3,1,Research Scientist,3,Married,3433,17360,6,No,13,3,1,1,10,3,2,5,2,1,3,0.2,0.4,0.6,0.6,8.3,Recent,0,Mid,0,0,-0.8773392706910947,-0.5766253336654366,2,Fast-track Performers
31,0,Travel_Rarely,741,Research & Development,2,4,Life Sciences,2,Male,69,3,1,Laboratory Technician,3,Married,3477,18103,1,No,14,3,4,1,6,2,4,5,2,0,3,0.0,0.4,0.4,0.6,8.4,Recent,0,Mid,0,0,-1.0107265699771377,-0.39329212633538707,2,Fast-track Performers
41,0,Non-Travel,552,Human Resources,4,3,Human Resources,3,Male,60,1,2,Human Resources,2,Married,6430,20794,6,No,19,3,2,1,10,4,3,3,2,1,2,0.3333333333333333,0.6666666666666666,1.3333333333333333,0.6666666666666666,11.9,Recent,0,Mid,0,0,-1.1687989553238383,-0.04065471264974972,2,Fast-track Performers
40,0,Travel_Rarely,369,Research & Development,8,2,Life Sciences,2,Female,92,3,2,Manufacturing Director,1,Married,6516,5041,2,Yes,16,3,2,1,18,3,3,1,0,0,0,0.0,0.0,3.0,0.0,11.6,Recent,0,Early,0,0,-3.4542316789773304,0.6160081078522823,2,Fast-track Performers
24,0,Travel_Rarely,506,Research & Development,29,1,Medical,2,Male,91,3,1,Laboratory Technician,1,Divorced,3907,3622,1,No,13,3,2,3,6,2,4,6,2,1,2,0.1666666666666666,0.3333333333333333,0.3333333333333333,0.3333333333333333,7.300000000000001,Recent,0,Mid,0,0,-0.9600771921590321,-0.6521276841694541,2,Fast-track Performers
46,0,Travel_Rarely,717,Research & Development,13,4,Life Sciences,3,Male,34,3,2,Healthcare Representative,2,Single,5562,9697,6,No,14,3,4,0,19,3,3,10,7,0,9,0.0,0.7,0.3,0.9,11.4,Recent,0,Senior,0,1,0.9200857229944164,1.1292808633495808,1,Stable Contributors
35,0,Travel_Rarely,1370,Research & Development,27,4,Life Sciences,4,Male,49,3,2,Manufacturing Director,3,Married,6883,5151,2,No,16,3,2,1,17,3,3,7,7,0,7,0.0,1.0,0.4285714285714285,1.0,11.6,Recent,0,Senior,0,1,0.7169626608522222,0.6506873828556996,1,Stable Contributors
30,0,Travel_Rarely,793,Research & Development,16,1,Life Sciences,2,Male,33,3,1,Research Scientist,4,Married,2862,3811,1,No,12,3,2,1,10,2,2,10,0,0,8,0.0,0.0,0.2,0.8,8.2,Recent,0,Senior,0,0,-0.406319094474912,0.17014532932012205,2,Fast-track Performers
47,0,Non-Travel,543,Sales,2,4,Marketing,3,Male,87,3,2,Sales Executive,2,Married,4978,3536,7,No,11,3,4,1,4,3,1,1,0,0,0,0.0,0.0,3.0,0.0,11.1,Recent,0,Early,0,0,-3.4182667651163414,0.5420458536867402,2,Fast-track Performers
46,0,Travel_Rarely,1277,Sales,2,3,Life Sciences,3,Male,74,3,3,Sales Executive,4,Divorced,10368,5596,4,Yes,12,3,2,1,13,5,2,10,6,0,3,0.0,0.6,0.5,0.3,15.2,Recent,0,Senior,0,0,-0.6166111996727617,2.4006851152521205,2,Fast-track Performers
36,1,Travel_Rarely,1456,Sales,13,5,Marketing,2,Male,96,2,2,Sales Executive,1,Divorced,6134,8658,5,Yes,13,3,2,3,16,3,3,2,2,2,2,1.0,1.0,1.5,1.0,9.3,Moderate,0,Early,0,0,-0.037578050813737524,-1.9684965147405555,1,Fast-track Performers
32,1,Travel_Rarely,964,Sales,1,2,Life Sciences,1,Male,34,1,2,Sales Executive,2,Single,6735,12147,6,No,15,3,2,0,10,2,3,0,0,0,0,0.0,0.0,0.0,0.0,10.5,Recent,0,Early,0,0,-2.413396917432642,0.3818878677239496,2,Fast-track Performers
23,0,Travel_Rarely,160,Research & Development,4,1,Medical,3,Female,51,3,1,Laboratory Technician,2,Single,3295,12862,1,No,13,3,3,0,3,3,1,3,2,1,2,0.3333333333333333,0.6666666666666666,1.0,0.6666666666666666,8.3,Recent,0,Mid,0,0,-0.9350173312689863,-1.1328703874823767,2,Fast-track Performers
31,0,Travel_Frequently,163,Research & Development,24,1,Technical Degree,4,Female,30,3,2,Manufacturing Director,4,Single,5238,6670,2,No,20,4,4,0,9,3,2,5,4,1,4,0.2,0.8,0.6,0.8,12.0,Recent,0,Mid,0,0,-0.20251953000973189,0.19249887602479623,2,Fast-track Performers
39,0,Non-Travel,792,Research & Development,1,3,Life Sciences,4,Male,77,3,2,Laboratory Technician,4,Married,6472,8989,1,Yes,15,3,4,1,9,2,3,9,8,5,8,0.5555555555555556,0.8888888888888888,0.2222222222222222,0.8888888888888888,5.5,Delayed,0,Senior,1,1,2.4394279020028016,-1.0542234494375202,1,Stable Contributors
32,0,Travel_Rarely,371,Sales,19,3,Life Sciences,4,Male,80,1,3,Sales Executive,3,Married,9610,3840,3,No,13,3,3,1,10,2,1,4,3,0,2,0.0,0.75,0.5,0.5,12.3,Recent,0,Mid,0,0,-0.8361999353864227,0.78975745627613,2,Fast-track Performers
40,0,Travel_Rarely,611,Sales,7,4,Medical,2,Male,88,3,5,Manager,2,Single,19833,4349,1,No,14,3,2,0,21,3,2,21,8,12,8,0.5714285714285714,0.3809523809523809,0.1428571428571428,0.3809523809523809,5.399999999999999,Critical,0,Veteran,1,1,3.9071656508294583,1.1866072748015017,1,Stable Contributors
45,0,Travel_Rarely,176,Human Resources,4,3,Life Sciences,3,Female,56,1,3,Human Resources,3,Married,9756,6595,4,No,21,4,3,2,9,2,4,5,0,0,3,0.0,0.0,0.4,0.6,14.1,Recent,0,Mid,0,0,-1.5402815638447147,1.4313688447744315,2,Fast-track Performers
30,0,Travel_Frequently,1312,Research & Development,2,4,Technical Degree,4,Female,78,2,1,Research Scientist,1,Single,4968,26427,0,No,16,3,4,0,10,2,3,9,7,0,7,0.0,0.7777777777777778,0.2222222222222222,0.7777777777777778,8.6,Recent,0,Senior,0,1,0.691852840637032,-0.004987490473389534,1,Stable Contributors
24,0,Travel_Frequently,897,Human Resources,10,3,Medical,1,Male,59,3,1,Human Resources,4,Married,2145,2097,0,No,14,3,4,1,3,2,3,2,2,2,1,1.0,1.0,1.0,0.5,6.4,Moderate,0,Early,0,0,-0.2548270116006096,-2.7491191204152985,1,Fast-track Performers
30,1,Travel_Frequently,600,Human Resources,8,3,Human Resources,3,Female,66,2,1,Human Resources,4,Divorced,2180,9732,6,No,11,3,3,1,6,0,2,4,2,1,2,0.25,0.5,0.0,0.5,5.1,Recent,1,Mid,0,0,-0.4259837210348496,-1.683104224237448,2,Fast-track Performers
31,0,Travel_Rarely,1003,Sales,5,3,Technical Degree,1,Male,51,3,2,Sales Executive,3,Married,8346,20943,1,No,19,3,3,1,6,3,3,5,2,0,2,0.0,0.4,0.6,0.4,11.9,Recent,0,Mid,0,0,-1.4443832142817936,0.7369082865757025,2,Fast-track Performers
27,0,Travel_Rarely,1054,Research & Development,8,3,Medical,3,Female,67,3,1,Research Scientist,4,Single,3445,6152,1,No,11,3,3,0,6,5,2,6,2,1,4,0.1666666666666666,0.3333333333333333,0.8333333333333334,0.6666666666666666,10.1,Recent,0,Mid,0,0,-1.0411725085562118,0.1552990351776875,2,Fast-track Performers
29,1,Travel_Rarely,428,Sales,9,3,Marketing,2,Female,52,1,1,Sales Representative,2,Single,2760,14630,1,No,13,3,3,0,2,3,3,2,2,2,2,1.0,1.0,1.5,1.0,7.300000000000001,Moderate,0,Early,0,0,-0.08415535176278446,-2.6809798647590743,1,Fast-track Performers
29,0,Travel_Frequently,461,Research & Development,1,3,Life Sciences,4,Male,70,4,2,Healthcare Representative,3,Single,6294,23060,8,Yes,12,3,4,0,10,5,4,3,2,0,2,0.0,0.6666666666666666,1.6666666666666667,0.6666666666666666,13.2,Recent,0,Mid,0,0,-1.762172021702465,0.7931078032066567,2,Fast-track Performers
30,0,Travel_Rarely,979,Sales,15,2,Marketing,3,Male,94,2,3,Sales Executive,1,Divorced,7140,3088,2,No,11,3,1,1,12,2,3,7,7,1,7,0.1428571428571428,1.0,0.2857142857142857,1.0,11.1,Recent,0,Senior,0,1,1.258685845835582,0.6011497968770049,1,Stable Contributors
34,0,Travel_Rarely,181,Research & Development,2,4,Medical,4,Male,97,4,1,Research Scientist,4,Married,2932,5586,0,Yes,14,3,1,3,6,3,3,5,0,1,2,0.2,0.0,0.6,0.4,8.4,Recent,0,Mid,0,0,-1.6350554003229718,-0.3670020783411994,2,Fast-track Performers
33,0,Non-Travel,1283,Sales,2,3,Marketing,4,Female,62,3,2,Sales Executive,2,Single,5147,10697,8,No,15,3,4,0,13,2,2,11,7,1,7,0.0909090909090909,0.6363636363636364,0.1818181818181818,0.6363636363636364,9.5,Recent,0,Senior,0,1,0.9439393138314243,0.63936465157892,1,Stable Contributors
49,0,Travel_Rarely,1313,Sales,11,4,Marketing,4,Female,80,3,2,Sales Executive,4,Single,4507,8191,3,No,12,3,3,0,8,1,4,5,1,0,4,0.0,0.2,0.2,0.8,9.2,Recent,1,Mid,0,0,-0.7557087164101353,0.019962816744854416,2,Fast-track Performers
33,1,Travel_Rarely,211,Sales,16,3,Life Sciences,1,Female,74,3,3,Sales Executive,1,Single,8564,10092,2,Yes,20,4,3,0,11,2,2,0,0,0,0,0.0,0.0,0.0,0.0,14.0,Recent,0,Early,0,0,-2.4747143580665623,1.3162579802390946,2,Fast-track Performers
38,0,Travel_Frequently,594,Research & Development,2,2,Medical,3,Female,75,2,1,Laboratory Technician,2,Married,2468,15963,4,No,14,3,2,1,9,4,2,6,1,0,5,0.0,0.1666666666666666,0.6666666666666666,0.8333333333333334,10.4,Recent,0,Mid,0,0,-1.1782605062864786,0.3456480702728062,2,Fast-track Performers
31,1,Travel_Rarely,1079,Sales,16,4,Marketing,1,Male,70,3,3,Sales Executive,3,Married,8161,19002,2,No,13,3,1,3,10,2,3,1,0,0,0,0.0,0.0,2.0,0.0,12.3,Recent,0,Early,0,0,-2.9337431253441313,1.0239814422079232,2,Fast-track Performers
29,0,Travel_Rarely,590,Research & Development,4,3,Technical Degree,4,Female,91,2,1,Research Scientist,1,Divorced,2109,10007,1,No,13,3,3,1,1,2,3,1,0,0,0,0.0,0.0,2.0,0.0,8.3,Recent,0,Early,0,0,-3.026897727242225,-0.4009852578291137,2,Fast-track Performers
30,0,Travel_Rarely,305,Research & Development,16,3,Life Sciences,3,Male,58,4,2,Healthcare Representative,3,Married,5294,9128,3,No,16,3,3,1,10,3,3,7,0,1,7,0.1428571428571428,0.0,0.4285714285714285,1.0,10.6,Recent,0,Senior,0,0,-0.4783186863148702,0.5358045237211481,2,Fast-track Performers
32,0,Non-Travel,953,Research & Development,5,4,Technical Degree,2,Male,65,3,1,Research Scientist,2,Single,2718,17674,2,No,14,3,2,0,12,3,3,7,7,0,7,0.0,1.0,0.4285714285714285,1.0,9.4,Recent,0,Senior,0,1,0.6847713254475709,-0.09138086882903551,1,Stable Contributors
38,0,Travel_Rarely,833,Research & Development,18,3,Medical,2,Male,60,1,2,Healthcare Representative,4,Married,5811,24539,3,Yes,16,3,3,1,15,2,3,1,0,1,0,1.0,0.0,2.0,0.0,9.6,Recent,0,Early,0,0,-2.164607318555911,-1.1936800283336153,1,Fast-track Performers
43,1,Travel_Frequently,807,Research & Development,17,3,Technical Degree,3,Male,38,2,1,Research Scientist,3,Married,2437,15587,9,Yes,16,3,4,1,6,4,3,1,0,0,0,0.0,0.0,4.0,0.0,10.6,Recent,0,Early,0,0,-3.953141284293936,0.1636574209973164,2,Fast-track Performers
42,0,Travel_Rarely,855,Research & Development,12,3,Medical,2,Male,57,3,1,Laboratory Technician,2,Divorced,2766,8952,8,No,22,4,2,3,7,6,2,5,3,0,4,0.0,0.6,1.2,0.8,14.2,Recent,0,Mid,0,0,-1.4165906500215433,0.9408389322077617,2,Fast-track Performers
55,0,Travel_Rarely,478,Research & Development,2,3,Medical,3,Male,60,2,5,Research Director,1,Married,19038,19805,8,No,12,3,2,3,34,2,3,1,0,0,0,0.0,0.0,2.0,0.0,16.2,Recent,0,Early,0,0,-2.83339554067384,2.434155691411851,2,Fast-track Performers
33,0,Non-Travel,775,Research & Development,4,3,Technical Degree,4,Male,90,3,2,Research Scientist,2,Divorced,3055,6194,5,No,15,3,4,2,11,2,2,9,8,1,7,0.1111111111111111,0.8888888888888888,0.2222222222222222,0.7777777777777778,9.5,Recent,0,Senior,0,1,1.1981543860087365,0.3278664751144029,1,Stable Contributors
41,0,Travel_Rarely,548,Research & Development,9,4,Life Sciences,3,Male,94,3,1,Laboratory Technician,1,Divorced,2289,20520,1,No,20,4,2,2,5,2,3,5,3,0,4,0.0,0.6,0.4,0.8,10.0,Recent,0,Mid,0,0,-0.625505591791778,-0.2773324140418116,2,Fast-track Performers
34,0,Non-Travel,1375,Sales,10,3,Life Sciences,4,Male,87,3,2,Sales Executive,3,Divorced,4001,12313,1,Yes,14,3,3,1,15,3,3,15,14,0,7,0.0,0.9333333333333332,0.2,0.4666666666666667,11.4,Recent,0,Veteran,0,1,1.705792108954693,1.6998073955594886,1,Stable Contributors
53,0,Non-Travel,661,Research & Development,1,4,Medical,1,Female,60,2,4,Manufacturing Director,3,Married,12965,22308,4,Yes,20,4,4,3,27,2,2,3,2,0,2,0.0,0.6666666666666666,0.6666666666666666,0.6666666666666666,16.0,Recent,0,Mid,0,0,-1.086888024591797,1.6114057587932713,2,Fast-track Performers
43,0,Travel_Rarely,244,Human Resources,2,3,Life Sciences,2,Male,97,3,1,Human Resources,4,Single,3539,5033,0,No,13,3,2,0,10,5,3,9,7,1,8,0.1111111111111111,0.7777777777777778,0.5555555555555556,0.8888888888888888,10.3,Recent,0,Senior,0,1,0.6694338822330639,0.508095783042127,1,Stable Contributors
34,0,Travel_Rarely,511,Sales,3,2,Life Sciences,4,Female,32,1,2,Sales Executive,4,Single,6029,25353,5,No,12,3,1,0,6,3,3,2,2,2,2,1.0,1.0,1.5,1.0,9.2,Moderate,0,Early,0,0,-0.03038506804153958,-1.9832889655736643,1,Fast-track Performers
21,1,Travel_Rarely,337,Sales,7,1,Marketing,2,Male,31,3,1,Sales Representative,2,Single,2679,4567,1,No,13,3,2,0,1,3,3,1,0,1,0,1.0,0.0,3.0,0.0,8.3,Recent,0,Early,0,0,-2.6419379755559222,-1.6904080676879065,2,Fast-track Performers
38,0,Travel_Rarely,1153,Research & Development,6,2,Other,4,Female,40,2,1,Laboratory Technician,3,Married,3702,16376,1,No,11,3,2,1,5,3,3,5,4,0,4,0.0,0.8,0.6,0.8,9.1,Recent,0,Mid,0,0,-0.43279924797220737,-0.3353536721800022,2,Fast-track Performers
22,1,Travel_Rarely,1294,Research & Development,8,1,Medical,3,Female,79,3,1,Laboratory Technician,1,Married,2398,15999,1,Yes,17,3,3,0,1,6,3,1,0,0,0,0.0,0.0,6.0,0.0,12.7,Recent,0,Early,0,0,-4.864998875801252,0.6987151981575297,2,Fast-track Performers
31,0,Travel_Rarely,196,Sales,29,4,Marketing,1,Female,91,2,2,Sales Executive,4,Married,5468,13402,1,No,14,3,1,2,13,3,3,12,7,5,7,0.4166666666666667,0.5833333333333334,0.25,0.5833333333333334,6.4,Delayed,0,Senior,1,1,1.7663331661730006,-0.18097433955514494,1,Stable Contributors
51,0,Travel_Rarely,942,Research & Development,3,3,Technical Degree,1,Female,53,3,3,Manager,3,Married,13116,22984,2,No,11,3,4,0,15,2,3,2,2,2,2,1.0,1.0,1.0,1.0,10.1,Moderate,0,Early,0,0,0.3143690630496287,-1.568864447040736,1,Fast-track Performers
37,0,Travel_Rarely,589,Sales,9,2,Marketing,2,Male,46,2,2,Sales Executive,2,Married,4189,8800,1,No,14,3,1,2,5,2,3,5,2,0,3,0.0,0.4,0.4,0.6,10.4,Recent,0,Mid,0,0,-0.9641492690280908,0.31919122368313124,2,Fast-track Performers
46,0,Travel_Rarely,734,Research & Development,2,4,Medical,3,Male,46,3,5,Research Director,4,Divorced,19328,14218,7,Yes,17,3,3,1,24,3,3,2,1,2,2,1.0,0.5,1.5,1.0,15.7,Moderate,0,Early,0,0,-0.3814128301806402,0.48627996664801104,2,Fast-track Performers
36,0,Travel_Rarely,1383,Research & Development,10,3,Life Sciences,4,Male,90,3,3,Healthcare Representative,1,Married,8321,25949,7,Yes,13,3,4,1,15,1,3,12,8,5,7,0.4166666666666667,0.6666666666666666,0.0833333333333333,0.5833333333333334,6.300000000000001,Delayed,1,Senior,1,1,2.303812485754816,-0.09091051917681273,1,Stable Contributors
44,1,Travel_Frequently,429,Research & Development,1,2,Medical,3,Male,99,3,1,Research Scientist,2,Divorced,2342,11092,1,Yes,12,3,3,3,6,2,2,5,3,2,3,0.4,0.6,0.4,0.6,6.199999999999999,Moderate,0,Mid,0,0,-0.10538798074321304,-1.4283630667421336,1,Fast-track Performers
37,0,Travel_Rarely,1239,Human Resources,8,2,Other,3,Male,89,3,2,Human Resources,2,Divorced,4071,12832,2,No,13,3,3,0,19,4,2,10,0,4,7,0.4,0.0,0.4,0.7,8.3,Delayed,0,Senior,0,0,0.15029843289807499,0.17551846029819818,2,Fast-track Performers
35,1,Travel_Rarely,303,Sales,27,3,Life Sciences,3,Male,84,3,2,Sales Executive,4,Single,5813,13492,1,Yes,18,3,4,0,10,2,3,10,7,7,7,0.7,0.7,0.2,0.7,3.8000000000000007,Critical,0,Senior,1,1,2.4795519002678743,-1.4340175918128777,1,Stable Contributors
33,0,Travel_Rarely,867,Research & Development,8,4,Life Sciences,4,Male,90,4,1,Research Scientist,1,Married,3143,6076,6,No,19,3,2,1,14,1,3,10,8,7,6,0.7,0.8,0.1,0.6,0.9000000000000004,Critical,1,Senior,1,1,2.587736204218922,-2.4508786688611424,1,Stable Contributors
28,0,Travel_Rarely,1181,Research & Development,1,3,Life Sciences,3,Male,82,3,1,Research Scientist,4,Married,2044,5531,1,No,11,3,3,1,5,6,4,5,3,0,3,0.0,0.6,1.2,0.6,12.1,Recent,0,Mid,0,0,-1.5156322700267602,0.6768056622936744,2,Fast-track Performers
39,0,Travel_Rarely,1253,Research & Development,10,1,Medical,3,Male,65,3,3,Research Director,3,Single,13464,7914,7,No,21,4,3,0,9,3,3,4,3,2,2,0.5,0.75,0.75,0.5,13.1,Moderate,0,Mid,0,0,-0.47062969399063054,0.28399656221102215,2,Fast-track Performers
46,0,Non-Travel,849,Sales,26,2,Life Sciences,2,Male,98,2,2,Sales Executive,2,Single,7991,25166,8,No,15,3,3,0,6,3,3,2,2,2,2,1.0,1.0,1.5,1.0,9.5,Moderate,0,Early,0,0,-0.05196401635813316,-1.9389116130743387,1,Fast-track Performers
40,0,Travel_Rarely,616,Research & Development,2,2,Life Sciences,3,Female,99,3,1,Laboratory Technician,1,Married,3377,25605,4,No,17,3,4,1,7,5,2,4,3,0,2,0.0,0.75,1.25,0.5,11.7,Recent,0,Mid,0,0,-1.589055324986626,0.3084602777623656,2,Fast-track Performers
42,0,Travel_Rarely,1128,Research & Development,13,3,Medical,2,Male,95,4,2,Healthcare Representative,1,Married,5538,5696,5,No,18,3,3,2,10,2,2,0,0,0,0,0.0,0.0,0.0,0.0,10.8,Recent,0,Early,0,0,-2.4349758657492355,0.4262652202232751,2,Fast-track Performers
35,0,Non-Travel,1180,Research & Development,2,2,Medical,2,Male,90,3,2,Manufacturing Director,4,Divorced,5762,24442,2,No,14,3,3,1,15,6,3,7,7,1,7,0.1428571428571428,1.0,0.8571428571428571,1.0,13.4,Recent,0,Senior,0,1,0.487589798512062,1.1322056576503934,1,Stable Contributors
38,0,Non-Travel,1336,Human Resources,2,3,Human Resources,1,Male,100,3,1,Human Resources,2,Divorced,2592,7129,5,No,13,3,4,3,13,3,3,11,10,3,8,0.2727272727272727,0.9090909090909092,0.2727272727272727,0.7272727272727273,6.300000000000001,Moderate,0,Senior,0,1,1.9557790350008575,-0.44854882864733725,1,Stable Contributors
34,1,Travel_Frequently,234,Research & Development,9,4,Life Sciences,4,Male,93,3,2,Laboratory Technician,1,Married,5346,6208,4,No,17,3,3,1,11,3,2,7,1,0,7,0.0,0.1428571428571428,0.4285714285714285,1.0,11.7,Recent,0,Senior,0,0,-0.5577109229136439,0.8998101406522142,2,Fast-track Performers
37,1,Travel_Rarely,370,Research & Development,10,4,Medical,4,Male,58,3,2,Manufacturing Director,1,Single,4213,4992,1,No,15,3,2,0,10,4,1,10,3,0,8,0.0,0.3,0.4,0.8,12.5,Recent,0,Senior,0,0,-0.15906787923472596,1.4922641553059168,1,Fast-track Performers
39,0,Travel_Frequently,766,Sales,20,3,Life Sciences,3,Male,83,3,2,Sales Executive,4,Divorced,4127,19188,2,No,18,3,4,1,7,6,3,2,1,2,2,1.0,0.5,3.0,1.0,12.8,Moderate,0,Early,0,0,-1.4012892579097493,-0.7865784906169904,2,Fast-track Performers
43,0,Non-Travel,343,Research & Development,9,3,Life Sciences,1,Male,52,3,1,Research Scientist,3,Single,2438,24978,4,No,13,3,3,0,7,2,2,3,2,1,2,0.3333333333333333,0.6666666666666666,0.6666666666666666,0.6666666666666666,7.300000000000001,Recent,0,Mid,0,0,-0.6978163028982746,-1.4238480072978346,2,Fast-track Performers
41,0,Travel_Rarely,447,Research & Development,5,3,Life Sciences,2,Male,85,4,2,Healthcare Representative,2,Single,6870,15530,3,No,12,3,1,0,11,3,1,3,2,1,2,0.3333333333333333,0.6666666666666666,1.0,0.6666666666666666,10.2,Recent,0,Mid,0,0,-0.8812470475477415,-0.435179488296967,2,Fast-track Performers
41,0,Travel_Rarely,796,Sales,4,1,Marketing,3,Female,81,3,3,Sales Executive,3,Divorced,10447,26458,0,Yes,13,3,4,1,23,3,4,22,14,13,5,0.5909090909090909,0.6363636363636364,0.1363636363636363,0.2272727272727272,0.3000000000000007,Critical,0,Veteran,1,1,4.502011669634966,-0.3762916109080466,1,Stable Contributors
30,0,Travel_Rarely,1092,Research & Development,10,3,Medical,1,Female,64,3,3,Manufacturing Director,3,Single,9667,2739,9,No,14,3,2,0,9,3,3,7,7,0,2,0.0,1.0,0.4285714285714285,0.2857142857142857,13.4,Recent,0,Senior,0,0,-0.27790891974768756,1.4202206509406565,2,Fast-track Performers
26,1,Travel_Rarely,920,Human Resources,20,2,Medical,4,Female,69,3,1,Human Resources,2,Married,2148,6889,0,Yes,11,3,3,0,6,3,3,5,1,1,4,0.2,0.2,0.6,0.8,8.1,Recent,0,Mid,0,0,-0.8630734912444815,-0.5787071294578742,2,Fast-track Performers
46,1,Travel_Rarely,261,Research & Development,21,2,Medical,4,Female,66,3,2,Healthcare Representative,2,Married,8926,10842,4,No,22,4,4,1,13,2,4,9,7,3,7,0.3333333333333333,0.7777777777777778,0.2222222222222222,0.7777777777777778,9.2,Moderate,0,Senior,0,1,1.4121420308302517,-0.09159766159362173,1,Stable Contributors
40,0,Travel_Rarely,1194,Research & Development,1,3,Life Sciences,3,Female,52,3,2,Healthcare Representative,4,Divorced,6513,9060,4,No,17,3,4,1,12,3,3,5,3,0,3,0.0,0.6,0.6,0.6,11.7,Recent,0,Mid,0,0,-0.929688546196873,0.5866038838733262,2,Fast-track Performers
34,0,Travel_Rarely,810,Sales,8,2,Technical Degree,2,Male,92,4,2,Sales Executive,3,Married,6799,22128,1,No,21,4,3,2,10,5,3,10,8,4,8,0.4,0.8,0.5,0.8,11.1,Delayed,0,Senior,0,1,1.4970592337803126,0.6460869956991064,1,Stable Contributors
58,0,Non-Travel,350,Sales,2,3,Medical,2,Male,52,3,4,Manager,2,Divorced,16291,22577,4,No,22,4,4,1,37,0,2,16,9,14,14,0.875,0.5625,0.0,0.875,0.1999999999999993,Critical,1,Veteran,1,1,5.68141159007584,-1.212277520803298,1,Stable Contributors
35,0,Travel_Rarely,185,Research & Development,23,4,Medical,2,Male,91,1,1,Laboratory Technician,3,Married,2705,9696,0,No,16,3,2,1,6,2,4,5,4,0,3,0.0,0.8,0.4,0.6,8.6,Recent,0,Mid,0,0,-0.5246836468832257,-0.5119298315791092,2,Fast-track Performers
47,0,Travel_Rarely,1001,Research & Development,4,3,Life Sciences,3,Female,92,2,3,Manufacturing Director,2,Divorced,10333,19271,8,Yes,12,3,3,1,28,4,3,22,11,14,10,0.6363636363636364,0.5,0.1818181818181818,0.4545454545454545,0.1999999999999993,Critical,0,Veteran,1,1,4.8750046049395355,-0.24226940948149325,1,Stable Contributors
40,0,Travel_Rarely,750,Research & Development,12,3,Life Sciences,2,Female,47,3,2,Healthcare Representative,1,Divorced,4448,10748,2,No,12,3,2,1,15,3,3,7,4,7,7,1.0,0.5714285714285714,0.4285714285714285,1.0,4.199999999999999,Critical,0,Senior,1,1,2.0961164360561555,-2.0091947878047094,1,Stable Contributors
54,0,Travel_Rarely,431,Research & Development,7,4,Medical,4,Female,68,3,2,Research Scientist,4,Married,6854,15696,4,No,15,3,2,1,14,2,2,7,1,1,7,0.1428571428571428,0.1428571428571428,0.2857142857142857,1.0,9.5,Recent,0,Senior,0,0,-0.08414398719592453,0.1821665571543265,2,Fast-track Performers
31,0,Travel_Frequently,1125,Sales,7,4,Marketing,1,Female,68,3,3,Sales Executive,1,Married,9637,8277,2,No,14,3,4,2,9,3,3,3,2,2,2,0.6666666666666666,0.6666666666666666,1.0,0.6666666666666666,11.4,Moderate,0,Mid,0,0,-0.4425327947297905,-0.3394432884849394,2,Fast-track Performers
28,0,Travel_Rarely,1217,Research & Development,1,3,Medical,3,Female,67,3,1,Research Scientist,1,Married,3591,12719,1,No,25,4,3,1,3,3,3,3,2,1,2,0.3333333333333333,0.6666666666666666,1.0,0.6666666666666666,10.5,Recent,0,Mid,0,0,-1.093262952257339,-0.8074364691539913,2,Fast-track Performers
38,0,Travel_Rarely,723,Sales,2,4,Marketing,2,Female,77,1,2,Sales Representative,4,Married,5405,4244,2,Yes,20,4,1,2,20,4,2,4,2,0,3,0.0,0.5,1.0,0.75,14.0,Recent,0,Mid,0,0,-1.4258327074014805,0.9509684964154019,2,Fast-track Performers
26,0,Travel_Rarely,572,Sales,10,3,Medical,3,Male,46,3,2,Sales Executive,4,Single,4684,9125,1,No,13,3,1,0,5,4,3,5,3,1,2,0.2,0.6,0.8,0.4,11.3,Recent,0,Mid,0,0,-1.0248165568156078,0.40550152162514147,2,Fast-track Performers
58,0,Travel_Frequently,1216,Research & Development,15,4,Life Sciences,1,Male,87,3,4,Research Director,3,Married,15787,21624,2,Yes,14,3,2,0,23,3,3,2,2,2,2,1.0,1.0,1.5,1.0,13.4,Moderate,0,Early,0,0,0.04838356831215848,-0.5287373638704107,2,Fast-track Performers
18,0,Non-Travel,1431,Research & Development,14,3,Medical,2,Female,33,3,1,Research Scientist,3,Single,1514,8018,1,No,16,3,3,0,0,4,1,0,0,0,0,0.0,0.0,0.0,0.0,10.6,Recent,0,Early,0,0,-2.726437981898463,0.2969971648213614,2,Fast-track Performers
31,1,Travel_Rarely,359,Human Resources,18,5,Human Resources,4,Male,89,4,1,Human Resources,1,Married,2956,21495,0,No,17,3,3,0,2,4,3,1,0,0,0,0.0,0.0,4.0,0.0,10.7,Recent,0,Early,0,0,-3.9603342670661337,0.17844987183042482,2,Fast-track Performers
29,1,Travel_Rarely,350,Human Resources,13,3,Human Resources,1,Male,56,2,1,Human Resources,1,Divorced,2335,3157,4,Yes,15,3,4,3,4,3,3,2,2,2,0,1.0,1.0,1.5,0.0,7.5,Moderate,0,Early,0,0,-1.0074663661782821,-2.2507256147665595,1,Fast-track Performers
45,0,Non-Travel,589,Sales,2,4,Life Sciences,3,Female,67,3,2,Sales Executive,3,Married,5154,19665,4,No,22,4,2,2,10,3,4,8,7,5,7,0.625,0.875,0.375,0.875,8.2,Delayed,0,Senior,1,1,1.8723891939431558,-0.7380602084864872,1,Stable Contributors
36,0,Travel_Rarely,430,Research & Development,2,4,Other,4,Female,73,3,2,Research Scientist,2,Married,6962,19573,4,Yes,22,4,4,1,15,2,3,1,0,0,0,0.0,0.0,2.0,0.0,12.2,Recent,0,Early,0,0,-3.1169870989649375,0.5925546580184646,2,Fast-track Performers
43,0,Travel_Frequently,1422,Sales,2,4,Life Sciences,1,Male,92,3,2,Sales Executive,4,Married,5675,19246,1,No,20,4,3,1,7,5,3,7,7,7,7,1.0,1.0,0.7142857142857143,1.0,8.0,Critical,0,Senior,1,1,2.248913147624489,-1.2605148971441698,2,Stable Contributors
27,0,Travel_Frequently,1297,Research & Development,5,2,Life Sciences,4,Female,53,3,1,Laboratory Technician,4,Single,2379,19826,0,Yes,14,3,3,0,6,3,2,5,4,0,2,0.0,0.8,0.6,0.4,9.4,Recent,0,Mid,0,0,-0.9545667127315438,-0.19775992451829685,2,Fast-track Performers
29,0,Travel_Frequently,574,Research & Development,20,1,Medical,4,Male,40,3,1,Laboratory Technician,4,Married,3812,7003,1,No,13,3,2,0,11,3,4,11,8,3,10,0.2727272727272727,0.7272727272727273,0.2727272727272727,0.9090909090909092,6.300000000000001,Moderate,0,Senior,0,1,1.9556928741448698,-0.41559268814606926,1,Stable Contributors
32,0,Travel_Frequently,1318,Sales,10,4,Marketing,4,Male,79,3,2,Sales Executive,4,Single,4648,26075,8,No,13,3,3,0,4,2,4,0,0,0,0,0.0,0.0,0.0,0.0,10.3,Recent,0,Early,0,0,-2.399010951888246,0.35230296605773287,2,Fast-track Performers
42,0,Non-Travel,355,Research & Development,10,4,Technical Degree,3,Male,38,3,1,Research Scientist,3,Married,2936,6161,3,No,22,4,2,2,10,1,2,6,3,3,3,0.5,0.5,0.1666666666666666,0.5,6.199999999999999,Moderate,1,Mid,0,0,0.139205582251967,-1.5940016714002991,1,Fast-track Performers
47,0,Travel_Rarely,207,Research & Development,9,4,Life Sciences,2,Female,64,3,1,Laboratory Technician,3,Single,2105,5411,4,No,12,3,3,0,7,2,3,2,2,2,0,1.0,1.0,1.0,0.0,6.199999999999999,Moderate,0,Early,0,0,-0.6949035704917649,-2.5783693479183665,1,Fast-track Performers
46,0,Travel_Rarely,706,Research & Development,2,2,Life Sciences,4,Male,82,3,3,Manufacturing Director,4,Divorced,8578,19989,3,No,14,3,3,1,12,4,2,9,8,4,7,0.4444444444444444,0.8888888888888888,0.4444444444444444,0.7777777777777778,10.4,Delayed,0,Senior,0,1,1.7097430772524607,0.5923031838968473,1,Stable Contributors
28,0,Non-Travel,280,Human Resources,1,2,Life Sciences,3,Male,43,3,1,Human Resources,4,Divorced,2706,10494,1,No,15,3,2,1,3,2,3,3,2,2,2,0.6666666666666666,0.6666666666666666,0.6666666666666666,0.6666666666666666,6.5,Moderate,0,Mid,0,0,-0.3056793510293703,-2.0405951575043253,1,Fast-track Performers
29,0,Travel_Rarely,726,Research & Development,29,1,Life Sciences,4,Male,93,1,2,Healthcare Representative,3,Divorced,6384,21143,8,No,17,3,4,2,11,3,3,7,0,1,6,0.1428571428571428,0.0,0.4285714285714285,0.8571428571428571,10.7,Recent,0,Senior,0,0,-0.6966786385057386,0.5679239385007875,2,Fast-track Performers
42,0,Travel_Rarely,1142,Research & Development,8,3,Life Sciences,4,Male,81,3,1,Laboratory Technician,3,Single,3968,13624,4,No,13,3,4,0,8,3,3,0,0,0,0,0.0,0.0,0.0,0.0,9.3,Recent,0,Early,0,0,-2.575223643209581,-0.05378028581937461,2,Fast-track Performers
32,1,Travel_Rarely,414,Sales,2,4,Marketing,3,Male,82,2,2,Sales Executive,2,Single,9907,26186,7,Yes,12,3,3,0,7,3,2,2,2,2,2,1.0,1.0,1.5,1.0,9.2,Moderate,0,Early,0,0,-0.03038506804153958,-1.9832889655736643,1,Fast-track Performers
46,0,Travel_Rarely,1319,Sales,3,3,Technical Degree,1,Female,45,4,4,Sales Executive,1,Divorced,13225,7739,2,No,12,3,4,1,25,5,3,19,17,2,8,0.1052631578947368,0.8947368421052632,0.2631578947368421,0.4210526315789473,15.2,Moderate,0,Veteran,0,1,2.638248984054302,3.6286171348235836,1,Stable Contributors
27,0,Travel_Rarely,728,Sales,23,1,Medical,2,Female,36,2,2,Sales Representative,3,Married,3540,7018,1,No,21,4,4,1,9,5,3,9,8,5,8,0.5555555555555556,0.8888888888888888,0.5555555555555556,0.8888888888888888,10.1,Delayed,0,Senior,1,1,1.8278683685323478,0.08623357999049416,1,Stable Contributors
29,0,Travel_Rarely,352,Human Resources,6,1,Medical,4,Male,87,2,1,Human Resources,2,Married,2804,15434,1,No,11,3,4,0,1,3,3,1,0,0,0,0.0,0.0,3.0,0.0,9.1,Recent,0,Early,0,0,-3.464844066065388,-0.17043749633177824,2,Fast-track Performers
43,0,Travel_Rarely,823,Research & Development,6,3,Medical,1,Female,81,2,5,Manager,3,Married,19392,22539,7,No,13,3,4,0,21,2,3,16,12,6,14,0.375,0.75,0.125,0.875,10.3,Delayed,0,Veteran,1,1,4.182209441077163,2.0920747374273923,1,Stable Contributors
48,0,Travel_Rarely,1224,Research & Development,10,3,Life Sciences,4,Male,91,2,5,Research Director,2,Married,19665,13583,4,No,12,3,4,0,29,3,3,22,10,12,9,0.5454545454545454,0.4545454545454545,0.1363636363636363,0.4090909090909091,5.199999999999999,Critical,0,Veteran,1,1,4.381806470860781,1.337723616302782,1,Stable Contributors
29,1,Travel_Frequently,459,Research & Development,24,2,Life Sciences,4,Male,73,2,1,Research Scientist,4,Single,2439,14753,1,Yes,24,4,2,0,1,3,2,1,0,1,0,1.0,0.0,3.0,0.0,10.4,Recent,0,Early,0,0,-2.7929906137720772,-1.3797666001926294,2,Fast-track Performers
46,1,Travel_Rarely,1254,Sales,10,3,Life Sciences,3,Female,64,3,3,Sales Executive,2,Married,7314,14011,5,No,21,4,3,3,14,2,3,8,7,0,7,0.0,0.875,0.25,0.875,14.1,Recent,0,Senior,0,1,0.7365941743454755,1.4793876857469734,1,Stable Contributors
27,0,Travel_Frequently,1131,Research & Development,15,3,Life Sciences,4,Female,77,2,1,Research Scientist,1,Married,4774,23844,0,No,19,3,4,1,8,2,2,7,6,7,3,1.0,0.8571428571428571,0.2857142857142857,0.4285714285714285,1.9000000000000004,Critical,0,Senior,1,1,1.752748861206068,-2.926723693099625,1,Stable Contributors
39,0,Travel_Rarely,835,Research & Development,19,4,Other,4,Male,41,3,2,Research Scientist,4,Divorced,3902,5141,8,No,14,3,2,3,7,2,3,2,2,2,2,1.0,1.0,1.0,1.0,8.4,Moderate,0,Early,0,0,0.2462128137839882,-2.2369704445599288,1,Fast-track Performers
55,0,Travel_Rarely,836,Research & Development,2,4,Technical Degree,2,Male,98,2,1,Research Scientist,4,Married,2662,7975,8,No,20,4,2,1,19,2,4,5,2,0,4,0.0,0.4,0.4,0.8,10.0,Recent,0,Mid,0,0,-0.8757200361109319,-0.20322111058684217,2,Fast-track Performers
28,0,Travel_Rarely,1172,Sales,3,3,Medical,2,Female,78,3,1,Sales Representative,2,Married,2856,3692,1,No,19,3,4,1,1,3,3,1,0,0,0,0.0,0.0,3.0,0.0,9.9,Recent,0,Early,0,0,-3.5223879282429706,-0.0520978896669107,2,Fast-track Performers
30,1,Travel_Rarely,945,Sales,9,3,Medical,2,Male,89,3,1,Sales Representative,4,Single,1081,16019,1,No,13,3,3,0,1,3,2,1,0,0,0,0.0,0.0,3.0,0.0,9.3,Recent,0,Early,0,0,-3.4792300316097835,-0.14085259466556121,2,Fast-track Performers
22,1,Travel_Rarely,391,Research & Development,7,1,Life Sciences,4,Male,75,3,1,Research Scientist,2,Single,2472,26092,1,Yes,23,4,1,0,1,2,3,1,0,0,0,0.0,0.0,2.0,0.0,10.3,Recent,0,Early,0,0,-3.170757382686182,-0.10513624116694503,2,Fast-track Performers
36,0,Travel_Rarely,1266,Sales,10,4,Technical Degree,2,Female,63,2,2,Sales Executive,3,Married,5673,6060,1,Yes,13,3,1,1,10,4,3,10,9,1,7,0.1,0.9,0.4,0.7,11.3,Recent,0,Senior,0,1,1.021226354684855,1.051264266251304,1,Stable Contributors
31,0,Travel_Rarely,311,Research & Development,20,3,Life Sciences,2,Male,89,3,2,Laboratory Technician,3,Divorced,4197,18624,1,No,11,3,1,1,10,2,3,10,8,0,2,0.0,0.8,0.2,0.2,10.1,Recent,0,Senior,0,0,0.011790242083433104,0.7379295653106226,2,Fast-track Performers
34,0,Travel_Rarely,1480,Sales,4,3,Life Sciences,3,Male,64,3,3,Sales Executive,4,Married,9713,24444,2,Yes,13,3,4,3,9,3,3,5,3,1,0,0.2,0.6,0.6,0.0,12.3,Recent,0,Mid,0,0,-1.2842529991379612,0.9140546556602005,2,Fast-track Performers
29,0,Travel_Rarely,592,Research & Development,7,3,Life Sciences,4,Male,59,3,1,Laboratory Technician,1,Single,2062,19384,3,No,14,3,2,0,11,2,3,3,2,1,2,0.3333333333333333,0.6666666666666666,0.6666666666666666,0.6666666666666666,7.4,Recent,0,Mid,0,0,-0.7050092856704724,-1.4090555564647262,2,Fast-track Performers
37,0,Travel_Rarely,783,Research & Development,7,4,Medical,4,Male,78,3,2,Research Scientist,1,Married,4284,13588,5,Yes,22,4,3,1,16,2,3,5,3,0,4,0.0,0.6,0.4,0.8,12.2,Recent,0,Mid,0,0,-0.5933142563871266,0.4647358376429234,2,Fast-track Performers
35,0,Travel_Rarely,219,Research & Development,16,2,Other,4,Female,44,2,2,Manufacturing Director,2,Married,4788,25388,0,Yes,11,3,4,0,4,2,3,3,2,0,2,0.0,0.6666666666666666,0.6666666666666666,0.6666666666666666,10.1,Recent,0,Mid,0,0,-1.0433759538181315,-0.09461750707282572,2,Fast-track Performers
45,0,Travel_Rarely,556,Research & Development,25,2,Life Sciences,2,Female,93,2,2,Manufacturing Director,4,Married,5906,23888,0,No,13,3,4,2,10,2,2,9,8,3,8,0.3333333333333333,0.8888888888888888,0.2222222222222222,0.8888888888888888,7.300000000000001,Moderate,0,Senior,0,1,1.927947458480972,-0.39329319479141356,1,Stable Contributors
36,0,Travel_Frequently,1213,Human Resources,2,1,Human Resources,2,Male,94,2,2,Human Resources,4,Single,3886,4223,1,No,21,4,4,0,10,2,2,10,1,0,8,0.0,0.1,0.2,0.8,12.1,Recent,0,Senior,0,0,-0.31438745748050295,1.1509223832279345,2,Fast-track Performers
40,0,Travel_Rarely,1137,Research & Development,1,4,Life Sciences,1,Male,98,3,4,Manager,1,Divorced,16823,18991,2,No,11,3,1,1,22,3,3,19,7,11,16,0.5789473684210527,0.3684210526315789,0.1578947368421052,0.8421052631578947,4.1,Critical,0,Veteran,1,1,4.665432869174447,0.679930903872357,1,Stable Contributors
26,0,Travel_Rarely,482,Research & Development,1,2,Life Sciences,2,Female,90,2,1,Research Scientist,3,Married,2933,14908,1,Yes,13,3,3,1,1,3,2,1,0,1,0,1.0,0.0,3.0,0.0,8.3,Recent,0,Early,0,0,-2.6419379755559222,-1.6904080676879065,2,Fast-track Performers
27,0,Travel_Rarely,511,Sales,2,2,Medical,1,Female,89,4,2,Sales Executive,3,Single,6500,26997,0,No,14,3,2,0,9,5,2,8,7,0,7,0.0,0.875,0.625,0.875,13.4,Recent,0,Senior,0,1,0.3023800666587004,1.4172826778731478,1,Stable Contributors
48,0,Travel_Frequently,117,Research & Development,22,3,Medical,4,Female,58,3,4,Manager,4,Divorced,17174,2437,3,No,11,3,2,1,24,3,3,22,17,4,7,0.1818181818181818,0.7727272727272727,0.1363636363636363,0.3181818181818182,11.1,Delayed,0,Veteran,0,1,3.302495235847062,2.7406088773522943,1,Stable Contributors
44,0,Travel_Rarely,170,Research & Development,1,4,Life Sciences,2,Male,78,4,2,Healthcare Representative,1,Married,5033,9364,2,No,15,3,4,1,10,5,3,2,0,2,2,1.0,0.0,2.5,1.0,11.5,Moderate,0,Early,0,0,-1.5435212133484846,-0.8560655957682188,2,Fast-track Performers
34,1,Non-Travel,967,Research & Development,16,4,Technical Degree,4,Male,85,1,1,Research Scientist,1,Married,2307,14460,1,Yes,23,4,2,1,5,2,3,5,2,3,0,0.6,0.4,0.4,0.0,7.300000000000001,Moderate,0,Mid,0,0,-0.936568748257448,-1.3694730706910974,1,Fast-track Performers
56,1,Travel_Rarely,1162,Research & Development,24,2,Life Sciences,1,Male,97,3,1,Laboratory Technician,4,Single,2587,10261,1,No,16,3,4,0,5,3,3,4,2,1,0,0.25,0.5,0.75,0.0,8.6,Recent,0,Mid,0,0,-1.6611887633566258,-0.5801836978580344,2,Fast-track Performers
36,0,Travel_Rarely,335,Sales,17,2,Marketing,3,Male,33,2,2,Sales Executive,2,Married,5507,16822,2,No,16,3,3,2,12,1,1,4,2,1,3,0.25,0.5,0.25,0.75,8.6,Recent,1,Mid,0,0,-0.3415253168941632,-0.6740546576679579,2,Fast-track Performers
41,0,Travel_Rarely,337,Sales,8,3,Marketing,3,Female,54,3,2,Sales Executive,2,Married,4393,26841,5,No,21,4,3,1,14,3,3,5,4,1,4,0.2,0.8,0.6,0.8,12.1,Recent,0,Mid,0,0,-0.2097125127819297,0.20729132685790463,2,Fast-track Performers
42,0,Travel_Rarely,1396,Research & Development,6,3,Medical,3,Male,83,3,3,Research Director,1,Married,13348,14842,9,No,13,3,2,1,18,3,4,13,7,5,7,0.3846153846153846,0.5384615384615384,0.2307692307692307,0.5384615384615384,8.3,Delayed,0,Senior,1,1,1.8085159370164459,0.6632819402680751,1,Stable Contributors
31,0,Travel_Rarely,1079,Sales,10,2,Medical,3,Female,86,3,2,Sales Executive,4,Divorced,6583,20115,2,Yes,11,3,4,1,8,2,3,5,2,1,4,0.2,0.4,0.4,0.8,9.1,Recent,0,Mid,0,0,-0.3721069728049382,-0.23748169404016434,2,Fast-track Performers
34,0,Travel_Rarely,735,Sales,3,1,Medical,4,Female,75,2,2,Sales Executive,4,Married,8103,16495,3,Yes,12,3,3,0,9,3,2,4,2,0,1,0.0,0.5,0.75,0.25,11.2,Recent,0,Mid,0,0,-1.6543606704782825,0.5343296960455367,2,Fast-track Performers
31,0,Travel_Rarely,471,Research & Development,4,3,Medical,1,Female,62,4,1,Laboratory Technician,3,Divorced,3978,16031,8,No,12,3,2,1,4,0,2,2,2,2,2,1.0,1.0,0.0,1.0,4.2,Moderate,1,Early,0,0,0.7959891731191839,-3.5455714575496273,1,Fast-track Performers
26,0,Travel_Frequently,1096,Research & Development,6,3,Other,3,Male,61,4,1,Laboratory Technician,4,Married,2544,7102,0,No,18,3,1,1,8,3,3,7,7,7,7,1.0,1.0,0.4285714285714285,1.0,2.8000000000000007,Critical,0,Senior,1,1,2.640121538970756,-2.7500885863062803,1,Stable Contributors
45,0,Travel_Frequently,1297,Research & Development,1,4,Medical,2,Male,44,3,2,Healthcare Representative,3,Single,5399,14511,4,No,12,3,3,0,12,3,3,4,2,0,3,0.0,0.5,0.75,0.75,11.2,Recent,0,Mid,0,0,-1.086049398630813,0.3898711420225037,2,Fast-track Performers
33,0,Travel_Rarely,217,Sales,10,4,Marketing,2,Male,43,3,2,Sales Executive,3,Single,5487,10410,1,No,14,3,2,0,10,2,2,10,4,0,9,0.0,0.4,0.2,0.9,10.4,Recent,0,Senior,0,1,0.5359277786148685,0.8657960945252549,2,Stable Contributors
28,0,Travel_Frequently,783,Sales,1,2,Life Sciences,3,Male,42,2,2,Sales Executive,4,Married,6834,19255,1,Yes,12,3,3,1,7,2,3,7,7,0,7,0.0,1.0,0.2857142857142857,1.0,10.2,Recent,0,Senior,0,1,0.9214695414554834,0.2917271149501204,1,Stable Contributors
29,1,Travel_Frequently,746,Sales,24,3,Technical Degree,3,Male,45,4,1,Sales Representative,1,Single,1091,10642,1,No,17,3,4,0,1,3,3,1,0,0,0,0.0,0.0,3.0,0.0,9.7,Recent,0,Early,0,0,-3.508001962698575,-0.08168279133312772,2,Fast-track Performers
39,0,Non-Travel,1251,Sales,21,4,Life Sciences,1,Female,32,1,2,Sales Executive,3,Married,5736,3987,6,No,19,3,3,1,10,1,3,3,2,1,2,0.3333333333333333,0.6666666666666666,0.3333333333333333,0.6666666666666666,8.9,Recent,1,Mid,0,0,-0.4571958702117028,-0.9135875720961238,2,Fast-track Performers
27,0,Travel_Rarely,1354,Research & Development,2,4,Technical Degree,2,Male,41,3,1,Research Scientist,2,Married,2226,6073,1,No,11,3,3,1,6,3,2,5,3,1,2,0.2,0.6,0.6,0.4,8.1,Recent,0,Mid,0,0,-0.8628331190489166,-0.633713341205433,2,Fast-track Performers
34,0,Travel_Frequently,735,Research & Development,22,4,Other,3,Male,86,2,2,Research Scientist,4,Married,5747,26496,1,Yes,15,3,2,0,16,3,3,15,10,6,11,0.4,0.6666666666666666,0.2,0.7333333333333333,5.5,Delayed,0,Veteran,1,1,3.1037869145861166,0.06045599525299868,1,Stable Contributors
28,1,Travel_Rarely,1475,Sales,13,2,Marketing,4,Female,84,3,2,Sales Executive,3,Single,9854,23352,3,Yes,11,3,4,0,6,0,3,2,0,2,2,1.0,0.0,0.0,1.0,6.1,Moderate,1,Early,0,0,-0.05983004541007568,-2.3315673023630605,1,Fast-track Performers
47,0,Non-Travel,1169,Research & Development,14,4,Technical Degree,3,Male,64,3,2,Research Scientist,2,Married,5467,2125,8,No,18,3,3,1,16,4,4,8,7,1,7,0.125,0.875,0.5,0.875,11.8,Recent,0,Senior,0,1,0.7154882017797307,0.811761079672957,1,Stable Contributors
56,0,Travel_Rarely,1443,Sales,11,5,Marketing,4,Female,89,2,2,Sales Executive,1,Married,5380,20328,4,No,16,3,3,1,6,3,3,0,0,0,0,0.0,0.0,0.0,0.0,11.6,Recent,0,Early,0,0,-2.550225290577128,0.7030804166984689,2,Fast-track Performers
39,0,Travel_Rarely,867,Research & Development,9,2,Medical,1,Male,87,3,2,Manufacturing Director,1,Married,5151,12315,1,No,25,4,4,1,10,3,3,10,0,7,9,0.7,0.0,0.3,0.9,6.5,Critical,0,Senior,1,1,1.2851620559821377,-0.7821646168691186,1,Stable Contributors
38,0,Travel_Frequently,1394,Research & Development,8,3,Medical,4,Female,58,2,2,Research Scientist,2,Divorced,2133,18115,1,Yes,16,3,3,1,20,3,3,20,11,0,7,0.0,0.55,0.15,0.35,11.6,Recent,0,Veteran,0,1,1.345595319912862,2.1395504551642697,1,Stable Contributors
58,0,Travel_Rarely,605,Sales,21,3,Life Sciences,4,Female,72,3,4,Manager,4,Married,17875,11761,4,Yes,13,3,3,1,29,2,2,1,0,0,0,0.0,0.0,2.0,0.0,14.3,Recent,0,Early,0,0,-2.8871658243950846,1.7364647922264413,2,Fast-track Performers
32,1,Travel_Frequently,238,Research & Development,5,2,Life Sciences,1,Female,47,4,1,Research Scientist,3,Single,2432,15318,3,Yes,14,3,1,0,8,2,3,4,1,0,3,0.0,0.25,0.5,0.75,8.4,Recent,0,Mid,0,0,-1.2210142083733204,-0.4830750215141729,2,Fast-track Performers
38,0,Travel_Rarely,1206,Research & Development,9,2,Life Sciences,2,Male,71,3,1,Research Scientist,4,Divorced,4771,14293,2,No,19,3,4,2,10,0,4,5,2,0,3,0.0,0.4,0.0,0.6,6.9,Recent,1,Mid,0,0,-0.6583419374954421,-0.9136230944615232,2,Fast-track Performers
49,0,Travel_Frequently,1064,Research & Development,2,1,Life Sciences,2,Male,42,3,5,Research Director,4,Married,19161,13738,3,No,15,3,4,0,28,3,3,5,4,4,3,0.8,0.8,0.6,0.6,13.5,Delayed,0,Mid,0,1,0.7561201252545678,0.7576082582365744,2,Stable Contributors
42,0,Travel_Rarely,419,Sales,12,4,Marketing,2,Male,77,3,2,Sales Executive,4,Divorced,5087,2900,3,Yes,12,3,3,2,14,4,3,0,0,0,0,0.0,0.0,0.0,0.0,12.2,Recent,0,Early,0,0,-2.6510887498606253,0.950310711507446,2,Fast-track Performers
27,1,Travel_Frequently,1337,Human Resources,22,3,Human Resources,1,Female,58,2,1,Human Resources,2,Married,2863,19555,1,No,12,3,1,0,1,2,3,1,0,0,0,0.0,0.0,2.0,0.0,8.2,Recent,0,Early,0,0,-3.0197047444700273,-0.41577770866222236,2,Fast-track Performers
35,0,Travel_Rarely,682,Sales,18,4,Medical,2,Male,71,3,2,Sales Executive,1,Married,5561,15975,0,No,16,3,4,1,6,2,1,5,3,0,4,0.0,0.6,0.4,0.8,10.6,Recent,0,Mid,0,0,-0.4782265320319613,0.22805662431318863,2,Fast-track Performers
28,0,Non-Travel,1103,Research & Development,16,3,Medical,3,Male,49,3,1,Research Scientist,3,Single,2144,2122,1,No,14,3,3,0,5,3,2,5,3,1,4,0.2,0.6,0.6,0.8,8.4,Recent,0,Mid,0,0,-0.3842235509227674,-0.6825523838684875,2,Fast-track Performers
31,0,Non-Travel,976,Research & Development,3,2,Medical,3,Male,48,3,1,Research Scientist,1,Divorced,3065,3995,1,Yes,13,3,4,1,4,3,4,4,2,2,3,0.5,0.5,0.75,0.75,7.300000000000001,Moderate,0,Mid,0,0,-0.43446613218559876,-1.3746780056209116,1,Fast-track Performers
36,0,Non-Travel,1351,Research & Development,9,4,Life Sciences,1,Male,66,4,1,Laboratory Technician,2,Married,2810,9238,1,No,22,4,2,0,5,3,3,5,4,0,2,0.0,0.8,0.6,0.4,11.2,Recent,0,Mid,0,0,-1.084040402631105,0.06850419047765477,2,Fast-track Performers
34,0,Travel_Rarely,937,Sales,1,3,Marketing,1,Male,32,3,3,Sales Executive,4,Single,9888,6770,1,No,21,4,1,0,14,3,2,14,8,2,1,0.1428571428571428,0.5714285714285714,0.2142857142857142,0.0714285714285714,13.1,Moderate,0,Senior,0,0,0.15387846723082244,1.8261641572845064,2,Fast-track Performers
34,0,Travel_Rarely,1239,Sales,13,4,Medical,4,Male,39,3,3,Sales Executive,3,Divorced,8628,22914,1,No,18,3,3,1,9,2,2,8,7,1,1,0.125,0.875,0.25,0.125,11.8,Recent,0,Senior,0,0,-0.09200263803478684,0.9720705627673195,2,Fast-track Performers
26,0,Travel_Rarely,157,Research & Development,1,3,Medical,3,Male,95,3,1,Laboratory Technician,1,Single,2867,20006,0,No,13,3,4,0,8,6,2,7,7,7,6,1.0,1.0,0.8571428571428571,0.8571428571428571,5.300000000000001,Critical,0,Senior,1,1,1.937714634869665,-1.9073524828058555,2,Stable Contributors
29,0,Travel_Rarely,136,Research & Development,1,3,Life Sciences,1,Male,89,3,2,Healthcare Representative,1,Married,5373,6225,0,No,12,3,1,1,6,5,2,5,3,0,2,0.0,0.6,1.0,0.4,13.2,Recent,0,Mid,0,0,-1.53216743689994,1.1535430495806522,2,Fast-track Performers
32,0,Non-Travel,1146,Research & Development,15,4,Medical,3,Female,34,3,2,Healthcare Representative,4,Divorced,6667,16542,5,No,18,3,2,1,9,6,3,5,1,1,2,0.2,0.2,1.2,0.4,13.8,Recent,0,Mid,0,0,-1.9495599056575899,1.2219796049923006,2,Fast-track Performers
31,0,Travel_Frequently,1125,Research & Development,1,3,Life Sciences,4,Male,48,1,2,Research Scientist,1,Married,5003,5771,1,No,21,4,2,0,10,6,3,10,8,8,7,0.8,0.8,0.6,0.7,8.100000000000001,Critical,0,Senior,1,1,2.1761975247482654,-0.3775890288180695,2,Stable Contributors
28,1,Travel_Rarely,1404,Research & Development,17,3,Technical Degree,3,Male,32,2,1,Laboratory Technician,4,Divorced,2367,18779,5,No,12,3,1,1,6,2,2,4,1,0,3,0.0,0.25,0.5,0.75,8.2,Recent,0,Mid,0,0,-1.2066282428289246,-0.5126599231803899,2,Fast-track Performers
38,0,Travel_Rarely,1404,Sales,1,3,Life Sciences,1,Male,59,2,1,Sales Representative,1,Single,2858,11473,4,No,14,3,1,0,20,3,2,1,0,0,0,0.0,0.0,3.0,0.0,9.4,Recent,0,Early,0,0,-3.4864230143819817,-0.12606014383245284,2,Fast-track Performers
35,0,Travel_Rarely,1224,Sales,7,4,Life Sciences,3,Female,55,3,2,Sales Executive,4,Married,5204,13586,1,Yes,11,3,4,0,10,2,3,10,8,0,9,0.0,0.8,0.2,0.9,10.1,Recent,0,Senior,0,1,1.285590761799947,0.7703672942668637,1,Stable Contributors
27,0,Travel_Rarely,954,Sales,9,3,Marketing,4,Male,44,3,2,Sales Executive,4,Single,4105,5099,1,No,14,3,1,0,7,5,3,7,7,0,7,0.0,1.0,0.7142857142857143,1.0,13.4,Recent,0,Senior,0,1,0.379878727367678,1.2206834103357735,1,Stable Contributors
32,0,Travel_Rarely,1373,Research & Development,5,4,Life Sciences,4,Male,56,2,2,Manufacturing Director,4,Single,9679,10138,8,No,24,4,2,0,8,1,3,1,0,0,0,0.0,0.0,1.0,0.0,11.4,Recent,1,Early,0,0,-2.6790407601417745,0.3620068965211292,2,Fast-track Performers
31,1,Travel_Frequently,754,Sales,26,4,Marketing,1,Male,63,3,2,Sales Executive,4,Married,5617,21075,1,Yes,11,3,3,0,10,4,3,10,7,0,8,0.0,0.7,0.4,0.8,12.1,Recent,0,Senior,0,1,0.5977880867225498,1.3820429042144173,1,Stable Contributors
53,1,Travel_Rarely,1168,Sales,24,4,Life Sciences,1,Male,66,3,3,Sales Executive,1,Single,10448,5843,6,Yes,13,3,2,0,15,2,2,2,2,2,2,1.0,1.0,1.0,1.0,10.3,Moderate,0,Early,0,0,0.29998309750523294,-1.539279545374519,1,Fast-track Performers
54,0,Travel_Rarely,155,Research & Development,9,2,Life Sciences,1,Female,67,3,2,Research Scientist,3,Married,2897,22474,3,No,11,3,3,2,9,6,2,4,3,2,3,0.5,0.75,1.5,0.75,12.1,Moderate,0,Mid,0,0,-0.7201205601853039,0.08793463670965733,2,Fast-track Performers
33,0,Travel_Frequently,1303,Research & Development,7,2,Life Sciences,4,Male,36,3,2,Healthcare Representative,3,Divorced,5968,18079,1,No,20,4,3,3,9,2,3,9,7,2,8,0.2222222222222222,0.7777777777777778,0.2222222222222222,0.8888888888888888,10.0,Moderate,0,Senior,0,1,1.353135489703149,0.22301540296904715,1,Stable Contributors
43,0,Travel_Rarely,574,Research & Development,11,3,Life Sciences,1,Male,30,3,3,Healthcare Representative,3,Married,7510,16873,1,No,17,3,2,1,10,1,3,10,9,0,9,0.0,0.9,0.1,0.9,11.7,Recent,1,Senior,0,1,1.6329362566047427,1.2570691327006414,1,Stable Contributors
38,0,Travel_Frequently,1444,Human Resources,1,4,Other,4,Male,88,3,1,Human Resources,2,Married,2991,5224,0,Yes,11,3,2,1,7,2,3,6,2,1,2,0.1666666666666666,0.3333333333333333,0.3333333333333333,0.3333333333333333,7.1,Recent,0,Mid,0,0,-0.9456912266146363,-0.6817125858356712,2,Fast-track Performers
55,0,Travel_Rarely,189,Human Resources,26,4,Human Resources,3,Male,71,4,5,Manager,2,Married,19636,25811,4,Yes,18,3,1,1,35,0,3,10,9,1,4,0.1,0.9,0.0,0.4,13.8,Recent,1,Senior,0,1,1.226699162308334,2.041681268059512,1,Stable Contributors
31,0,Travel_Rarely,1276,Research & Development,2,1,Medical,4,Female,59,1,1,Laboratory Technician,4,Divorced,1129,17536,1,Yes,11,3,3,3,1,4,3,1,0,0,0,0.0,0.0,4.0,0.0,10.1,Recent,0,Early,0,0,-3.917176370432947,0.08969516683177425,2,Fast-track Performers
39,0,Travel_Rarely,119,Sales,15,4,Marketing,2,Male,77,3,4,Sales Executive,1,Single,13341,25098,0,No,12,3,1,0,21,3,3,20,8,11,10,0.55,0.4,0.15,0.5,4.199999999999999,Critical,0,Veteran,1,1,3.9253857238959515,0.6552953208195076,1,Stable Contributors
42,0,Non-Travel,335,Research & Development,23,2,Life Sciences,4,Male,37,2,2,Research Scientist,3,Single,4332,14811,1,No,12,3,4,0,20,2,3,20,9,3,7,0.15,0.45,0.1,0.35,7.199999999999999,Moderate,0,Veteran,0,1,1.89462700571468,0.953084914151313,1,Stable Contributors
31,0,Non-Travel,697,Research & Development,10,3,Medical,3,Female,40,3,3,Research Director,3,Married,11031,26862,4,No,20,4,3,1,13,2,4,11,7,4,8,0.3636363636363636,0.6363636363636364,0.1818181818181818,0.7272727272727273,10.0,Delayed,0,Senior,0,1,1.8080391810639151,0.6293655890877962,1,Stable Contributors
54,0,Travel_Rarely,157,Research & Development,10,3,Medical,3,Female,77,3,2,Manufacturing Director,1,Single,4440,25198,6,Yes,19,3,4,0,9,3,3,5,2,1,4,0.2,0.4,0.6,0.8,10.9,Recent,0,Mid,0,0,-0.6238256081538635,0.17800452377054238,2,Fast-track Performers
24,0,Travel_Rarely,771,Research & Development,1,2,Life Sciences,2,Male,45,2,2,Healthcare Representative,3,Single,4617,14120,1,No,12,3,2,0,4,2,2,4,3,1,2,0.25,0.75,0.5,0.5,9.2,Recent,0,Mid,0,0,-0.522907478480042,-0.47094746880449995,2,Fast-track Performers
23,0,Travel_Rarely,571,Research & Development,12,2,Other,4,Male,78,3,1,Laboratory Technician,4,Single,2647,13672,1,No,13,3,3,0,5,6,4,5,2,1,4,0.2,0.4,1.2,0.8,11.3,Recent,0,Mid,0,0,-1.2097693319837506,0.2682063021908908,2,Fast-track Performers
40,0,Travel_Frequently,692,Research & Development,11,3,Technical Degree,4,Female,73,3,2,Laboratory Technician,3,Married,6323,26849,1,No,11,3,1,1,10,2,4,10,9,9,4,0.9,0.9,0.2,0.4,1.0999999999999996,Critical,0,Senior,1,1,2.8595377264357738,-2.237400064303228,1,Stable Contributors
40,0,Travel_Rarely,444,Sales,2,2,Marketing,2,Female,92,3,2,Sales Executive,2,Married,5677,4258,3,No,14,3,3,1,15,4,3,11,8,5,10,0.4545454545454545,0.7272727272727273,0.3636363636363636,0.9090909090909092,7.4,Delayed,0,Senior,1,1,2.335864907401506,-0.021897262514879515,1,Stable Contributors
25,0,Travel_Rarely,309,Human Resources,2,3,Human Resources,3,Female,82,3,1,Human Resources,2,Married,2187,19655,4,No,14,3,3,0,6,3,3,2,0,1,2,0.5,0.0,1.5,1.0,8.4,Recent,0,Early,0,0,-1.515153038858927,-1.2777362507646917,2,Fast-track Performers
30,0,Travel_Rarely,911,Research & Development,1,2,Medical,4,Male,76,3,1,Laboratory Technician,2,Married,3748,4077,1,No,13,3,3,0,12,6,2,12,8,1,7,0.0833333333333333,0.6666666666666666,0.5,0.5833333333333334,11.3,Recent,0,Senior,0,1,0.4480859228048937,1.2273382493521379,1,Stable Contributors
25,0,Travel_Rarely,977,Research & Development,2,1,Other,4,Male,57,3,1,Laboratory Technician,3,Divorced,3977,7298,6,Yes,19,3,3,1,7,2,2,2,2,0,2,0.0,1.0,1.0,1.0,8.9,Recent,0,Early,0,0,-0.8647598051729284,-1.1312157260926707,2,Fast-track Performers
47,0,Travel_Rarely,1180,Research & Development,25,3,Medical,1,Male,84,3,3,Healthcare Representative,3,Single,8633,13084,2,No,23,4,2,0,25,3,3,17,14,12,11,0.7058823529411765,0.8235294117647058,0.1764705882352941,0.6470588235294118,3.3000000000000007,Critical,0,Veteran,1,1,5.004637020714269,-0.29667171751933324,1,Stable Contributors
33,0,Non-Travel,1313,Research & Development,1,2,Medical,2,Male,59,2,1,Laboratory Technician,3,Divorced,2008,20439,1,No,12,3,3,3,1,2,2,1,1,0,0,0.0,1.0,2.0,0.0,8.2,Recent,0,Early,0,0,-2.223942815334612,-0.9806765442388156,2,Fast-track Performers
38,0,Travel_Rarely,1321,Sales,1,4,Life Sciences,4,Male,86,3,2,Sales Executive,2,Married,4440,7636,0,No,15,3,1,2,16,3,3,15,13,5,8,0.3333333333333333,0.8666666666666667,0.2,0.5333333333333333,6.5,Delayed,0,Veteran,1,1,2.8696494901331646,0.30341449166271284,1,Stable Contributors
31,0,Travel_Rarely,1154,Sales,2,2,Life Sciences,1,Male,54,3,1,Sales Representative,3,Married,3067,6393,0,No,19,3,3,1,3,1,3,2,2,1,2,0.5,1.0,0.5,1.0,6.9,Recent,1,Early,0,0,-0.059560755729564596,-2.2866200139052695,2,Fast-track Performers
38,0,Travel_Frequently,508,Research & Development,6,4,Life Sciences,1,Male,72,2,2,Manufacturing Director,3,Married,5321,14284,2,No,11,3,4,1,10,1,3,8,3,7,7,0.875,0.375,0.125,0.875,2.1,Critical,1,Senior,1,1,2.110924494108436,-2.2656845897727442,1,Stable Contributors
42,0,Travel_Rarely,557,Research & Development,18,4,Life Sciences,4,Male,35,3,2,Research Scientist,1,Divorced,5410,11189,6,Yes,17,3,3,1,9,3,2,4,3,1,2,0.25,0.75,0.75,0.5,10.7,Recent,0,Mid,0,0,-0.7691820112121373,-0.10215197524201153,2,Fast-track Performers
41,0,Travel_Rarely,642,Research & Development,1,3,Life Sciences,4,Male,76,3,1,Research Scientist,4,Married,2782,21412,3,No,22,4,1,1,12,3,3,5,3,1,0,0.2,0.6,0.6,0.0,10.2,Recent,0,Mid,0,0,-1.514074273707814,-0.22985547854777605,2,Fast-track Performers
47,0,Non-Travel,1162,Research & Development,1,1,Medical,3,Female,98,3,3,Research Director,2,Married,11957,17231,0,No,18,3,1,2,14,3,1,13,8,5,12,0.3846153846153846,0.6153846153846154,0.2307692307692307,0.9230769230769232,8.8,Delayed,0,Senior,1,1,2.7700894199652635,0.8209340394646584,1,Stable Contributors
35,0,Travel_Rarely,1490,Research & Development,11,4,Medical,4,Male,43,3,1,Laboratory Technician,3,Married,2660,20232,7,Yes,11,3,3,1,5,3,3,2,2,2,2,1.0,1.0,1.5,1.0,7.1,Moderate,0,Early,0,0,-0.06976938621838867,-2.7105647664252914,1,Fast-track Performers
22,0,Travel_Rarely,581,Research & Development,1,2,Life Sciences,4,Male,63,3,1,Research Scientist,3,Single,3375,17624,0,No,12,3,4,0,4,2,4,3,2,1,2,0.3333333333333333,0.6666666666666666,0.6666666666666666,0.6666666666666666,7.199999999999999,Recent,0,Mid,0,0,-0.6906233201260766,-1.4386404581309433,2,Fast-track Performers
35,0,Travel_Rarely,1395,Research & Development,9,4,Medical,2,Male,48,3,2,Research Scientist,3,Single,5098,18698,1,No,19,3,2,0,10,5,3,10,7,0,8,0.0,0.7,0.5,0.8,13.9,Recent,0,Senior,0,1,0.3783391427731516,1.80215586552291,1,Stable Contributors
33,0,Travel_Rarely,501,Research & Development,15,2,Medical,2,Female,95,3,2,Healthcare Representative,4,Married,4878,21653,0,Yes,13,3,1,1,10,6,3,9,7,8,1,0.8888888888888888,0.7777777777777778,0.6666666666666666,0.1111111111111111,6.300000000000001,Critical,0,Senior,1,1,1.0642681268441698,-0.8875473585087938,2,Stable Contributors
32,0,Travel_Rarely,267,Research & Development,29,4,Life Sciences,3,Female,49,2,1,Laboratory Technician,2,Single,2837,15919,1,No,13,3,3,0,6,3,3,6,2,4,1,0.6666666666666666,0.3333333333333333,0.5,0.1666666666666666,5.300000000000001,Delayed,0,Mid,0,0,-0.474390176357516,-1.585489936985942,1,Fast-track Performers
40,0,Travel_Rarely,543,Research & Development,1,4,Life Sciences,1,Male,83,3,1,Laboratory Technician,4,Married,2406,4060,8,No,19,3,3,2,8,3,2,1,0,0,0,0.0,0.0,3.0,0.0,9.9,Recent,0,Early,0,0,-3.5223879282429706,-0.0520978896669107,2,Fast-track Performers
32,0,Travel_Rarely,234,Sales,1,4,Medical,2,Male,68,2,1,Sales Representative,2,Married,2269,18024,0,No,14,3,2,1,3,2,3,2,2,2,2,1.0,1.0,1.0,1.0,6.4,Moderate,0,Early,0,0,0.19963551283494124,-2.9494537945784476,1,Fast-track Performers
39,0,Travel_Rarely,116,Research & Development,24,1,Life Sciences,1,Male,52,3,2,Research Scientist,4,Single,4108,5340,7,No,13,3,1,0,18,2,3,7,7,1,7,0.1428571428571428,1.0,0.2857142857142857,1.0,9.3,Recent,0,Senior,0,1,1.1977225793421393,-0.08174865147529636,1,Stable Contributors
38,0,Travel_Rarely,201,Research & Development,10,3,Medical,2,Female,99,1,3,Research Director,3,Married,13206,3376,3,No,12,3,1,1,20,3,3,18,16,1,11,0.0555555555555555,0.8888888888888888,0.1666666666666666,0.6111111111111112,12.2,Recent,0,Veteran,0,1,2.947942254179419,2.5433742823100083,1,Stable Contributors
32,0,Travel_Rarely,801,Sales,1,4,Marketing,3,Female,48,3,3,Sales Executive,4,Married,10422,24032,1,No,19,3,3,2,14,3,3,14,10,5,7,0.3571428571428571,0.7142857142857143,0.2142857142857142,0.5,8.9,Delayed,0,Senior,1,1,2.2521923040641387,0.8993499064482073,1,Stable Contributors
37,0,Travel_Rarely,161,Research & Development,10,3,Life Sciences,3,Female,42,4,3,Research Director,4,Married,13744,15471,1,Yes,25,4,1,1,16,2,3,16,11,6,8,0.375,0.6875,0.125,0.5,8.5,Delayed,0,Veteran,1,1,2.8358079305851227,0.839200526977059,1,Stable Contributors
25,0,Travel_Rarely,1382,Sales,8,2,Other,1,Female,85,3,2,Sales Executive,3,Divorced,4907,13684,0,Yes,22,4,2,1,6,3,2,5,3,0,4,0.0,0.6,0.6,0.8,13.2,Recent,0,Mid,0,0,-0.7874890295584692,0.7618824487887627,2,Fast-track Performers
52,0,Non-Travel,585,Sales,29,4,Life Sciences,1,Male,40,3,1,Sales Representative,4,Divorced,3482,19788,2,No,15,3,2,2,16,3,2,9,8,0,0,0.0,0.8888888888888888,0.3333333333333333,0.0,9.5,Recent,0,Senior,0,0,-0.6036316075431537,0.26931725877573964,2,Fast-track Performers
44,0,Travel_Rarely,1037,Research & Development,1,3,Medical,2,Male,42,3,1,Research Scientist,4,Single,2436,13422,6,Yes,12,3,3,0,6,2,3,4,3,1,2,0.25,0.75,0.5,0.5,7.199999999999999,Recent,0,Mid,0,0,-0.5694847794290889,-1.1834308188230183,2,Fast-track Performers
21,0,Travel_Rarely,501,Sales,5,1,Medical,3,Male,58,3,1,Sales Representative,1,Single,2380,25479,1,Yes,11,3,4,0,2,6,3,2,2,1,2,0.5,1.0,3.0,1.0,11.1,Recent,0,Early,0,0,-1.456936130401599,-0.9886277173077288,2,Fast-track Performers
39,0,Non-Travel,105,Research & Development,9,3,Life Sciences,4,Male,87,3,5,Manager,4,Single,19431,15302,2,No,13,3,3,0,21,3,2,6,0,1,3,0.1666666666666666,0.0,0.5,0.5,16.3,Recent,0,Mid,0,0,-1.1847661228848345,2.574290742821885,2,Fast-track Performers
23,1,Travel_Frequently,638,Sales,9,3,Marketing,4,Male,33,3,1,Sales Representative,1,Married,1790,26956,1,No,19,3,1,1,1,3,2,1,0,1,0,1.0,0.0,3.0,0.0,8.9,Recent,0,Early,0,0,-2.6850958721891094,-1.601653362689256,2,Fast-track Performers
36,0,Travel_Rarely,557,Sales,3,3,Medical,1,Female,94,2,3,Sales Executive,4,Married,7644,12695,0,No,19,3,3,2,10,2,3,9,7,3,4,0.3333333333333333,0.7777777777777778,0.2222222222222222,0.4444444444444444,9.9,Moderate,0,Senior,0,1,0.9836060142330273,0.43176266337631575,2,Stable Contributors
36,0,Travel_Frequently,688,Research & Development,4,2,Life Sciences,4,Female,97,3,2,Manufacturing Director,2,Divorced,5131,9192,7,No,13,3,2,3,18,3,3,4,2,0,2,0.0,0.5,0.75,0.5,11.3,Recent,0,Mid,0,0,-1.3773980173267457,0.4768928698671288,2,Fast-track Performers
56,0,Non-Travel,667,Research & Development,1,4,Life Sciences,3,Male,57,3,2,Healthcare Representative,3,Divorced,6306,26236,1,No,21,4,1,1,13,2,2,13,12,1,9,0.0769230769230769,0.9230769230769232,0.1538461538461538,0.6923076923076923,11.1,Recent,0,Senior,0,1,1.9874753022864107,1.1498658572917198,1,Stable Contributors
29,1,Travel_Rarely,1092,Research & Development,1,4,Medical,1,Male,36,3,1,Research Scientist,4,Married,4787,26124,9,Yes,14,3,2,3,4,3,4,2,2,2,2,1.0,1.0,1.5,1.0,7.4,Moderate,0,Early,0,0,-0.09134833453498228,-2.666187413925966,1,Fast-track Performers
42,0,Travel_Rarely,300,Research & Development,2,3,Life Sciences,1,Male,56,3,5,Manager,3,Married,18880,17312,5,No,11,3,1,0,24,2,2,22,6,4,14,0.1818181818181818,0.2727272727272727,0.0909090909090909,0.6363636363636364,12.1,Delayed,0,Veteran,0,1,2.9140009400632407,3.1491856349442515,1,Stable Contributors
56,1,Travel_Rarely,310,Research & Development,7,2,Technical Degree,4,Male,72,3,1,Laboratory Technician,3,Married,2339,3666,8,No,11,3,4,1,14,4,1,10,9,9,8,0.9,0.9,0.4,0.8,1.0999999999999996,Critical,0,Senior,1,1,3.2170362732096756,-2.327800859916644,1,Stable Contributors
41,0,Travel_Rarely,582,Research & Development,28,4,Life Sciences,1,Female,60,2,4,Manufacturing Director,2,Married,13570,5640,0,No,23,4,3,1,21,3,3,20,7,0,10,0.0,0.35,0.15,0.5,17.3,Recent,0,Veteran,0,1,1.168502426362018,3.835108506222178,1,Stable Contributors
34,0,Travel_Rarely,704,Sales,28,3,Marketing,4,Female,95,2,2,Sales Executive,3,Married,6712,8978,1,No,21,4,4,2,8,2,3,8,7,1,7,0.125,0.875,0.25,0.875,11.1,Recent,0,Senior,0,1,0.961924434984553,0.4028296029650093,1,Stable Contributors
36,0,Non-Travel,301,Sales,15,4,Marketing,4,Male,88,1,2,Sales Executive,4,Divorced,5406,10436,1,No,24,4,1,1,15,4,2,15,12,11,11,0.7333333333333333,0.8,0.2666666666666666,0.7333333333333333,3.4000000000000004,Critical,0,Veteran,1,1,4.305627760760649,-0.7650120163753811,1,Stable Contributors
41,0,Travel_Rarely,930,Sales,3,3,Life Sciences,3,Male,57,2,2,Sales Executive,2,Divorced,8938,12227,2,No,11,3,3,1,14,5,3,5,4,0,4,0.0,0.8,1.0,0.8,13.1,Recent,0,Mid,0,0,-0.7745714933658454,0.9714229001301945,2,Fast-track Performers
32,0,Travel_Rarely,529,Research & Development,2,3,Technical Degree,4,Male,78,3,1,Research Scientist,1,Single,2439,11288,1,No,14,3,4,0,4,4,3,4,2,1,2,0.25,0.5,1.0,0.5,9.4,Recent,0,Mid,0,0,-1.2888011448358667,-0.45939391415033787,2,Fast-track Performers
35,0,Travel_Rarely,1146,Human Resources,26,4,Life Sciences,3,Female,31,3,3,Human Resources,4,Single,8837,16642,1,Yes,16,3,3,0,9,2,3,9,0,1,7,0.1111111111111111,0.0,0.2222222222222222,0.7777777777777778,11.6,Recent,0,Senior,0,0,-0.27924575275319036,1.2117771194976747,2,Fast-track Performers
38,0,Travel_Rarely,345,Sales,10,2,Life Sciences,1,Female,100,3,2,Sales Executive,4,Married,5343,5982,1,No,11,3,3,1,10,1,3,10,7,1,9,0.1,0.7,0.1,0.9,8.1,Recent,1,Senior,0,1,1.5212285537437442,0.1511529470926709,1,Stable Contributors
50,1,Travel_Frequently,878,Sales,1,4,Life Sciences,2,Male,94,3,2,Sales Executive,3,Divorced,6728,14255,7,No,12,3,4,2,12,3,3,6,3,0,1,0.0,0.5,0.5,0.1666666666666666,11.2,Recent,0,Mid,0,0,-1.3884591245304327,0.7406439255907588,2,Fast-track Performers
36,0,Travel_Rarely,1120,Sales,11,4,Marketing,2,Female,100,2,2,Sales Executive,4,Married,6652,14369,4,No,13,3,1,1,8,2,2,6,3,0,0,0.0,0.5,0.3333333333333333,0.0,10.3,Recent,0,Mid,0,0,-1.4396205710175933,0.4862749954064051,2,Fast-track Performers
45,0,Travel_Rarely,374,Sales,20,3,Life Sciences,4,Female,50,3,2,Sales Executive,3,Single,4850,23333,8,No,15,3,3,0,8,3,3,5,3,0,1,0.0,0.6,0.6,0.2,11.5,Recent,0,Mid,0,0,-1.4154910970952197,0.6502353773694893,2,Fast-track Performers
40,0,Travel_Rarely,1322,Research & Development,2,4,Life Sciences,3,Male,52,2,1,Research Scientist,3,Single,2809,2725,2,No,14,3,4,0,8,2,3,2,2,2,2,1.0,1.0,1.0,1.0,6.4,Moderate,0,Early,0,0,0.19963551283494124,-2.9494537945784476,1,Fast-track Performers
35,0,Travel_Frequently,1199,Research & Development,18,4,Life Sciences,3,Male,80,3,2,Healthcare Representative,3,Married,5689,24594,1,Yes,14,3,4,2,10,2,4,10,2,0,2,0.0,0.2,0.2,0.2,10.4,Recent,0,Senior,0,0,-1.1019147585358873,0.8588840894485467,2,Fast-track Performers
40,0,Travel_Rarely,1194,Research & Development,2,4,Medical,3,Female,98,3,1,Research Scientist,3,Married,2001,12549,2,No,14,3,2,3,20,2,3,5,3,0,2,0.0,0.6,0.4,0.4,8.4,Recent,0,Mid,0,0,-1.0106063838793553,-0.4207952322091666,2,Fast-track Performers
35,0,Travel_Rarely,287,Research & Development,1,4,Life Sciences,3,Female,62,1,1,Research Scientist,4,Married,2977,8952,1,No,12,3,4,1,4,5,3,4,3,1,1,0.25,0.75,1.25,0.25,10.2,Recent,0,Mid,0,0,-1.4845692719661414,-0.2267018236206631,2,Fast-track Performers
29,0,Travel_Rarely,1378,Research & Development,13,2,Other,4,Male,46,2,2,Laboratory Technician,2,Married,4025,23679,4,Yes,13,3,1,1,10,2,3,4,3,0,3,0.0,0.75,0.5,0.75,10.3,Recent,0,Mid,0,0,-0.5986216004117352,0.005044829246095314,2,Fast-track Performers
29,0,Travel_Rarely,468,Research & Development,28,4,Medical,4,Female,73,2,1,Research Scientist,1,Single,3785,8489,1,No,14,3,2,0,5,3,1,5,4,0,4,0.0,0.8,0.6,0.8,9.4,Recent,0,Mid,0,0,-0.454378196288801,-0.2909763196806768,2,Fast-track Performers
50,1,Travel_Rarely,410,Sales,28,3,Marketing,4,Male,39,2,3,Sales Executive,1,Divorced,10854,16586,4,Yes,13,3,2,1,20,3,3,3,2,2,0,0.6666666666666666,0.6666666666666666,1.0,0.0,11.3,Moderate,0,Mid,0,0,-1.117189009479606,-0.12437358719392635,2,Fast-track Performers
39,0,Travel_Rarely,722,Sales,24,1,Marketing,2,Female,60,2,4,Sales Executive,4,Married,12031,8828,0,No,11,3,1,1,21,2,2,20,9,9,6,0.45,0.45,0.1,0.3,5.1,Critical,0,Veteran,1,1,3.1877406662170564,0.758231535340782,1,Stable Contributors
31,0,Non-Travel,325,Research & Development,5,3,Medical,2,Male,74,3,2,Manufacturing Director,1,Single,9936,3787,0,No,19,3,2,0,10,2,3,9,4,1,7,0.1111111111111111,0.4444444444444444,0.2222222222222222,0.7777777777777778,9.9,Recent,0,Senior,0,0,0.41099022645055705,0.46535370021265926,2,Fast-track Performers
26,0,Travel_Rarely,1167,Sales,5,3,Other,4,Female,30,2,1,Sales Representative,3,Single,2966,21378,0,No,18,3,4,0,5,2,3,4,2,0,0,0.0,0.5,0.5,0.0,8.8,Recent,0,Mid,0,0,-1.8179418851131453,-0.3120029113597606,2,Fast-track Performers
36,0,Travel_Frequently,884,Research & Development,23,2,Medical,3,Male,41,4,2,Laboratory Technician,4,Married,2571,12290,4,No,17,3,3,1,17,3,3,5,2,0,3,0.0,0.4,0.6,0.6,11.7,Recent,0,Mid,0,0,-1.1799029905160265,0.6607151873282956,2,Fast-track Performers
39,0,Travel_Rarely,613,Research & Development,6,1,Medical,4,Male,42,2,3,Healthcare Representative,1,Married,9991,21457,4,No,15,3,1,1,9,5,3,7,7,1,7,0.1428571428571428,1.0,0.7142857142857143,1.0,14.5,Recent,0,Senior,0,1,0.702709066203381,1.5596909939288748,1,Stable Contributors
27,0,Travel_Rarely,155,Research & Development,4,3,Life Sciences,2,Male,87,4,2,Manufacturing Director,2,Married,6142,5174,1,Yes,20,4,2,1,6,0,3,6,2,0,3,0.0,0.3333333333333333,0.0,0.5,10.0,Recent,1,Mid,0,0,-0.7403881392610452,0.10544833067936442,2,Fast-track Performers
49,0,Travel_Frequently,1023,Sales,2,3,Medical,4,Male,63,2,2,Sales Executive,2,Married,5390,13243,2,No,14,3,4,0,17,3,2,9,6,0,8,0.0,0.6666666666666666,0.3333333333333333,0.8888888888888888,11.4,Recent,0,Senior,0,1,0.5872681448363123,0.9976899734258514,1,Stable Contributors
34,0,Travel_Rarely,628,Research & Development,8,3,Medical,2,Male,82,4,2,Laboratory Technician,3,Married,4404,10228,2,No,12,3,1,0,6,3,4,4,3,1,2,0.25,0.75,0.75,0.5,10.2,Recent,0,Mid,0,0,-0.733217097351148,-0.17611422940755364,2,Fast-track Performers
